2025-09-14 11:04:38,047 [INFO] Activator:176 - 


2025-09-14 11:04:38,055 [INFO] Activator:177 - !SESSION log4j initialized
2025-09-14 11:04:44,601 [INFO] LogOutputStream:77 - [STDOUT_REDIRECT] 
2025-09-14 11:04:46,306 [INFO] ApplicationProperties:184 - Using Application install path: C:\ST\STM32CubeIDE_1.19.0\STM32CubeIDE\plugins\com.st.stm32cube.common.mx_6.15.0.202507011659
2025-09-14 11:04:46,328 [INFO] DbMcusXml:78 - Set database path to: C:\ST\STM32CubeIDE_1.19.0\STM32CubeIDE\plugins\com.st.stm32cube.common.mx_6.15.0.202507011659\\db\/mcu/
2025-09-14 11:04:46,328 [INFO] ApiDb:274 - Set plugin database path to: C:\ST\STM32CubeIDE_1.19.0\STM32CubeIDE\plugins\com.st.stm32cube.common.mx_6.15.0.202507011659\\db\/plugins/boardmanager/
2025-09-14 11:04:46,330 [WARN] ApiDb:259 - Overriding images path with different value:  => C:\ST\STM32CubeIDE_1.19.0\STM32CubeIDE\plugins\com.st.stm32cube.common.mx_6.15.0.202507011659\\db\/plugins/mcufinder/images/
2025-09-14 11:04:46,338 [INFO] ApiDb:250 - Set database path to: C:\Users\fervi\.stmcufinder\plugins\mcufinder//mcu/
2025-09-14 11:04:46,340 [INFO] DbMcusAds:125 - Set database path to: C:\Users\fervi\.stmcufinder\plugins\mcufinder//mcu/
2025-09-14 11:04:46,342 [INFO] CrossReferenceDbSqlite:203 - Set database path to: C:\Users\fervi\.stmcufinder\plugins\mcufinder//mcu/cs/
2025-09-14 11:04:46,457 [INFO] RulesReader:64 - Compatibility file has been processed (317 Rules)
2025-09-14 11:04:46,547 [INFO] DbMcusXml:78 - Set database path to: C:\ST\STM32CubeIDE_1.19.0\STM32CubeIDE\plugins\com.st.stm32cube.common.mx_6.15.0.202507011659\\db\/mcu/
2025-09-14 11:04:46,547 [INFO] ApiDb:274 - Set plugin database path to: C:\ST\STM32CubeIDE_1.19.0\STM32CubeIDE\plugins\com.st.stm32cube.common.mx_6.15.0.202507011659\\db\/plugins/boardmanager/
2025-09-14 11:04:46,547 [INFO] ApiDb:261 - Set plugin images path to: C:\ST\STM32CubeIDE_1.19.0\STM32CubeIDE\plugins\com.st.stm32cube.common.mx_6.15.0.202507011659\\db\/plugins/mcufinder/images/
2025-09-14 11:04:46,547 [WARN] DbFile:41 - Overriding database path with different value: C:\Users\fervi\.stmcufinder\plugins\mcufinder/ => C:\Users\fervi\.stmcufinder\plugins\mcufinder
2025-09-14 11:04:46,549 [INFO] ApiDb:250 - Set database path to: C:\Users\fervi\.stmcufinder\plugins\mcufinder//mcu/
2025-09-14 11:04:46,549 [WARN] DbFile:41 - Overriding database path with different value: C:\Users\fervi\.stmcufinder\plugins\mcufinder/ => C:\Users\fervi\.stmcufinder\plugins\mcufinder
2025-09-14 11:04:46,549 [INFO] DbMcusAds:125 - Set database path to: C:\Users\fervi\.stmcufinder\plugins\mcufinder//mcu/
2025-09-14 11:04:46,549 [WARN] DbFile:41 - Overriding database path with different value: C:\Users\fervi\.stmcufinder\plugins\mcufinder/ => C:\Users\fervi\.stmcufinder\plugins\mcufinder
2025-09-14 11:04:46,549 [WARN] DbFile:41 - Overriding database path with different value: C:\Users\fervi\.stmcufinder\plugins\mcufinder/ => C:\Users\fervi\.stmcufinder\plugins\mcufinder
2025-09-14 11:04:46,549 [INFO] CrossReferenceDbSqlite:203 - Set database path to: C:\Users\fervi\.stmcufinder\plugins\mcufinder//mcu/cs/
2025-09-14 11:04:46,654 [INFO] MainPanel:274 - HeapMemory: 268435456
2025-09-14 11:04:46,791 [INFO] DbMcusXml:78 - Set database path to: C:\ST\STM32CubeIDE_1.19.0\STM32CubeIDE\plugins\com.st.stm32cube.common.mx_6.15.0.202507011659\\db\/mcu/
2025-09-14 11:04:46,791 [INFO] ApiDb:274 - Set plugin database path to: C:\ST\STM32CubeIDE_1.19.0\STM32CubeIDE\plugins\com.st.stm32cube.common.mx_6.15.0.202507011659\\db\/plugins/boardmanager/
2025-09-14 11:04:46,791 [INFO] ApiDb:261 - Set plugin images path to: C:\ST\STM32CubeIDE_1.19.0\STM32CubeIDE\plugins\com.st.stm32cube.common.mx_6.15.0.202507011659\\db\/plugins/mcufinder/images/
2025-09-14 11:04:46,791 [WARN] DbFile:41 - Overriding database path with different value: C:\Users\fervi\.stmcufinder\plugins\mcufinder/ => C:\Users\fervi\.stmcufinder\plugins\mcufinder
2025-09-14 11:04:46,791 [INFO] ApiDb:250 - Set database path to: C:\Users\fervi\.stmcufinder\plugins\mcufinder//mcu/
2025-09-14 11:04:46,791 [WARN] DbFile:41 - Overriding database path with different value: C:\Users\fervi\.stmcufinder\plugins\mcufinder/ => C:\Users\fervi\.stmcufinder\plugins\mcufinder
2025-09-14 11:04:46,791 [INFO] DbMcusAds:125 - Set database path to: C:\Users\fervi\.stmcufinder\plugins\mcufinder//mcu/
2025-09-14 11:04:46,791 [WARN] DbFile:41 - Overriding database path with different value: C:\Users\fervi\.stmcufinder\plugins\mcufinder/ => C:\Users\fervi\.stmcufinder\plugins\mcufinder
2025-09-14 11:04:46,791 [WARN] DbFile:41 - Overriding database path with different value: C:\Users\fervi\.stmcufinder\plugins\mcufinder/ => C:\Users\fervi\.stmcufinder\plugins\mcufinder
2025-09-14 11:04:46,791 [INFO] CrossReferenceDbSqlite:203 - Set database path to: C:\Users\fervi\.stmcufinder\plugins\mcufinder//mcu/cs/
2025-09-14 11:04:46,812 [INFO] ApplicationProperties:184 - Using Application install path: C:\ST\STM32CubeIDE_1.19.0\STM32CubeIDE\plugins\com.st.stm32cube.common.mx_6.15.0.202507011659
2025-09-14 11:04:46,814 [INFO] PluginManage:196 - Search for loadable plugins [exclusion list=, ]
2025-09-14 11:04:46,815 [INFO] PluginManage:310 - Check plugin analytics
2025-09-14 11:04:47,008 [INFO] AnalyticsPlugin:253 - Accepted Software Licenses: 
2025-09-14 11:04:47,010 [INFO] AnalyticsPlugin:255 - Accepted CMSIS Pack Licenses: 
2025-09-14 11:04:47,010 [INFO] AnalyticsPlugin:257 - Accepted Firmware Licenses: FW.G0.1.6.0,FW.F4.1.28.0,FW.G4.1.6.0,FW.WL.1.3.0
2025-09-14 11:04:47,012 [INFO] PluginManage:359 - Loaded plugin analytics (category:tool,tabindex:-1)
2025-09-14 11:04:47,012 [INFO] PluginManage:310 - Check plugin cadmodel
2025-09-14 11:04:47,020 [INFO] CADModel:105 - Init CAD model plugin
2025-09-14 11:04:47,022 [INFO] PluginManage:359 - Loaded plugin cadmodel (category:power,tabindex:5)
2025-09-14 11:04:47,022 [INFO] PluginManage:310 - Check plugin clock
2025-09-14 11:04:47,034 [INFO] PluginManage:359 - Loaded plugin clock (category:base,tabindex:2)
2025-09-14 11:04:47,034 [INFO] PluginManage:310 - Check plugin ddr
2025-09-14 11:04:47,038 [INFO] PluginManage:359 - Loaded plugin ddr (category:tool,tabindex:6)
2025-09-14 11:04:47,038 [INFO] PluginManage:310 - Check plugin filemanager
2025-09-14 11:04:47,229 [INFO] PluginManage:359 - Loaded plugin filemanager (category:base,tabindex:10)
2025-09-14 11:04:47,229 [INFO] PluginManage:310 - Check plugin ipmanager
2025-09-14 11:04:47,242 [INFO] PluginManage:359 - Loaded plugin ipmanager (category:base,tabindex:5)
2025-09-14 11:04:47,242 [INFO] PluginManage:310 - Check plugin lpbam
2025-09-14 11:04:47,243 [INFO] PluginManage:359 - Loaded plugin lpbam (category:base,tabindex:0)
2025-09-14 11:04:47,243 [INFO] PluginManage:310 - Check plugin memorymap
2025-09-14 11:04:47,258 [INFO] PluginManage:359 - Loaded plugin memorymap (category:base,tabindex:4)
2025-09-14 11:04:47,258 [INFO] PluginManage:310 - Check plugin pinoutandconfiguration
2025-09-14 11:04:47,273 [INFO] PluginManage:359 - Loaded plugin pinoutandconfiguration (category:base,tabindex:1)
2025-09-14 11:04:47,273 [INFO] PluginManage:310 - Check plugin pinoutconfig
2025-09-14 11:04:47,378 [WARN] SupportedApi:132 - Cannot load RTOS API schema: s4s-elt-must-match.1: The content of 'definitions' must match (annotation?, (simpleType | complexType)?, (unique | key | keyref)*)). A problem was found starting at: attribute.
2025-09-14 11:04:47,535 [INFO] PluginManage:359 - Loaded plugin pinoutconfig (category:base,tabindex:0)
2025-09-14 11:04:47,535 [INFO] PluginManage:310 - Check plugin power
2025-09-14 11:04:47,551 [INFO] PluginManage:359 - Loaded plugin power (category:power,tabindex:4)
2025-09-14 11:04:47,552 [INFO] PluginManage:310 - Check plugin projectmanager
2025-09-14 11:04:47,569 [INFO] PluginManage:359 - Loaded plugin projectmanager (category:projectmanager,tabindex:4)
2025-09-14 11:04:47,569 [INFO] PluginManage:310 - Check plugin rif
2025-09-14 11:04:47,584 [INFO] PluginManage:359 - Loaded plugin rif (category:base,tabindex:3)
2025-09-14 11:04:47,585 [INFO] PluginManage:310 - Check plugin thirdparty
2025-09-14 11:04:47,748 [INFO] PluginManage:359 - Loaded plugin thirdparty (category:base,tabindex:-1)
2025-09-14 11:04:47,748 [WARN] IntegrityCheckThread:84 - waiting for thirdparty lock release [integrity check]
2025-09-14 11:04:47,749 [INFO] PluginManage:310 - Check plugin tools
2025-09-14 11:04:47,749 [INFO] IntegrityCheckThread:86 - entering critical section [integrity check]
2025-09-14 11:04:47,749 [INFO] ThirdPartyUpdaterWithRetryManager:70 - Updater plugin not ready yet. [1/15]
2025-09-14 11:04:47,749 [INFO] PluginManage:359 - Loaded plugin tools (category:base,tabindex:7)
2025-09-14 11:04:47,749 [INFO] PluginManage:310 - Check plugin tutovideos
2025-09-14 11:04:47,998 [INFO] PluginManage:359 - Loaded plugin tutovideos (category:base,tabindex:-1)
2025-09-14 11:04:47,998 [INFO] PluginManage:310 - Check plugin updater
2025-09-14 11:04:48,020 [INFO] PluginManage:359 - Loaded plugin updater (category:base,tabindex:12)
2025-09-14 11:04:48,020 [INFO] PluginManage:310 - Check plugin userauth
2025-09-14 11:04:48,038 [INFO] UserAuth:118 - Init User Auth plugin
2025-09-14 11:04:48,038 [INFO] PluginManage:359 - Loaded plugin userauth (category:base,tabindex:14)
2025-09-14 11:04:48,040 [INFO] PluginManage:283 - PluginManage : Loaded plugins [18]
2025-09-14 11:04:48,273 [INFO] PinOutPanel:1589 - setPackage(No Configuration,No Configuration)
2025-09-14 11:04:48,365 [INFO] CADModel:165 - CPN selected for project level
2025-09-14 11:04:48,365 [INFO] CADModel:114 - Register for checkConnection events
2025-09-14 11:04:48,385 [INFO] IPUIPlugin:80 - create IPUIPlugin
2025-09-14 11:04:48,385 [INFO] PluginManager:220 - loadIPPluginJar : add adc
2025-09-14 11:04:48,385 [INFO] IPUIPlugin:80 - create IPUIPlugin
2025-09-14 11:04:48,385 [INFO] PluginManager:220 - loadIPPluginJar : add aes
2025-09-14 11:04:48,385 [INFO] IPUIPlugin:80 - create IPUIPlugin
2025-09-14 11:04:48,385 [INFO] PluginManager:220 - loadIPPluginJar : add can
2025-09-14 11:04:48,385 [INFO] IPUIPlugin:80 - create IPUIPlugin
2025-09-14 11:04:48,385 [INFO] PluginManager:220 - loadIPPluginJar : add comp
2025-09-14 11:04:48,400 [INFO] IPUIPlugin:80 - create IPUIPlugin
2025-09-14 11:04:48,400 [INFO] PluginManager:220 - loadIPPluginJar : add cryp
2025-09-14 11:04:48,403 [INFO] IPUIPlugin:80 - create IPUIPlugin
2025-09-14 11:04:48,403 [INFO] PluginManager:220 - loadIPPluginJar : add ddr_ctrl_phy
2025-09-14 11:04:48,409 [INFO] IPUIPlugin:80 - create IPUIPlugin
2025-09-14 11:04:48,409 [INFO] PluginManager:220 - loadIPPluginJar : add dfsdm
2025-09-14 11:04:48,413 [INFO] IPUIPlugin:80 - create IPUIPlugin
2025-09-14 11:04:48,416 [INFO] PluginManager:220 - loadIPPluginJar : add dma
2025-09-14 11:04:48,417 [INFO] IPUIPlugin:80 - create IPUIPlugin
2025-09-14 11:04:48,417 [INFO] PluginManager:220 - loadIPPluginJar : add dma3
2025-09-14 11:04:48,417 [INFO] IPUIPlugin:80 - create IPUIPlugin
2025-09-14 11:04:48,417 [INFO] PluginManager:220 - loadIPPluginJar : add extmemmanager
2025-09-14 11:04:48,417 [INFO] IPUIPlugin:80 - create IPUIPlugin
2025-09-14 11:04:48,417 [INFO] PluginManager:220 - loadIPPluginJar : add fatfs
2025-09-14 11:04:48,428 [INFO] IPUIPlugin:80 - create IPUIPlugin
2025-09-14 11:04:48,428 [INFO] PluginManager:220 - loadIPPluginJar : add fmc
2025-09-14 11:04:48,436 [INFO] IPUIPlugin:80 - create IPUIPlugin
2025-09-14 11:04:48,436 [INFO] PluginManager:220 - loadIPPluginJar : add freertos
2025-09-14 11:04:48,436 [INFO] IPUIPlugin:80 - create IPUIPlugin
2025-09-14 11:04:48,436 [INFO] PluginManager:220 - loadIPPluginJar : add genericplugin
2025-09-14 11:04:48,436 [INFO] IPUIPlugin:80 - create IPUIPlugin
2025-09-14 11:04:48,443 [INFO] PluginManager:220 - loadIPPluginJar : add gfxmmu
2025-09-14 11:04:48,448 [INFO] IPUIPlugin:80 - create IPUIPlugin
2025-09-14 11:04:48,448 [INFO] PluginManager:220 - loadIPPluginJar : add gic
2025-09-14 11:04:48,452 [INFO] IPUIPlugin:80 - create IPUIPlugin
2025-09-14 11:04:48,452 [INFO] PluginManager:220 - loadIPPluginJar : add gpio
2025-09-14 11:04:48,456 [INFO] IPUIPlugin:80 - create IPUIPlugin
2025-09-14 11:04:48,456 [INFO] PluginManager:220 - loadIPPluginJar : add gtzc
2025-09-14 11:04:48,456 [INFO] IPUIPlugin:80 - create IPUIPlugin
2025-09-14 11:04:48,456 [INFO] PluginManager:220 - loadIPPluginJar : add hash
2025-09-14 11:04:48,463 [INFO] IPUIPlugin:80 - create IPUIPlugin
2025-09-14 11:04:48,463 [INFO] PluginManager:220 - loadIPPluginJar : add i2c
2025-09-14 11:04:48,465 [INFO] IPUIPlugin:80 - create IPUIPlugin
2025-09-14 11:04:48,465 [INFO] PluginManager:220 - loadIPPluginJar : add i2s
2025-09-14 11:04:48,465 [INFO] IPUIPlugin:80 - create IPUIPlugin
2025-09-14 11:04:48,465 [INFO] PluginManager:220 - loadIPPluginJar : add i3c
2025-09-14 11:04:48,475 [INFO] IPUIPlugin:80 - create IPUIPlugin
2025-09-14 11:04:48,475 [INFO] PluginManager:220 - loadIPPluginJar : add ipddr
2025-09-14 11:04:48,482 [INFO] IPUIPlugin:80 - create IPUIPlugin
2025-09-14 11:04:48,482 [INFO] PluginManager:220 - loadIPPluginJar : add linkedlist
2025-09-14 11:04:48,484 [INFO] IPUIPlugin:80 - create IPUIPlugin
2025-09-14 11:04:48,484 [INFO] PluginManager:220 - loadIPPluginJar : add lorawan
2025-09-14 11:04:48,488 [INFO] IPUIPlugin:80 - create IPUIPlugin
2025-09-14 11:04:48,488 [INFO] PluginManager:220 - loadIPPluginJar : add ltdc
2025-09-14 11:04:48,488 [INFO] IPUIPlugin:80 - create IPUIPlugin
2025-09-14 11:04:48,488 [INFO] PluginManager:220 - loadIPPluginJar : add mdma
2025-09-14 11:04:48,495 [INFO] IPUIPlugin:80 - create IPUIPlugin
2025-09-14 11:04:48,495 [INFO] PluginManager:220 - loadIPPluginJar : add nvic
2025-09-14 11:04:48,503 [INFO] IPUIPlugin:80 - create IPUIPlugin
2025-09-14 11:04:48,503 [INFO] PluginManager:220 - loadIPPluginJar : add opamp
2025-09-14 11:04:48,503 [INFO] IPUIPlugin:80 - create IPUIPlugin
2025-09-14 11:04:48,503 [INFO] PluginManager:220 - loadIPPluginJar : add openamp
2025-09-14 11:04:48,503 [INFO] IPUIPlugin:80 - create IPUIPlugin
2025-09-14 11:04:48,503 [INFO] PluginManager:220 - loadIPPluginJar : add pdm2pcm
2025-09-14 11:04:48,515 [INFO] IPUIPlugin:80 - create IPUIPlugin
2025-09-14 11:04:48,517 [INFO] PluginManager:220 - loadIPPluginJar : add plateformsettings
2025-09-14 11:04:48,519 [INFO] IPUIPlugin:80 - create IPUIPlugin
2025-09-14 11:04:48,519 [INFO] PluginManager:220 - loadIPPluginJar : add quadspi
2025-09-14 11:04:48,523 [INFO] IPUIPlugin:80 - create IPUIPlugin
2025-09-14 11:04:48,523 [INFO] PluginManager:220 - loadIPPluginJar : add radio
2025-09-14 11:04:48,527 [INFO] IPUIPlugin:80 - create IPUIPlugin
2025-09-14 11:04:48,529 [INFO] PluginManager:220 - loadIPPluginJar : add resmgrutility
2025-09-14 11:04:48,531 [INFO] IPUIPlugin:80 - create IPUIPlugin
2025-09-14 11:04:48,533 [INFO] PluginManager:220 - loadIPPluginJar : add sai
2025-09-14 11:04:48,535 [INFO] IPUIPlugin:80 - create IPUIPlugin
2025-09-14 11:04:48,535 [INFO] PluginManager:220 - loadIPPluginJar : add spi
2025-09-14 11:04:48,541 [INFO] IPUIPlugin:80 - create IPUIPlugin
2025-09-14 11:04:48,541 [INFO] PluginManager:220 - loadIPPluginJar : add stm32_wpan
2025-09-14 11:04:48,543 [INFO] IPUIPlugin:80 - create IPUIPlugin
2025-09-14 11:04:48,543 [INFO] PluginManager:220 - loadIPPluginJar : add tim
2025-09-14 11:04:48,547 [INFO] IPUIPlugin:80 - create IPUIPlugin
2025-09-14 11:04:48,547 [INFO] PluginManager:220 - loadIPPluginJar : add touchsensing
2025-09-14 11:04:48,549 [INFO] IPUIPlugin:80 - create IPUIPlugin
2025-09-14 11:04:48,551 [INFO] PluginManager:220 - loadIPPluginJar : add tracer_emb
2025-09-14 11:04:48,553 [INFO] IPUIPlugin:80 - create IPUIPlugin
2025-09-14 11:04:48,553 [INFO] PluginManager:220 - loadIPPluginJar : add ts
2025-09-14 11:04:48,555 [INFO] IPUIPlugin:80 - create IPUIPlugin
2025-09-14 11:04:48,555 [INFO] PluginManager:220 - loadIPPluginJar : add tsc
2025-09-14 11:04:48,557 [INFO] IPUIPlugin:80 - create IPUIPlugin
2025-09-14 11:04:48,557 [INFO] PluginManager:220 - loadIPPluginJar : add ucpd
2025-09-14 11:04:48,561 [INFO] IPUIPlugin:80 - create IPUIPlugin
2025-09-14 11:04:48,561 [INFO] PluginManager:220 - loadIPPluginJar : add usart
2025-09-14 11:04:48,565 [INFO] IPUIPlugin:80 - create IPUIPlugin
2025-09-14 11:04:48,565 [INFO] PluginManager:220 - loadIPPluginJar : add usbx
2025-09-14 11:04:48,691 [FATAL] Updater:351 - Updater called before beeing initialized
2025-09-14 11:04:48,722 [INFO] RulesReader:64 - Compatibility file has been processed (317 Rules)
2025-09-14 11:04:48,736 [INFO] RulesReader:64 - Compatibility file has been processed (317 Rules)
2025-09-14 11:04:48,743 [INFO] CADModel:165 - CPN selected for project level
2025-09-14 11:04:48,745 [INFO] CADModel:114 - Register for checkConnection events
2025-09-14 11:04:48,745 [FATAL] Updater:351 - Updater called before beeing initialized
2025-09-14 11:04:48,745 [ERROR] CADModel:125 - Updater not yet initialized, retry later 
2025-09-14 11:04:48,926 [FATAL] Updater:351 - Updater called before beeing initialized
2025-09-14 11:04:48,930 [INFO] CADModel:165 - CPN selected for project level
2025-09-14 11:04:48,930 [INFO] CADModel:114 - Register for checkConnection events
2025-09-14 11:04:48,930 [FATAL] Updater:351 - Updater called before beeing initialized
2025-09-14 11:04:48,930 [ERROR] CADModel:125 - Updater not yet initialized, retry later 
2025-09-14 11:04:48,934 [FATAL] Updater:351 - Updater called before beeing initialized
2025-09-14 11:04:49,074 [FATAL] Updater:351 - Updater called before beeing initialized
2025-09-14 11:04:49,078 [INFO] DbMcusAds:53 - JSON generation date=Tue Jul 08 13:44:23 IST 2025 (1751962463582)
2025-09-14 11:04:49,078 [FATAL] Updater:351 - Updater called before beeing initialized
2025-09-14 11:04:49,112 [WARN] DetailPanel:346 - Failed to get advertising image, set to default
2025-09-14 11:04:49,182 [FATAL] Updater:351 - Updater called before beeing initialized
2025-09-14 11:04:49,182 [FATAL] Updater:351 - Updater called before beeing initialized
2025-09-14 11:04:49,182 [FATAL] Updater:351 - Updater called before beeing initialized
2025-09-14 11:04:49,182 [WARN] DetailPanel:346 - Failed to get advertising image, set to default
2025-09-14 11:04:49,182 [FATAL] Updater:351 - Updater called before beeing initialized
2025-09-14 11:04:49,235 [ERROR] Updater:1198 - MainUpdater not yet initialized. External WinMGr cannot be set.
2025-09-14 11:04:49,237 [INFO] Updater:1134 - Updater Version found : 6.15.0
2025-09-14 11:04:49,253 [INFO] ApplicationProperties:184 - Using Application install path: C:\ST\STM32CubeIDE_1.19.0\STM32CubeIDE\plugins\com.st.stm32cube.common.mx_6.15.0.202507011659
2025-09-14 11:04:50,754 [INFO] ThirdPartyUpdaterWithRetryManager:70 - Updater plugin not ready yet. [2/15]
2025-09-14 11:04:50,871 [ERROR] LogOutputStream:75 - [STDERR_REDIRECT] Sep 14, 2025 11:04:50 AM java.util.prefs.WindowsPreferences <init>
2025-09-14 11:04:50,872 [ERROR] LogOutputStream:75 - [STDERR_REDIRECT] WARNING: Could not open/create prefs root node Software\JavaSoft\Prefs at root 0xffffffff80000002. Windows RegCreateKeyEx(...) returned error code 5.
2025-09-14 11:04:50,873 [ERROR] LogOutputStream:75 - [STDERR_REDIRECT] 
2025-09-14 11:04:51,360 [INFO] MainUpdater:2872 - connection check result : 10
2025-09-14 11:04:51,360 [INFO] MainUpdater:289 - Updater Check For Update Now.
2025-09-14 11:04:51,360 [INFO] MicroXplorer:498 - Change Database Version : DB.6.0.150
2025-09-14 11:04:51,366 [INFO] McuFinderGlobals:63 - Set McuFinder mode to 2 (CubeIDE integrated)
2025-09-14 11:04:51,368 [INFO] UserAuth:487 - Internet connection configuration mode: 1
2025-09-14 11:04:51,400 [INFO] JxBrowserEngine:152 - Initiate JxBrowser Engine with user profile folder
2025-09-14 11:04:51,578 [INFO] CheckServerUpdateThread:120 - End of CheckServer Thread
2025-09-14 11:04:53,197 [INFO] WebApp:169 - Instantiating new browser for Auth
2025-09-14 11:04:54,024 [WARN] PackLoader:240 - Cannot read IP mode file for STMicroelectronics.FP-SNS-MOTENVWB1.1.4.0
2025-09-14 11:04:54,037 [WARN] PackLoader:240 - Cannot read IP mode file for STMicroelectronics.FP-ATR-ASTRA1.2.0.2
2025-09-14 11:04:54,050 [WARN] PackLoader:240 - Cannot read IP mode file for STMicroelectronics.X-CUBE-SMBUS.2.1.0
2025-09-14 11:04:54,056 [WARN] PackLoader:240 - Cannot read IP mode file for STMicroelectronics.X-CUBE-ST60.1.0.0
2025-09-14 11:04:54,088 [WARN] PackLoader:240 - Cannot read IP mode file for STMicroelectronics.X-CUBE-AZRTOS-F7.1.1.0
2025-09-14 11:04:54,105 [WARN] PackLoader:240 - Cannot read IP mode file for WES.I-CUBE-Cesium.1.4.0
2025-09-14 11:04:54,137 [WARN] PackLoader:240 - Cannot read IP mode file for Infineon.AIROC-Wi-Fi-Bluetooth-STM32.1.7.1
2025-09-14 11:04:54,928 [WARN] PackLoader:240 - Cannot read IP mode file for STMicroelectronics.X-CUBE-AZRTOS-H7.3.4.0
2025-09-14 11:04:56,001 [INFO] WebApp:463 - Apply proxy settings
2025-09-14 11:04:56,010 [INFO] WebApp:548 - Chromium requires no authentication
2025-09-14 11:04:56,206 [WARN] PackLoader:240 - Cannot read IP mode file for STMicroelectronics.X-CUBE-DISPLAY.3.0.0
2025-09-14 11:04:57,013 [WARN] PackLoader:240 - Cannot read IP mode file for STMicroelectronics.X-CUBE-NFC10.1.0.0
2025-09-14 11:04:57,023 [INFO] WebApp:491 - Direct internet connection detected
2025-09-14 11:04:57,027 [WARN] PackLoader:240 - Cannot read IP mode file for emotas.I-CUBE-CANOPEN.1.3.0
2025-09-14 11:04:57,042 [WARN] PackLoader:240 - Cannot read IP mode file for STMicroelectronics.FP-SNS-STBOX1.2.1.0
2025-09-14 11:04:57,057 [WARN] PackLoader:240 - Cannot read IP mode file for STMicroelectronics.FP-SNS-SMARTAG2.1.2.0
2025-09-14 11:04:57,064 [WARN] PackLoader:240 - Cannot read IP mode file for STMicroelectronics.FP-SNS-FLIGHT1.5.1.0
2025-09-14 11:04:57,076 [INFO] LogOutputStream:77 - [STDOUT_REDIRECT] 1 : Invalid condition id : UX_CORESTACK_Condition cause : null
2025-09-14 11:04:57,076 [INFO] LogOutputStream:77 - [STDOUT_REDIRECT] 1 : Invalid condition id : UX_CORESTACK_Condition cause : null
2025-09-14 11:04:57,081 [INFO] LogOutputStream:77 - [STDOUT_REDIRECT] 1 : Invalid condition id : UX_CORESTACK_Condition cause : null
2025-09-14 11:04:57,081 [INFO] LogOutputStream:77 - [STDOUT_REDIRECT] 1 : Invalid condition id : UX_CORESTACK_Condition cause : null
2025-09-14 11:04:57,083 [INFO] LogOutputStream:77 - [STDOUT_REDIRECT] 1 : Invalid condition id : UX_CORESTACK_Condition cause : null
2025-09-14 11:04:57,083 [INFO] WebApp:900 - Register for checkConnection events
2025-09-14 11:04:57,085 [INFO] WebApp:463 - Apply proxy settings
2025-09-14 11:04:57,085 [INFO] WebApp:548 - Chromium requires no authentication
2025-09-14 11:04:57,085 [INFO] WebApp:491 - Direct internet connection detected
2025-09-14 11:04:57,085 [WARN] PackLoader:240 - Cannot read IP mode file for STMicroelectronics.X-CUBE-AZRTOS-WL.2.0.0
2025-09-14 11:04:57,094 [WARN] PackLoader:240 - Cannot read IP mode file for STMicroelectronics.FP-SNS-MOTENV1.5.0.0
2025-09-14 11:04:57,108 [WARN] PackLoader:240 - Cannot read IP mode file for STMicroelectronics.X-CUBE-BLE2.3.3.0
2025-09-14 11:04:57,116 [WARN] PackLoader:240 - Cannot read IP mode file for STMicroelectronics.X-CUBE-NFC9.1.0.0
2025-09-14 11:04:57,123 [WARN] PackLoader:240 - Cannot read IP mode file for wolfSSL.I-CUBE-wolfSSL.5.8.2
2025-09-14 11:04:57,167 [WARN] PackLoader:240 - Cannot read IP mode file for STMicroelectronics.X-CUBE-BLE1.7.1.0
2025-09-14 11:04:57,178 [WARN] PackLoader:240 - Cannot read IP mode file for wolfSSL.I-CUBE-wolfMQTT.1.19.2
2025-09-14 11:04:57,211 [WARN] PackLoader:240 - Cannot read IP mode file for STMicroelectronics.X-CUBE-EEPRMA1.5.2.0
2025-09-14 11:04:57,223 [WARN] PackLoader:240 - Cannot read IP mode file for STMicroelectronics.X-CUBE-AZRTOS-G0.1.1.0
2025-09-14 11:04:57,243 [WARN] PackLoader:240 - Cannot read IP mode file for STMicroelectronics.X-CUBE-SAFEA1.1.2.2
2025-09-14 11:04:57,251 [WARN] PackLoader:240 - Cannot read IP mode file for STMicroelectronics.X-CUBE-NFC4.3.0.0
2025-09-14 11:04:57,267 [WARN] PackLoader:240 - Cannot read IP mode file for EmbeddedOffice.I-CUBE-FS-RTOS.1.0.1
2025-09-14 11:04:57,273 [WARN] PackLoader:240 - Cannot read IP mode file for STMicroelectronics.X-CUBE-WB05N.2.0.0
2025-09-14 11:04:57,295 [WARN] PackLoader:240 - Cannot read IP mode file for wolfSSL.I-CUBE-wolfTPM.3.8.0
2025-09-14 11:04:57,304 [WARN] PackLoader:240 - Cannot read IP mode file for STMicroelectronics.X-CUBE-TCPP.4.2.0
2025-09-14 11:04:57,313 [WARN] PackLoader:240 - Cannot read IP mode file for RealThread.X-CUBE-RT-Thread_Nano.4.1.1
2025-09-14 11:04:57,324 [WARN] PackLoader:240 - Cannot read IP mode file for STMicroelectronics.FP-ATR-SIGFOX1.3.2.0
2025-09-14 11:04:57,332 [WARN] PackLoader:240 - Cannot read IP mode file for ITTIA_DB.I-CUBE-ITTIADB.8.9.0
2025-09-14 11:04:57,338 [WARN] PackLoader:240 - Cannot read IP mode file for STMicroelectronics.X-CUBE-ST67W61.1.0.0
2025-09-14 11:04:57,343 [WARN] PackLoader:240 - Cannot read IP mode file for STMicroelectronics.X-CUBE-AI.10.2.0
2025-09-14 11:04:57,363 [WARN] PackLoader:240 - Cannot read IP mode file for SEGGER.I-CUBE-embOS.1.3.1
2025-09-14 11:04:57,423 [WARN] PackLoader:240 - Cannot read IP mode file for STMicroelectronics.X-CUBE-ALGOBUILD.1.4.0
2025-09-14 11:04:57,496 [WARN] PackLoader:240 - Cannot read IP mode file for STMicroelectronics.X-CUBE-MEMS1.11.3.0
2025-09-14 11:04:57,592 [WARN] PackLoader:240 - Cannot read IP mode file for STMicroelectronics.X-CUBE-PM33A1.1.0.0
2025-09-14 11:04:57,604 [WARN] PackLoader:240 - Cannot read IP mode file for STMicroelectronics.X-CUBE-AZRTOS-F4.1.1.0
2025-09-14 11:04:57,610 [WARN] PackLoader:240 - Cannot read IP mode file for Avnet-IotConnect.X-CUBE-IoTC-DA16k-PMOD.1.0.0
2025-09-14 11:04:57,616 [WARN] PackLoader:240 - Cannot read IP mode file for STMicroelectronics.X-CUBE-ISPU.2.1.0
2025-09-14 11:04:57,622 [WARN] PackLoader:240 - Cannot read IP mode file for STMicroelectronics.X-CUBE-NFC12.1.0.0
2025-09-14 11:04:57,641 [WARN] PackLoader:240 - Cannot read IP mode file for STMicroelectronics.X-CUBE-AZRTOS-L5.2.0.0
2025-09-14 11:04:57,643 [INFO] WebApp:225 - Starting web application
2025-09-14 11:04:57,643 [INFO] WebApp:593 - Web application path used C:\ST\STM32CubeIDE_1.19.0\STM32CubeIDE\plugins\com.st.stm32cube.common.mx_6.15.0.202507011659\db\plugins\mcufinder\reactClient1\index.html
2025-09-14 11:04:57,651 [WARN] PackLoader:240 - Cannot read IP mode file for STMicroelectronics.X-CUBE-NFC6.3.1.0
2025-09-14 11:04:57,661 [WARN] PackLoader:240 - Cannot read IP mode file for STMicroelectronics.X-CUBE-FREERTOS.1.3.1
2025-09-14 11:04:57,667 [WARN] PackLoader:240 - Cannot read IP mode file for STMicroelectronics.FP-SNS-STAIOTCFT.1.0.0
2025-09-14 11:04:57,674 [WARN] PackLoader:240 - Cannot read IP mode file for STMicroelectronics.X-CUBE-DPower.1.3.0
2025-09-14 11:04:57,697 [WARN] ConditionMgr:438 - getConditionDescription Invalid condition id : LAN8742 Phy interface Condition cause : null
2025-09-14 11:04:57,698 [WARN] PackLoader:240 - Cannot read IP mode file for STMicroelectronics.X-CUBE-AZRTOS-L4.2.0.0
2025-09-14 11:04:57,699 [WARN] ConditionMgr:1044 - genDependencies : Invalid condition id : LAN8742 Phy interface Condition cause : null
2025-09-14 11:04:57,699 [WARN] ConditionMgr:1044 - genDependencies : Invalid condition id : LAN8742 Phy interface Condition cause : null
2025-09-14 11:04:57,699 [WARN] ConditionMgr:1044 - genDependencies : Invalid condition id : LAN8742 Phy interface Condition cause : null
2025-09-14 11:04:57,708 [WARN] PackLoader:240 - Cannot read IP mode file for STMicroelectronics.X-CUBE-SFXS2LP1.4.0.0
2025-09-14 11:04:57,721 [WARN] PackLoader:240 - Cannot read IP mode file for STMicroelectronics.X-CUBE-BLEMGR.4.1.0
2025-09-14 11:04:57,736 [WARN] ConditionMgr:438 - getConditionDescription Invalid condition id : UX DEVICE CLASS RTOS Condition cause : null
2025-09-14 11:04:57,736 [WARN] ConditionMgr:438 - getConditionDescription Invalid condition id : UX DEVICE CLASS RTOS Condition cause : null
2025-09-14 11:04:57,737 [WARN] PackLoader:240 - Cannot read IP mode file for STMicroelectronics.X-CUBE-AZRTOS-WB.2.0.0
2025-09-14 11:04:57,738 [WARN] ConditionMgr:1044 - genDependencies : Invalid condition id : UX DEVICE CLASS RTOS Condition cause : null
2025-09-14 11:04:57,738 [WARN] ConditionMgr:1044 - genDependencies : Invalid condition id : UX DEVICE CLASS RTOS Condition cause : null
2025-09-14 11:04:57,739 [WARN] ConditionMgr:1044 - genDependencies : Invalid condition id : UX DEVICE CLASS RTOS Condition cause : null
2025-09-14 11:04:57,739 [WARN] ConditionMgr:1044 - genDependencies : Invalid condition id : UX DEVICE CLASS RTOS Condition cause : null
2025-09-14 11:04:57,739 [WARN] ConditionMgr:1044 - genDependencies : Invalid condition id : UX DEVICE CLASS RTOS Condition cause : null
2025-09-14 11:04:57,754 [WARN] PackLoader:240 - Cannot read IP mode file for STMicroelectronics.X-CUBE-GNSS1.7.0.1
2025-09-14 11:04:57,760 [WARN] PackLoader:240 - Cannot read IP mode file for STMicroelectronics.X-CUBE-TOUCHGFX.4.25.0
2025-09-14 11:04:57,765 [WARN] ConditionMgr:438 - getConditionDescription Invalid condition id : Cortex-A Device cause : null
2025-09-14 11:04:57,782 [WARN] ConditionMgr:1044 - genDependencies : Invalid condition id : Cortex-A Device cause : null
2025-09-14 11:04:57,782 [WARN] ConditionMgr:1044 - genDependencies : Invalid condition id : Cortex-A Device cause : null
2025-09-14 11:04:57,782 [WARN] ConditionMgr:1044 - genDependencies : Invalid condition id : Cortex-A Device cause : null
2025-09-14 11:04:57,791 [WARN] PackLoader:240 - Cannot read IP mode file for STMicroelectronics.X-CUBE-SUBG2.5.0.0
2025-09-14 11:04:57,810 [WARN] PackLoader:240 - Cannot read IP mode file for STMicroelectronics.X-CUBE-AZRTOS-H7RS.1.1.0
2025-09-14 11:04:57,818 [WARN] PackLoader:240 - Cannot read IP mode file for Cesanta.I-CUBE-Mongoose.7.13.0
2025-09-14 11:04:57,832 [WARN] PackLoader:240 - Cannot read IP mode file for STMicroelectronics.X-CUBE-AZRTOS-G4.2.0.0
2025-09-14 11:04:57,838 [WARN] PackLoader:240 - Cannot read IP mode file for wolfSSL.I-CUBE-wolfSSH.1.4.20
2025-09-14 11:04:57,844 [WARN] PackLoader:240 - Cannot read IP mode file for STMicroelectronics.X-CUBE-NFC7.2.0.0
2025-09-14 11:04:57,859 [WARN] PackLoader:240 - Cannot read IP mode file for STMicroelectronics.X-CUBE-IPS.3.1.0
2025-09-14 11:04:57,869 [INFO] UserAuth:487 - Internet connection configuration mode: 1
2025-09-14 11:04:57,872 [WARN] PackLoader:240 - Cannot read IP mode file for STMicroelectronics.X-CUBE-ALS.1.0.2
2025-09-14 11:04:57,879 [WARN] PackLoader:240 - Cannot read IP mode file for STMicroelectronics.X-CUBE-STSE01.1.0.0
2025-09-14 11:04:57,888 [WARN] PackLoader:240 - Cannot read IP mode file for portGmbH.I-Cube-SoM-uGOAL.1.1.0
2025-09-14 11:04:57,900 [WARN] PackLoader:240 - Cannot read IP mode file for STMicroelectronics.X-CUBE-TOF1.3.4.3
2025-09-14 11:04:57,907 [INFO] ThirdParty:978 - Integrity check success = true
2025-09-14 11:04:57,907 [INFO] IntegrityCheckThread:100 - exiting critical section [integrity check]
2025-09-14 11:04:57,907 [INFO] IntegrityCheckThread:103 - End integrity checks thread
2025-09-14 11:04:58,679 [INFO] WebApp:191 - Connection restablished
2025-09-14 12:27:59,794 [INFO] McuFinderGlobals:63 - Set McuFinder mode to 2 (CubeIDE integrated)
2025-09-14 12:27:59,803 [INFO] MainUpdater:2872 - connection check result : 10
2025-09-14 12:27:59,805 [INFO] MainUpdater:2872 - connection check result : 10
2025-09-14 12:27:59,869 [INFO] MicroXplorer:468 - Change Database Path : 
2025-09-14 12:27:59,869 [INFO] MicroXplorer:498 - Change Database Version : DB.6.0.150
2025-09-14 12:27:59,884 [WARN] ThirdParty:871 - waiting for thirdparty lock release [close project]
2025-09-14 12:27:59,885 [INFO] ThirdParty:873 - entering critical section [close project]
2025-09-14 12:27:59,887 [INFO] ThirdParty:883 - exiting critical section [close project]
2025-09-14 12:27:59,894 [INFO] PinOutPanel:1589 - setPackage(No Configuration,No Configuration)
2025-09-14 12:27:59,901 [INFO] UtilMem:75 - Begin LoadConfig() Used Memory: 254683240 Bytes (468713472)
2025-09-14 12:27:59,903 [INFO] MicroXplorer:468 - Change Database Path : 
2025-09-14 12:27:59,905 [INFO] MicroXplorer:498 - Change Database Version : DB.6.0.150
2025-09-14 12:27:59,905 [INFO] OpenFileManager:355 - Change cursor
2025-09-14 12:28:00,006 [INFO] Mcu:2029 - Initializing MCU STM32G431C(6-8-B)Ux STM32G431CBUx STM32G431CBU6
2025-09-14 12:28:04,397 [INFO] Context:786 - Trying to add GPIOservice into a context  which must be forbidden
2025-09-14 12:28:05,256 [INFO] ImportTextPane:234 - (OptionalMessage_ERROR) Pin9 (VP_RIF_VS_RIF1) cannot be retrieved for this MCU
2025-09-14 12:28:05,366 [INFO] RtosManager:558 - Registered RTOS mode: class=CMSIS, group=RTOS, mode=CMSIS_V1, owner=FREERTOS
2025-09-14 12:28:05,366 [INFO] RtosManager:558 - Registered RTOS mode: class=CMSIS, group=RTOS2, mode=CMSIS_V2, owner=FREERTOS
2025-09-14 12:28:05,366 [INFO] RtosManager:558 - Registered RTOS mode: class=RTOS, group=Core, mode=CMSIS_V1, owner=FREERTOS
2025-09-14 12:28:05,366 [INFO] RtosManager:558 - Registered RTOS mode: class=RTOS, group=Core, mode=CMSIS_V2, owner=FREERTOS
2025-09-14 12:28:05,366 [WARN] ModelIntegratedComponent:184 - Missing modes for component STMicroelectronics:FreeRTOS:0.0.1:STMicroelectronics:RTOS:FreeRTOS:Core:::10.2.0:
2025-09-14 12:28:05,403 [WARN] ModelIntegratedComponent:63 - No mode defined for component null
2025-09-14 12:28:05,404 [WARN] ModelIntegratedComponent:63 - No mode defined for component null
2025-09-14 12:28:05,404 [WARN] ModelIntegratedComponent:63 - No mode defined for component null
2025-09-14 12:28:05,404 [WARN] ModelIntegratedComponent:63 - No mode defined for component null
2025-09-14 12:28:05,404 [WARN] ModelIntegratedComponent:63 - No mode defined for component null
2025-09-14 12:28:05,404 [WARN] ModelIntegratedComponent:63 - No mode defined for component null
2025-09-14 12:28:05,404 [WARN] ModelIntegratedComponent:63 - No mode defined for component null
2025-09-14 12:28:05,404 [WARN] ModelIntegratedComponent:63 - No mode defined for component null
2025-09-14 12:28:05,404 [WARN] ModelIntegratedComponent:63 - No mode defined for component null
2025-09-14 12:28:05,404 [WARN] ModelIntegratedComponent:63 - No mode defined for component null
2025-09-14 12:28:05,404 [WARN] ModelIntegratedComponent:63 - No mode defined for component null
2025-09-14 12:28:05,404 [WARN] ModelIntegratedComponent:63 - No mode defined for component null
2025-09-14 12:28:05,404 [WARN] ModelIntegratedComponent:63 - No mode defined for component null
2025-09-14 12:28:05,404 [WARN] ModelIntegratedComponent:63 - No mode defined for component null
2025-09-14 12:28:05,404 [WARN] ModelIntegratedComponent:63 - No mode defined for component null
2025-09-14 12:28:05,404 [WARN] ModelIntegratedComponent:63 - No mode defined for component null
2025-09-14 12:28:05,404 [WARN] ModelIntegratedComponent:63 - No mode defined for component null
2025-09-14 12:28:05,404 [WARN] ModelIntegratedComponent:63 - No mode defined for component null
2025-09-14 12:28:05,404 [WARN] ModelIntegratedComponent:63 - No mode defined for component null
2025-09-14 12:28:05,404 [WARN] ModelIntegratedComponent:63 - No mode defined for component null
2025-09-14 12:28:05,404 [WARN] ModelIntegratedComponent:63 - No mode defined for component null
2025-09-14 12:28:05,404 [WARN] ModelIntegratedComponent:63 - No mode defined for component null
2025-09-14 12:28:05,404 [WARN] ModelIntegratedComponent:63 - No mode defined for component null
2025-09-14 12:28:05,404 [WARN] ModelIntegratedComponent:63 - No mode defined for component null
2025-09-14 12:28:05,404 [WARN] ModelIntegratedComponent:63 - No mode defined for component null
2025-09-14 12:28:05,404 [WARN] ModelIntegratedComponent:63 - No mode defined for component null
2025-09-14 12:28:05,404 [WARN] ModelIntegratedComponent:63 - No mode defined for component null
2025-09-14 12:28:05,404 [WARN] ModelIntegratedComponent:63 - No mode defined for component null
2025-09-14 12:28:05,406 [WARN] ModelIntegratedComponent:63 - No mode defined for component null
2025-09-14 12:28:05,406 [WARN] ModelIntegratedComponent:63 - No mode defined for component null
2025-09-14 12:28:05,406 [WARN] ModelIntegratedComponent:63 - No mode defined for component null
2025-09-14 12:28:05,406 [WARN] ModelIntegratedComponent:63 - No mode defined for component null
2025-09-14 12:28:05,406 [WARN] ModelIntegratedComponent:63 - No mode defined for component null
2025-09-14 12:28:05,406 [WARN] ModelIntegratedComponent:63 - No mode defined for component null
2025-09-14 12:28:05,406 [WARN] ModelIntegratedComponent:63 - No mode defined for component null
2025-09-14 12:28:05,406 [WARN] ModelPack:524 - Component already loaded: STMicroelectronics:HAL Drivers:0.0.0:STMicroelectronics:Device:STMicro_Driver:XSPI:HAL::0.0.1:HAL_XSPI
2025-09-14 12:28:05,519 [INFO] ThirdPartyModel:298 - Start build external matchings
2025-09-14 12:28:05,873 [INFO] ThirdPartyModel:316 - End build external matchings
2025-09-14 12:28:05,894 [INFO] ImportTextPane:234 - (OptionalMessage_ERROR) IP (DMA) : Parameter (Instance) has Id (USART3_RX) currently not set
2025-09-14 12:28:05,894 [INFO] ImportTextPane:234 - (OptionalMessage_ERROR) IP (DMA) : Parameter (Request) has Id (USART3_RX) currently not set
2025-09-14 12:28:05,894 [INFO] ImportTextPane:234 - (OptionalMessage_ERROR) IP (DMA) : Parameter (Direction) has Id (USART3_RX) currently not set
2025-09-14 12:28:05,894 [INFO] ImportTextPane:234 - (OptionalMessage_ERROR) IP (DMA) : Parameter (PeriphInc) has Id (USART3_RX) currently not set
2025-09-14 12:28:05,894 [INFO] ImportTextPane:234 - (OptionalMessage_ERROR) IP (DMA) : Parameter (MemInc) has Id (USART3_RX) currently not set
2025-09-14 12:28:05,894 [INFO] ImportTextPane:234 - (OptionalMessage_ERROR) IP (DMA) : Parameter (PeriphDataAlignment) has Id (USART3_RX) currently not set
2025-09-14 12:28:05,894 [INFO] ImportTextPane:234 - (OptionalMessage_ERROR) IP (DMA) : Parameter (MemDataAlignment) has Id (USART3_RX) currently not set
2025-09-14 12:28:05,894 [INFO] ImportTextPane:234 - (OptionalMessage_ERROR) IP (DMA) : Parameter (Mode) has Id (USART3_RX) currently not set
2025-09-14 12:28:05,894 [INFO] ImportTextPane:234 - (OptionalMessage_ERROR) IP (DMA) : Parameter (Priority) has Id (USART3_RX) currently not set
2025-09-14 12:28:05,894 [INFO] ImportTextPane:234 - (OptionalMessage_ERROR) IP (DMA) : Parameter (SignalID) has Id (USART3_RX) currently not set
2025-09-14 12:28:05,894 [INFO] ImportTextPane:234 - (OptionalMessage_ERROR) IP (DMA) : Parameter (Polarity) has Id (USART3_RX) currently not set
2025-09-14 12:28:05,894 [INFO] ImportTextPane:234 - (OptionalMessage_ERROR) IP (DMA) : Parameter (RequestNumber) has Id (USART3_RX) currently not set
2025-09-14 12:28:05,894 [INFO] ImportTextPane:234 - (OptionalMessage_ERROR) IP (DMA) : Parameter (SyncSignalID) has Id (USART3_RX) currently not set
2025-09-14 12:28:05,894 [INFO] ImportTextPane:234 - (OptionalMessage_ERROR) IP (DMA) : Parameter (SyncPolarity) has Id (USART3_RX) currently not set
2025-09-14 12:28:05,894 [INFO] ImportTextPane:234 - (OptionalMessage_ERROR) IP (DMA) : Parameter (SyncEnable) has Id (USART3_RX) currently not set
2025-09-14 12:28:05,894 [INFO] ImportTextPane:234 - (OptionalMessage_ERROR) IP (DMA) : Parameter (EventEnable) has Id (USART3_RX) currently not set
2025-09-14 12:28:05,894 [INFO] ImportTextPane:234 - (OptionalMessage_ERROR) IP (DMA) : Parameter (SyncRequestNumber) has Id (USART3_RX) currently not set
2025-09-14 12:28:05,905 [INFO] ImportTextPane:234 - (OptionalMessage_ERROR) IP (RCC) : Invalid parameter (FamilyName)
2025-09-14 12:28:05,907 [INFO] ImportTextPane:234 - (OptionalMessage_ERROR) IP (RCC) : Parameter (RNGFreq_Value) has invalid value (64000000)
2025-09-14 12:28:05,907 [INFO] ImportTextPane:234 - (OptionalMessage_ERROR) IP (RCC) : Parameter (USBFreq_Value) has invalid value (64000000)
2025-09-14 12:28:06,591 [INFO] ApiDb:581 - Connected to CubeFinder SQLite database (C:\Users\fervi\.stmcufinder\plugins\mcufinder\mcu\cube-finder-db.db)
2025-09-14 12:28:06,729 [INFO] ApiDb:668 - CubeFinder database Data Model version=2.1
2025-09-14 12:28:06,729 [INFO] ApiDb:669 - CubeFinder database Configuration version=3.0.39
2025-09-14 12:28:06,731 [INFO] ApiDb:670 - CubeFinder database generation date=2025-08-25 (1756130511)
2025-09-14 12:28:06,732 [INFO] ApiDb:671 - CubeFinder database FW Pack versions=[FP-ATR-ASTRA1_V2.0.0, FP-SNS-FLIGHT1_V5.1.0, FP-SNS-MOTENV1_V5.0.0, FP-SNS-MOTENVWB1_V1.4.0, FP-SNS-SMARTAG2_V1.2.0, FP-SNS-STBOX1_V2.1.0, STM32Cube_FW_C0_V1.4.0, STM32Cube_FW_F4_V1.28.3, STM32Cube_FW_F7_V1.17.4, STM32Cube_FW_G0_V1.6.2, STM32Cube_FW_G4_V1.6.1, STM32Cube_FW_H5_V1.5.0, STM32Cube_FW_H7RS_V1.2.0, STM32Cube_FW_H7_V1.12.1, STM32Cube_FW_L0_V1.12.2, STM32Cube_FW_L4_V1.18.1, STM32Cube_FW_L5_V1.5.1, STM32Cube_FW_N6_V1.2.0, STM32Cube_FW_U0_V1.3.0, STM32Cube_FW_U3_V1.2.0, STM32Cube_FW_U5_V1.8.0, STM32Cube_FW_WB0_V1.3.0, STM32Cube_FW_WBA_V1.7.0, STM32Cube_FW_WB_V1.23.0, STM32Cube_FW_WL3_V1.2.0, STM32Cube_FW_WL_V1.3.1, X-CUBE-ALGOBUILD_V1.4.0, X-CUBE-ALS_V1.0.2, X-CUBE-AZRTOS-F4_V1.1.0, X-CUBE-AZRTOS-F7_V1.1.0, X-CUBE-AZRTOS-G0_V1.1.0, X-CUBE-AZRTOS-G4_V2.0.0, X-CUBE-AZRTOS-H7RS_V1.1.0, X-CUBE-AZRTOS-H7_V3.4.0, X-CUBE-AZRTOS-L4_V2.0.0, X-CUBE-AZRTOS-L5_V2.0.0, X-CUBE-AZRTOS-WB_V2.0.0, X-CUBE-AZRTOS-WL_V2.0.0, X-CUBE-BLE1_V7.1.0, X-CUBE-BLE2_V3.3.0, X-CUBE-BLEMGR_V4.1.0, X-CUBE-EEPRMA1_V5.2.0, X-CUBE-FREERTOS_V1.3.1, X-CUBE-GNSS1_V6.0.0, X-CUBE-MEMS1_V11.3.0, X-CUBE-NFC4_V3.0.0, X-CUBE-NFC7_V2.0.0, X-CUBE-SFXS2LP1_V4.0.0, X-CUBE-ST67W61_V1.0.0, X-CUBE-SUBG2_V5.0.0, X-CUBE-TOF1_V3.4.3]
2025-09-14 12:28:06,970 [INFO] DbBoardsSqlite:226 - include board P-NUCLEO-WB55-NUCLEO as a kit item of type 'Nucleo-64'
2025-09-14 12:28:06,970 [INFO] DbBoardsSqlite:226 - include board P-NUCLEO-WB55-USBDONGLE as a kit item of type 'Nucleo USB Dongle'
2025-09-14 12:28:06,972 [INFO] DbBoardsSqlite:226 - include board STEVAL-IDP005V1 as a kit item of type 'Evaluation Board'
2025-09-14 12:28:06,973 [INFO] DbBoardsSqlite:226 - include board STEVAL-IDP005V2 as a kit item of type 'Evaluation Board'
2025-09-14 12:28:08,030 [INFO] ApiDb:240 - Found 880 in-development CPN: [B-G473E-ZEST1S, B-WB1M-WPAN1, B-WBA5M-WPAN, B-WL5M-SUBG1, NUCLEO-C031C6, NUCLEO-C051C8, NUCLEO-C071RB, NUCLEO-C092RC, NUCLEO-H503RB, NUCLEO-H533RE, NUCLEO-H563ZI, NUCLEO-H7S3L8, NUCLEO-N657X0-Q, NUCLEO-U031R8, NUCLEO-U083RC, NUCLEO-U385RG-Q, NUCLEO-U545RE-Q, NUCLEO-U5A5ZJ-Q, NUCLEO-WB05KZ, NUCLEO-WB07CC, NUCLEO-WB09KE, NUCLEO-WBA52CG, NUCLEO-WBA55CG, NUCLEO-WL33CC1, NUCLEO-WL33CC2, STEVAL-PROTEUS1, STEVAL-SMARTAG2, STEVAL-STWINBX1, STM320518-EVAL, STM32C0116-DK, STM32C011D6Y3TR, STM32C011D6Y6TR, STM32C011F4P3, STM32C011F4P6, STM32C011F4U3, STM32C011F4U6TR, STM32C011F6P3, STM32C011F6P6, STM32C011F6U3, STM32C011F6U6TR, STM32C011J4M3, STM32C011J4M6, STM32C011J6M3, STM32C011J6M6, STM32C0316-DK, STM32C031C4T3, STM32C031C4T6, STM32C031C4U3, STM32C031C4U6, STM32C031C6T3, STM32C031C6T6, STM32C031C6U3, STM32C031C6U6, STM32C031F4P3, STM32C031F4P6, STM32C031F6P3, STM32C031F6P6, STM32C031G4U3, STM32C031G4U6, STM32C031G6U3, STM32C031G6U6, STM32C031K4T3, STM32C031K4T6, STM32C031K4U3, STM32C031K4U6, STM32C031K6T3, STM32C031K6T6, STM32C031K6U3, STM32C031K6U6, STM32C051C6T6, STM32C051C6U6, STM32C051C8T6, STM32C051C8U6, STM32C051D8Y6TR, STM32C051F6P6, STM32C051F8P6, STM32C051G6U6, STM32C051G8U6, STM32C051K6T6, STM32C051K6U6, STM32C051K8T6, STM32C071C8T6, STM32C071C8T6N, STM32C071C8U6, STM32C071C8U6N, STM32C071CBT6, STM32C071CBT6N, STM32C071CBU6, STM32C071CBU6N, STM32C071F8P6, STM32C071F8P6N, STM32C071FBP6, STM32C071FBP6N, STM32C071FBY6TR, STM32C071G8U6, STM32C071G8U6N, STM32C071GBU6, STM32C071GBU6N, STM32C071K8T6, STM32C071K8T6N, STM32C071K8U6, STM32C071K8U6N, STM32C071KBT6, STM32C071KBT6N, STM32C071KBU6, STM32C071KBU6N, STM32C071R8T6, STM32C071R8T6N, STM32C071RBI6N, STM32C071RBT6, STM32C071RBT6N, STM32C091CBT6, STM32C091CBU6, STM32C091CCT6, STM32C091CCU6, STM32C091ECY6TR, STM32C091FBP6, STM32C091FCP6, STM32C091GBU6, STM32C091GCU6, STM32C091KBT6, STM32C091KBU6, STM32C091KCT6, STM32C091KCU6, STM32C091RBT6, STM32C091RCI6, STM32C091RCT6, STM32C092CBT6, STM32C092CBU6, STM32C092CCT6, STM32C092CCU6, STM32C092ECY6TR, STM32C092FBP6, STM32C092FCP6, STM32C092GBU6, STM32C092GCU6, STM32C092KBT6, STM32C092KBU6, STM32C092KCT6, STM32C092KCU6, STM32C092RBT6, STM32C092RCI6, STM32C092RCT6, STM32G071K8TXN, STM32G071K8UXN, STM32G081GBU6N, STM32G081KBT6N, STM32G081KBUXN, STM32G0B1CCT6N, STM32G0B1KCT6, STM32G0B1NEY6TR, STM32G0B1RCT6N, STM32G0C1CCT6, STM32G0C1CCT6N, STM32G0C1CCU6N, STM32G0C1CET6N, STM32G0C1CEU6N, STM32G0C1KCT6, STM32G0C1NEY6TR, STM32G0C1RCI6N, STM32G0C1RCT6N, STM32G0C1REI6N, STM32G0C1RET6N, STM32G0C1VCI6, STM32G0C1VEI6, STM32G411C6T3, STM32G411C6T6, STM32G411C6U3, STM32G411C6U6, STM32G411C8T3, STM32G411C8T6, STM32G411C8U3, STM32G411C8U6, STM32G411CBT3, STM32G411CBT6, STM32G411CBU3, STM32G411CBU6, STM32G411K6T3, STM32G411K6T6, STM32G411K6U3, STM32G411K6U6, STM32G411K8T3, STM32G411K8T6, STM32G411K8U3, STM32G411K8U6, STM32G411KBT3, STM32G411KBT6, STM32G411KBU3, STM32G411KBU6, STM32G411M6T3, STM32G411M6T6, STM32G411M8T3, STM32G411M8T6, STM32G411MBT3, STM32G411MBT6, STM32G411R6T3, STM32G411R6T6, STM32G411R8T3, STM32G411R8T6, STM32G411RBT3, STM32G411RBT6, STM32G414CBT3, STM32G414CBT6, STM32G414CBU3, STM32G414CBU6, STM32G414CCT3, STM32G414CCT6, STM32G414CCU3, STM32G414CCU6, STM32G414MBT3, STM32G414MBT6, STM32G414MCT3, STM32G414MCT6, STM32G414RBT3, STM32G414RBT6, STM32G414RCT3, STM32G414RCT6, STM32G414VBT3, STM32G414VBT6, STM32G414VCT3, STM32G414VCT6, STM32G431CBT3Z, STM32G431RBT3Z, STM32G471CCT6, STM32G471CCU6, STM32G471CET3, STM32G471CET6, STM32G471CEU3, STM32G471CEU6, STM32G471MCT6, STM32G471MET3, STM32G471MET6, STM32G471MEY6TR, STM32G471QCT6, STM32G471QET3, STM32G471RCT6, STM32G471RET3, STM32G471RET6, STM32G471VCH6, STM32G471VCI6, STM32G471VCT6, STM32G471VEH3, STM32G471VEH6, STM32G471VEI3, STM32G471VEI6, STM32G471VET3, STM32G471VET6, STM32G473QET3Z, STM32G473RET3Z, STM32G474CCT6, STM32G491RET3Z, STM32H503CBT6, STM32H503CBU6, STM32H503EBY6TR, STM32H503KBU6, STM32H503RBT6, STM32H523CCT6, STM32H523CCU6, STM32H523CET6, STM32H523CEU6, STM32H523HEY6TR, STM32H523RCT6, STM32H523RET6, STM32H523VCI6, STM32H523VCT6, STM32H523VEI6, STM32H523VET6, STM32H523ZCJ6, STM32H523ZCT6, STM32H523ZEJ6, STM32H523ZET6, STM32H533CET6, STM32H533CEU6, STM32H533HEY6TR, STM32H533RET6, STM32H533VEI6, STM32H533VET6, STM32H533ZEJ6, STM32H533ZET6, STM32H562AGI6, STM32H562AII6, STM32H562IGK6, STM32H562IGT6, STM32H562IIK6, STM32H562IIT6, STM32H562RGT6, STM32H562RGV6, STM32H562RIT6, STM32H562RIV6, STM32H562VGT6, STM32H562VIT6, STM32H562ZGT6, STM32H562ZIT6, STM32H563AGI6, STM32H563AII3Q, STM32H563AII6, STM32H563IGK6, STM32H563IGT6, STM32H563IIK3Q, STM32H563IIK6, STM32H563IIT3Q, STM32H563IIT6, STM32H563MIY3QTR, STM32H563RGT6, STM32H563RGV6, STM32H563RIT6, STM32H563RIV6, STM32H563VGT6, STM32H563VIT3Q, STM32H563VIT6, STM32H563ZGT6, STM32H563ZIT3Q, STM32H563ZIT6, STM32H573AII3Q, STM32H573AII6, STM32H573I-DK, STM32H573IIK3Q, STM32H573IIK6, STM32H573IIT3Q, STM32H573IIT6, STM32H573MIY3QTR, STM32H573RIT6, STM32H573RIV6, STM32H573VIT3Q, STM32H573VIT6, STM32H573ZIT3Q, STM32H573ZIT6, STM32H7R3A8I6, STM32H7R3I8K6, STM32H7R3I8T6, STM32H7R3L8H6, STM32H7R3L8H6H, STM32H7R3R8V6, STM32H7R3V8H6, STM32H7R3V8T6, STM32H7R3V8Y6TR, STM32H7R3Z8J6, STM32H7R3Z8T6, STM32H7R7A8I6, STM32H7R7I8K6, STM32H7R7I8T6, STM32H7R7L8H6, STM32H7R7L8H6H, STM32H7R7Z8J6, STM32H7S3A8I6, STM32H7S3I8K6, STM32H7S3I8T6, STM32H7S3L8H6, STM32H7S3L8H6H, STM32H7S3R8V6, STM32H7S3V8H6, STM32H7S3V8T6, STM32H7S3V8Y6TR, STM32H7S3Z8J6, STM32H7S3Z8T6, STM32H7S78-DK, STM32H7S7A8I6, STM32H7S7I8K6, STM32H7S7I8T6, STM32H7S7L8H6, STM32H7S7L8H6H, STM32H7S7Z8J6, STM32L4R5QGI6STR, STM32MP131AAE3, STM32MP131AAF3, STM32MP131AAG3, STM32MP131CAE3, STM32MP131CAF3, STM32MP131CAG3, STM32MP131DAE7, STM32MP131DAF7, STM32MP131DAG7, STM32MP131FAE7, STM32MP131FAF7, STM32MP131FAG7, STM32MP133AAE3, STM32MP133AAF3, STM32MP133AAG3, STM32MP133CAE3, STM32MP133CAF3, STM32MP133CAG3, STM32MP133DAE7, STM32MP133DAF7, STM32MP133DAG7, STM32MP133FAE7, STM32MP133FAF7, STM32MP133FAG7, STM32MP135AAE3, STM32MP135AAF3, STM32MP135AAG3, STM32MP135CAE3, STM32MP135CAF3, STM32MP135CAG3, STM32MP135DAE7, STM32MP135DAF7, STM32MP135DAG7, STM32MP135F-DK, STM32MP135FAE7, STM32MP135FAF7, STM32MP135FAF7T, STM32MP135FAF7U, STM32MP135FAG7, STM32MP211AAL3, STM32MP211AAM3, STM32MP211AAN3, STM32MP211AAO3, STM32MP211CAL3, STM32MP211CAM3, STM32MP211CAN3, STM32MP211CAO3, STM32MP211DAL3, STM32MP211DAM3, STM32MP211DAN3, STM32MP211DAO3, STM32MP211FAL3, STM32MP211FAM3, STM32MP211FAN3, STM32MP211FAO3, STM32MP213AAL3, STM32MP213AAM3, STM32MP213AAN3, STM32MP213AAO3, STM32MP213CAL3, STM32MP213CAM3, STM32MP213CAN3, STM32MP213CAO3, STM32MP213DAL3, STM32MP213DAM3, STM32MP213DAN3, STM32MP213DAO3, STM32MP213FAL3, STM32MP213FAM3, STM32MP213FAN3, STM32MP213FAO3, STM32MP215AAL3, STM32MP215AAM3, STM32MP215AAN3, STM32MP215AAO3, STM32MP215CAL3, STM32MP215CAM3, STM32MP215CAN3, STM32MP215CAO3, STM32MP215DAL3, STM32MP215DAM3, STM32MP215DAN3, STM32MP215DAO3, STM32MP215F-DK, STM32MP215FAL3, STM32MP215FAM3, STM32MP215FAN3, STM32MP215FAO3, STM32MP231AAJ3, STM32MP231AAK3, STM32MP231AAL3, STM32MP231CAJ3, STM32MP231CAK3, STM32MP231CAL3, STM32MP231DAJ3, STM32MP231DAK3, STM32MP231DAL3, STM32MP231FAJ3, STM32MP231FAK3, STM32MP231FAL3, STM32MP233AAJ3, STM32MP233AAK3, STM32MP233AAL3, STM32MP233CAJ3, STM32MP233CAK3, STM32MP233CAL3, STM32MP233DAJ3, STM32MP233DAK3, STM32MP233DAL3, STM32MP233FAJ3, STM32MP233FAK3, STM32MP233FAL3, STM32MP235AAJ3, STM32MP235AAK3, STM32MP235AAL3, STM32MP235CAJ3, STM32MP235CAK3, STM32MP235CAL3, STM32MP235DAJ3, STM32MP235DAK3, STM32MP235DAL3, STM32MP235FAJ3, STM32MP235FAK3, STM32MP235FAL3, STM32MP251AAI3, STM32MP251AAK3, STM32MP251AAL3, STM32MP251CAI3, STM32MP251CAK3, STM32MP251CAL3, STM32MP251DAI3, STM32MP251DAK3, STM32MP251DAL3, STM32MP251FAI3, STM32MP251FAK3, STM32MP251FAL3, STM32MP253AAI3, STM32MP253AAK3, STM32MP253AAL3, STM32MP253CAI3, STM32MP253CAK3, STM32MP253CAL3, STM32MP253DAI3, STM32MP253DAK3, STM32MP253DAL3, STM32MP253FAI3, STM32MP253FAK3, STM32MP253FAL3, STM32MP255AAI3, STM32MP255AAK3, STM32MP255AAL3, STM32MP255CAI3, STM32MP255CAK3, STM32MP255CAL3, STM32MP255DAI3, STM32MP255DAK3, STM32MP255DAL3, STM32MP255FAI3, STM32MP255FAK3, STM32MP255FAL3, STM32MP257AAI3, STM32MP257AAK3, STM32MP257AAL3, STM32MP257CAI3, STM32MP257CAK3, STM32MP257CAL3, STM32MP257DAI3, STM32MP257DAK3, STM32MP257DAL3, STM32MP257F-DK, STM32MP257F-EV1, STM32MP257FAI3, STM32MP257FAK3, STM32MP257FAL3, STM32N645A0H3Q, STM32N645B0H3Q, STM32N645I0H3Q, STM32N645L0H3Q, STM32N645X0H3Q, STM32N645Z0H3Q, STM32N647A0H3Q, STM32N647B0H3Q, STM32N647I0H3Q, STM32N647L0H3Q, STM32N647X0H3Q, STM32N647Z0H3Q, STM32N655A0H3Q, STM32N655B0H3Q, STM32N655I0H3Q, STM32N655L0H3Q, STM32N655X0H3Q, STM32N655Z0H3Q, STM32N6570-DK, STM32N657A0H3Q, STM32N657B0H3Q, STM32N657I0H3Q, STM32N657L0H3Q, STM32N657X0H3Q, STM32N657Z0H3Q, STM32U031C6T6, STM32U031C6U6, STM32U031C8T6, STM32U031C8U6, STM32U031F4P6, STM32U031F6P6, STM32U031F8P6, STM32U031G6Y6TR, STM32U031G8Y6TR, STM32U031K4U6, STM32U031K6U6, STM32U031K8U6, STM32U031R6I6, STM32U031R6T6, STM32U031R8I6, STM32U031R8T6, STM32U073C8T6, STM32U073C8U6, STM32U073CBT6, STM32U073CBU6, STM32U073CCT6, STM32U073CCU6, STM32U073H8Y6TR, STM32U073HBY6TR, STM32U073HCY6TR, STM32U073K8U6, STM32U073KBU6, STM32U073KCU6, STM32U073M8I6, STM32U073M8T6, STM32U073MBI6, STM32U073MBT6, STM32U073MCI6, STM32U073MCT6, STM32U073R8I6, STM32U073R8T6, STM32U073RBI6, STM32U073RBT6, STM32U073RCI6, STM32U073RCT6, STM32U083C-DK, STM32U083CCT6, STM32U083CCU6, STM32U083HCY6TR, STM32U083KCU6, STM32U083MCI6, STM32U083MCT6, STM32U083RCI6, STM32U083RCT6, STM32U375CET6, STM32U375CET6Q, STM32U375CEU6, STM32U375CEU6Q, STM32U375CEY6QTR, STM32U375CGT6, STM32U375CGT6Q, STM32U375CGU6, STM32U375CGU6Q, STM32U375CGY6QTR, STM32U375KEU6, STM32U375KGU6, STM32U375REI6, STM32U375REI6Q, STM32U375RET6, STM32U375RET6Q, STM32U375REY6GTR, STM32U375REY6QTR, STM32U375RGI6, STM32U375RGI6Q, STM32U375RGT6, STM32U375RGT6Q, STM32U375RGY6GTR, STM32U375RGY6QTR, STM32U375VEI6, STM32U375VEI6Q, STM32U375VET6, STM32U375VET6Q, STM32U375VGI6, STM32U375VGI6Q, STM32U375VGT6, STM32U375VGT6Q, STM32U385CGT6, STM32U385CGT6Q, STM32U385CGU6, STM32U385CGU6Q, STM32U385CGY6QTR, STM32U385KGU6, STM32U385RGI6, STM32U385RGI6Q, STM32U385RGT6, STM32U385RGT6Q, STM32U385RGY6GTR, STM32U385RGY6QTR, STM32U385VGI6, STM32U385VGI6Q, STM32U385VGT6, STM32U385VGT6Q, STM32U535CBT6, STM32U535CBT6Q, STM32U535CBU6, STM32U535CBU6Q, STM32U535CCT6, STM32U535CCT6Q, STM32U535CCU6, STM32U535CCU6Q, STM32U535CET6, STM32U535CET6Q, STM32U535CEU6, STM32U535CEU6Q, STM32U535JEY6QTR, STM32U535NCY6QTR, STM32U535NEY6QTR, STM32U535RBI6, STM32U535RBI6Q, STM32U535RBT6, STM32U535RBT6Q, STM32U535RCI6, STM32U535RCI6Q, STM32U535RCT6, STM32U535RCT6Q, STM32U535REI6, STM32U535REI6Q, STM32U535RET6, STM32U535RET6Q, STM32U535VCI6, STM32U535VCI6Q, STM32U535VCT6, STM32U535VCT6Q, STM32U535VEI6, STM32U535VEI6Q, STM32U535VET6, STM32U535VET6Q, STM32U545CET6, STM32U545CET6Q, STM32U545CEU6, STM32U545CEU6Q, STM32U545JEY6QTR, STM32U545NEY6QTR, STM32U545REI6, STM32U545REI6Q, STM32U545RET6, STM32U545RET6Q, STM32U545VEI6, STM32U545VEI6Q, STM32U545VET6, STM32U545VET6Q, STM32U595AIH6, STM32U595AIH6Q, STM32U595AJH6, STM32U595AJH6Q, STM32U595QII6, STM32U595QII6Q, STM32U595QJI6, STM32U595QJI6Q, STM32U595RIT6, STM32U595RIT6Q, STM32U595RJT6, STM32U595RJT6Q, STM32U595VIT6, STM32U595VIT6Q, STM32U595VJT6, STM32U595VJT6Q, STM32U595ZIT6, STM32U595ZIT6Q, STM32U595ZIY6QTR, STM32U595ZJT6, STM32U595ZJT6Q, STM32U595ZJY6QTR, STM32U599BJY6QTR, STM32U599NIH6Q, STM32U599NJH6Q, STM32U599VIT6Q, STM32U599VJT6, STM32U599VJT6Q, STM32U599ZIT6Q, STM32U599ZIY6QTR, STM32U599ZJT6Q, STM32U599ZJY6QTR, STM32U5A5AJH6, STM32U5A5AJH6Q, STM32U5A5QII3Q , STM32U5A5QJI6, STM32U5A5QJI6Q, STM32U5A5RJT6, STM32U5A5RJT6Q, STM32U5A5VJT6, STM32U5A5VJT6Q, STM32U5A5ZJT6, STM32U5A5ZJT6Q, STM32U5A5ZJY6QTR, STM32U5A9BJY6QTR, STM32U5A9J-DK, STM32U5A9NJH6Q, STM32U5A9VJT6Q, STM32U5A9ZJT6Q, STM32U5A9ZJY6QTR, STM32U5F7VIT6, STM32U5F7VIT6Q, STM32U5F7VJT6, STM32U5F7VJT6Q, STM32U5F9BJY6QTR, STM32U5F9NJH6Q, STM32U5F9VIT6Q, STM32U5F9VJT6Q, STM32U5F9ZIJ6QTR, STM32U5F9ZIT6Q, STM32U5F9ZJJ6QTR, STM32U5F9ZJT6Q, STM32U5G7VJT6, STM32U5G7VJT6Q, STM32U5G9BJY6QTR, STM32U5G9J-DK1, STM32U5G9J-DK2, STM32U5G9NJH6Q, STM32U5G9VJT6Q, STM32U5G9ZJJ6QTR, STM32U5G9ZJT6Q, STM32WB05KZV6TR, STM32WB05KZV7TR, STM32WB05TZF6TR, STM32WB05TZF7TR, STM32WB06CCF6TR, STM32WB06CCF7TR, STM32WB06CCV6TR, STM32WB06CCV7TR, STM32WB06KCV6TR, STM32WB06KCV7TR, STM32WB07CCF6TR, STM32WB07CCF7TR, STM32WB07CCV6TR, STM32WB07CCV7TR, STM32WB07KCV6TR, STM32WB07KCV7TR, STM32WB09KEV6TR, STM32WB09KEV7TR, STM32WB09TEF6TR, STM32WB09TEF7TR, STM32WB1MMCH6, STM32WBA50KGU6, STM32WBA50KGU6TR, STM32WBA52CEU6, STM32WBA52CEU6TR, STM32WBA52CEU7, STM32WBA52CEU7TR, STM32WBA52CGU6, STM32WBA52CGU6TR, STM32WBA52CGU6U, STM32WBA52CGU7, STM32WBA52CGU7TR, STM32WBA52KEU6, STM32WBA52KEU6TR, STM32WBA52KGU6, STM32WBA52KGU6TR, STM32WBA54CEU6, STM32WBA54CEU6TR, STM32WBA54CEU7, STM32WBA54CEU7TR, STM32WBA54CGU6, STM32WBA54CGU6TR, STM32WBA54CGU7, STM32WBA54CGU7TR, STM32WBA54KEU6, STM32WBA54KEU6TR, STM32WBA54KEU7, STM32WBA54KEU7TR, STM32WBA54KGU6, STM32WBA54KGU6TR, STM32WBA54KGU7, STM32WBA54KGU7TR, STM32WBA55CEU6, STM32WBA55CEU6TR, STM32WBA55CEU7, STM32WBA55CEU7TR, STM32WBA55CGU6, STM32WBA55CGU6TR, STM32WBA55CGU6U, STM32WBA55CGU7, STM32WBA55CGU7TR, STM32WBA55G-DK1, STM32WBA55HEF6, STM32WBA55HEF7, STM32WBA55HGF6, STM32WBA55HGF7, STM32WBA55UEI6, STM32WBA55UEI6TR, STM32WBA55UEI7, STM32WBA55UEI7TR, STM32WBA55UGI6, STM32WBA55UGI6TR, STM32WBA55UGI7, STM32WBA55UGI7TR, STM32WBA5MMGH6TR, STM32WBA62MGF6, STM32WBA62MIF6, STM32WBA65MGF7, STM32WBA65MIF6, STM32WBA65MIF7, STM32WL30K8V6, STM32WL30KBV6, STM32WL31C8V6, STM32WL31CBV6, STM32WL31K8V6, STM32WL31KBV6, STM32WL33C8V6, STM32WL33C8V6X, STM32WL33CBV6, STM32WL33CBV6X, STM32WL33CCV6, STM32WL33CCV6A, STM32WL33CCV6X, STM32WL33K8V7, STM32WL33K8V7X, STM32WL33KBV7 , STM32WL33KBV7X, STM32WL33KCV7, STM32WL33KCV7X, STM32WL5MOCH6, STM32WL5MOCH6TR]
2025-09-14 12:28:08,440 [INFO] BoardInfo:889 - No configuration file found for board P-NUCLEO-WB55
2025-09-14 12:28:08,442 [INFO] DbBoards:161 - Kit is not supported: P-NUCLEO-WB55
2025-09-14 12:28:08,452 [INFO] BoardInfo:889 - No configuration file found for board STEVAL-BFA001V1B
2025-09-14 12:28:08,454 [INFO] DbBoards:161 - Kit is not supported: STEVAL-BFA001V1B
2025-09-14 12:28:08,456 [INFO] BoardInfo:889 - No configuration file found for board STEVAL-BFA001V2B
2025-09-14 12:28:08,458 [INFO] DbBoards:161 - Kit is not supported: STEVAL-BFA001V2B
2025-09-14 12:28:08,758 [INFO] DbBoards:168 - Found 212 boards, 209 are supported
2025-09-14 12:28:08,758 [INFO] DbBoards:169 - Found 212 boards, 43 of them is supported for  Bsp
2025-09-14 12:28:08,765 [INFO] ApiDb:668 - CubeFinder database Data Model version=2.1
2025-09-14 12:28:08,765 [INFO] ApiDb:669 - CubeFinder database Configuration version=3.0.39
2025-09-14 12:28:08,765 [INFO] ApiDb:670 - CubeFinder database generation date=2025-08-25 (1756130511)
2025-09-14 12:28:08,765 [INFO] ApiDb:671 - CubeFinder database FW Pack versions=[FP-ATR-ASTRA1_V2.0.0, FP-SNS-FLIGHT1_V5.1.0, FP-SNS-MOTENV1_V5.0.0, FP-SNS-MOTENVWB1_V1.4.0, FP-SNS-SMARTAG2_V1.2.0, FP-SNS-STBOX1_V2.1.0, STM32Cube_FW_C0_V1.4.0, STM32Cube_FW_F4_V1.28.3, STM32Cube_FW_F7_V1.17.4, STM32Cube_FW_G0_V1.6.2, STM32Cube_FW_G4_V1.6.1, STM32Cube_FW_H5_V1.5.0, STM32Cube_FW_H7RS_V1.2.0, STM32Cube_FW_H7_V1.12.1, STM32Cube_FW_L0_V1.12.2, STM32Cube_FW_L4_V1.18.1, STM32Cube_FW_L5_V1.5.1, STM32Cube_FW_N6_V1.2.0, STM32Cube_FW_U0_V1.3.0, STM32Cube_FW_U3_V1.2.0, STM32Cube_FW_U5_V1.8.0, STM32Cube_FW_WB0_V1.3.0, STM32Cube_FW_WBA_V1.7.0, STM32Cube_FW_WB_V1.23.0, STM32Cube_FW_WL3_V1.2.0, STM32Cube_FW_WL_V1.3.1, X-CUBE-ALGOBUILD_V1.4.0, X-CUBE-ALS_V1.0.2, X-CUBE-AZRTOS-F4_V1.1.0, X-CUBE-AZRTOS-F7_V1.1.0, X-CUBE-AZRTOS-G0_V1.1.0, X-CUBE-AZRTOS-G4_V2.0.0, X-CUBE-AZRTOS-H7RS_V1.1.0, X-CUBE-AZRTOS-H7_V3.4.0, X-CUBE-AZRTOS-L4_V2.0.0, X-CUBE-AZRTOS-L5_V2.0.0, X-CUBE-AZRTOS-WB_V2.0.0, X-CUBE-AZRTOS-WL_V2.0.0, X-CUBE-BLE1_V7.1.0, X-CUBE-BLE2_V3.3.0, X-CUBE-BLEMGR_V4.1.0, X-CUBE-EEPRMA1_V5.2.0, X-CUBE-FREERTOS_V1.3.1, X-CUBE-GNSS1_V6.0.0, X-CUBE-MEMS1_V11.3.0, X-CUBE-NFC4_V3.0.0, X-CUBE-NFC7_V2.0.0, X-CUBE-SFXS2LP1_V4.0.0, X-CUBE-ST67W61_V1.0.0, X-CUBE-SUBG2_V5.0.0, X-CUBE-TOF1_V3.4.3]
2025-09-14 12:28:11,798 [INFO] ApiDb:240 - Found 880 in-development CPN: [B-G473E-ZEST1S, B-WB1M-WPAN1, B-WBA5M-WPAN, B-WL5M-SUBG1, NUCLEO-C031C6, NUCLEO-C051C8, NUCLEO-C071RB, NUCLEO-C092RC, NUCLEO-H503RB, NUCLEO-H533RE, NUCLEO-H563ZI, NUCLEO-H7S3L8, NUCLEO-N657X0-Q, NUCLEO-U031R8, NUCLEO-U083RC, NUCLEO-U385RG-Q, NUCLEO-U545RE-Q, NUCLEO-U5A5ZJ-Q, NUCLEO-WB05KZ, NUCLEO-WB07CC, NUCLEO-WB09KE, NUCLEO-WBA52CG, NUCLEO-WBA55CG, NUCLEO-WL33CC1, NUCLEO-WL33CC2, STEVAL-PROTEUS1, STEVAL-SMARTAG2, STEVAL-STWINBX1, STM320518-EVAL, STM32C0116-DK, STM32C011D6Y3TR, STM32C011D6Y6TR, STM32C011F4P3, STM32C011F4P6, STM32C011F4U3, STM32C011F4U6TR, STM32C011F6P3, STM32C011F6P6, STM32C011F6U3, STM32C011F6U6TR, STM32C011J4M3, STM32C011J4M6, STM32C011J6M3, STM32C011J6M6, STM32C0316-DK, STM32C031C4T3, STM32C031C4T6, STM32C031C4U3, STM32C031C4U6, STM32C031C6T3, STM32C031C6T6, STM32C031C6U3, STM32C031C6U6, STM32C031F4P3, STM32C031F4P6, STM32C031F6P3, STM32C031F6P6, STM32C031G4U3, STM32C031G4U6, STM32C031G6U3, STM32C031G6U6, STM32C031K4T3, STM32C031K4T6, STM32C031K4U3, STM32C031K4U6, STM32C031K6T3, STM32C031K6T6, STM32C031K6U3, STM32C031K6U6, STM32C051C6T6, STM32C051C6U6, STM32C051C8T6, STM32C051C8U6, STM32C051D8Y6TR, STM32C051F6P6, STM32C051F8P6, STM32C051G6U6, STM32C051G8U6, STM32C051K6T6, STM32C051K6U6, STM32C051K8T6, STM32C071C8T6, STM32C071C8T6N, STM32C071C8U6, STM32C071C8U6N, STM32C071CBT6, STM32C071CBT6N, STM32C071CBU6, STM32C071CBU6N, STM32C071F8P6, STM32C071F8P6N, STM32C071FBP6, STM32C071FBP6N, STM32C071FBY6TR, STM32C071G8U6, STM32C071G8U6N, STM32C071GBU6, STM32C071GBU6N, STM32C071K8T6, STM32C071K8T6N, STM32C071K8U6, STM32C071K8U6N, STM32C071KBT6, STM32C071KBT6N, STM32C071KBU6, STM32C071KBU6N, STM32C071R8T6, STM32C071R8T6N, STM32C071RBI6N, STM32C071RBT6, STM32C071RBT6N, STM32C091CBT6, STM32C091CBU6, STM32C091CCT6, STM32C091CCU6, STM32C091ECY6TR, STM32C091FBP6, STM32C091FCP6, STM32C091GBU6, STM32C091GCU6, STM32C091KBT6, STM32C091KBU6, STM32C091KCT6, STM32C091KCU6, STM32C091RBT6, STM32C091RCI6, STM32C091RCT6, STM32C092CBT6, STM32C092CBU6, STM32C092CCT6, STM32C092CCU6, STM32C092ECY6TR, STM32C092FBP6, STM32C092FCP6, STM32C092GBU6, STM32C092GCU6, STM32C092KBT6, STM32C092KBU6, STM32C092KCT6, STM32C092KCU6, STM32C092RBT6, STM32C092RCI6, STM32C092RCT6, STM32G071K8TXN, STM32G071K8UXN, STM32G081GBU6N, STM32G081KBT6N, STM32G081KBUXN, STM32G0B1CCT6N, STM32G0B1KCT6, STM32G0B1NEY6TR, STM32G0B1RCT6N, STM32G0C1CCT6, STM32G0C1CCT6N, STM32G0C1CCU6N, STM32G0C1CET6N, STM32G0C1CEU6N, STM32G0C1KCT6, STM32G0C1NEY6TR, STM32G0C1RCI6N, STM32G0C1RCT6N, STM32G0C1REI6N, STM32G0C1RET6N, STM32G0C1VCI6, STM32G0C1VEI6, STM32G411C6T3, STM32G411C6T6, STM32G411C6U3, STM32G411C6U6, STM32G411C8T3, STM32G411C8T6, STM32G411C8U3, STM32G411C8U6, STM32G411CBT3, STM32G411CBT6, STM32G411CBU3, STM32G411CBU6, STM32G411K6T3, STM32G411K6T6, STM32G411K6U3, STM32G411K6U6, STM32G411K8T3, STM32G411K8T6, STM32G411K8U3, STM32G411K8U6, STM32G411KBT3, STM32G411KBT6, STM32G411KBU3, STM32G411KBU6, STM32G411M6T3, STM32G411M6T6, STM32G411M8T3, STM32G411M8T6, STM32G411MBT3, STM32G411MBT6, STM32G411R6T3, STM32G411R6T6, STM32G411R8T3, STM32G411R8T6, STM32G411RBT3, STM32G411RBT6, STM32G414CBT3, STM32G414CBT6, STM32G414CBU3, STM32G414CBU6, STM32G414CCT3, STM32G414CCT6, STM32G414CCU3, STM32G414CCU6, STM32G414MBT3, STM32G414MBT6, STM32G414MCT3, STM32G414MCT6, STM32G414RBT3, STM32G414RBT6, STM32G414RCT3, STM32G414RCT6, STM32G414VBT3, STM32G414VBT6, STM32G414VCT3, STM32G414VCT6, STM32G431CBT3Z, STM32G431RBT3Z, STM32G471CCT6, STM32G471CCU6, STM32G471CET3, STM32G471CET6, STM32G471CEU3, STM32G471CEU6, STM32G471MCT6, STM32G471MET3, STM32G471MET6, STM32G471MEY6TR, STM32G471QCT6, STM32G471QET3, STM32G471RCT6, STM32G471RET3, STM32G471RET6, STM32G471VCH6, STM32G471VCI6, STM32G471VCT6, STM32G471VEH3, STM32G471VEH6, STM32G471VEI3, STM32G471VEI6, STM32G471VET3, STM32G471VET6, STM32G473QET3Z, STM32G473RET3Z, STM32G474CCT6, STM32G491RET3Z, STM32H503CBT6, STM32H503CBU6, STM32H503EBY6TR, STM32H503KBU6, STM32H503RBT6, STM32H523CCT6, STM32H523CCU6, STM32H523CET6, STM32H523CEU6, STM32H523HEY6TR, STM32H523RCT6, STM32H523RET6, STM32H523VCI6, STM32H523VCT6, STM32H523VEI6, STM32H523VET6, STM32H523ZCJ6, STM32H523ZCT6, STM32H523ZEJ6, STM32H523ZET6, STM32H533CET6, STM32H533CEU6, STM32H533HEY6TR, STM32H533RET6, STM32H533VEI6, STM32H533VET6, STM32H533ZEJ6, STM32H533ZET6, STM32H562AGI6, STM32H562AII6, STM32H562IGK6, STM32H562IGT6, STM32H562IIK6, STM32H562IIT6, STM32H562RGT6, STM32H562RGV6, STM32H562RIT6, STM32H562RIV6, STM32H562VGT6, STM32H562VIT6, STM32H562ZGT6, STM32H562ZIT6, STM32H563AGI6, STM32H563AII3Q, STM32H563AII6, STM32H563IGK6, STM32H563IGT6, STM32H563IIK3Q, STM32H563IIK6, STM32H563IIT3Q, STM32H563IIT6, STM32H563MIY3QTR, STM32H563RGT6, STM32H563RGV6, STM32H563RIT6, STM32H563RIV6, STM32H563VGT6, STM32H563VIT3Q, STM32H563VIT6, STM32H563ZGT6, STM32H563ZIT3Q, STM32H563ZIT6, STM32H573AII3Q, STM32H573AII6, STM32H573I-DK, STM32H573IIK3Q, STM32H573IIK6, STM32H573IIT3Q, STM32H573IIT6, STM32H573MIY3QTR, STM32H573RIT6, STM32H573RIV6, STM32H573VIT3Q, STM32H573VIT6, STM32H573ZIT3Q, STM32H573ZIT6, STM32H7R3A8I6, STM32H7R3I8K6, STM32H7R3I8T6, STM32H7R3L8H6, STM32H7R3L8H6H, STM32H7R3R8V6, STM32H7R3V8H6, STM32H7R3V8T6, STM32H7R3V8Y6TR, STM32H7R3Z8J6, STM32H7R3Z8T6, STM32H7R7A8I6, STM32H7R7I8K6, STM32H7R7I8T6, STM32H7R7L8H6, STM32H7R7L8H6H, STM32H7R7Z8J6, STM32H7S3A8I6, STM32H7S3I8K6, STM32H7S3I8T6, STM32H7S3L8H6, STM32H7S3L8H6H, STM32H7S3R8V6, STM32H7S3V8H6, STM32H7S3V8T6, STM32H7S3V8Y6TR, STM32H7S3Z8J6, STM32H7S3Z8T6, STM32H7S78-DK, STM32H7S7A8I6, STM32H7S7I8K6, STM32H7S7I8T6, STM32H7S7L8H6, STM32H7S7L8H6H, STM32H7S7Z8J6, STM32L4R5QGI6STR, STM32MP131AAE3, STM32MP131AAF3, STM32MP131AAG3, STM32MP131CAE3, STM32MP131CAF3, STM32MP131CAG3, STM32MP131DAE7, STM32MP131DAF7, STM32MP131DAG7, STM32MP131FAE7, STM32MP131FAF7, STM32MP131FAG7, STM32MP133AAE3, STM32MP133AAF3, STM32MP133AAG3, STM32MP133CAE3, STM32MP133CAF3, STM32MP133CAG3, STM32MP133DAE7, STM32MP133DAF7, STM32MP133DAG7, STM32MP133FAE7, STM32MP133FAF7, STM32MP133FAG7, STM32MP135AAE3, STM32MP135AAF3, STM32MP135AAG3, STM32MP135CAE3, STM32MP135CAF3, STM32MP135CAG3, STM32MP135DAE7, STM32MP135DAF7, STM32MP135DAG7, STM32MP135F-DK, STM32MP135FAE7, STM32MP135FAF7, STM32MP135FAF7T, STM32MP135FAF7U, STM32MP135FAG7, STM32MP211AAL3, STM32MP211AAM3, STM32MP211AAN3, STM32MP211AAO3, STM32MP211CAL3, STM32MP211CAM3, STM32MP211CAN3, STM32MP211CAO3, STM32MP211DAL3, STM32MP211DAM3, STM32MP211DAN3, STM32MP211DAO3, STM32MP211FAL3, STM32MP211FAM3, STM32MP211FAN3, STM32MP211FAO3, STM32MP213AAL3, STM32MP213AAM3, STM32MP213AAN3, STM32MP213AAO3, STM32MP213CAL3, STM32MP213CAM3, STM32MP213CAN3, STM32MP213CAO3, STM32MP213DAL3, STM32MP213DAM3, STM32MP213DAN3, STM32MP213DAO3, STM32MP213FAL3, STM32MP213FAM3, STM32MP213FAN3, STM32MP213FAO3, STM32MP215AAL3, STM32MP215AAM3, STM32MP215AAN3, STM32MP215AAO3, STM32MP215CAL3, STM32MP215CAM3, STM32MP215CAN3, STM32MP215CAO3, STM32MP215DAL3, STM32MP215DAM3, STM32MP215DAN3, STM32MP215DAO3, STM32MP215F-DK, STM32MP215FAL3, STM32MP215FAM3, STM32MP215FAN3, STM32MP215FAO3, STM32MP231AAJ3, STM32MP231AAK3, STM32MP231AAL3, STM32MP231CAJ3, STM32MP231CAK3, STM32MP231CAL3, STM32MP231DAJ3, STM32MP231DAK3, STM32MP231DAL3, STM32MP231FAJ3, STM32MP231FAK3, STM32MP231FAL3, STM32MP233AAJ3, STM32MP233AAK3, STM32MP233AAL3, STM32MP233CAJ3, STM32MP233CAK3, STM32MP233CAL3, STM32MP233DAJ3, STM32MP233DAK3, STM32MP233DAL3, STM32MP233FAJ3, STM32MP233FAK3, STM32MP233FAL3, STM32MP235AAJ3, STM32MP235AAK3, STM32MP235AAL3, STM32MP235CAJ3, STM32MP235CAK3, STM32MP235CAL3, STM32MP235DAJ3, STM32MP235DAK3, STM32MP235DAL3, STM32MP235FAJ3, STM32MP235FAK3, STM32MP235FAL3, STM32MP251AAI3, STM32MP251AAK3, STM32MP251AAL3, STM32MP251CAI3, STM32MP251CAK3, STM32MP251CAL3, STM32MP251DAI3, STM32MP251DAK3, STM32MP251DAL3, STM32MP251FAI3, STM32MP251FAK3, STM32MP251FAL3, STM32MP253AAI3, STM32MP253AAK3, STM32MP253AAL3, STM32MP253CAI3, STM32MP253CAK3, STM32MP253CAL3, STM32MP253DAI3, STM32MP253DAK3, STM32MP253DAL3, STM32MP253FAI3, STM32MP253FAK3, STM32MP253FAL3, STM32MP255AAI3, STM32MP255AAK3, STM32MP255AAL3, STM32MP255CAI3, STM32MP255CAK3, STM32MP255CAL3, STM32MP255DAI3, STM32MP255DAK3, STM32MP255DAL3, STM32MP255FAI3, STM32MP255FAK3, STM32MP255FAL3, STM32MP257AAI3, STM32MP257AAK3, STM32MP257AAL3, STM32MP257CAI3, STM32MP257CAK3, STM32MP257CAL3, STM32MP257DAI3, STM32MP257DAK3, STM32MP257DAL3, STM32MP257F-DK, STM32MP257F-EV1, STM32MP257FAI3, STM32MP257FAK3, STM32MP257FAL3, STM32N645A0H3Q, STM32N645B0H3Q, STM32N645I0H3Q, STM32N645L0H3Q, STM32N645X0H3Q, STM32N645Z0H3Q, STM32N647A0H3Q, STM32N647B0H3Q, STM32N647I0H3Q, STM32N647L0H3Q, STM32N647X0H3Q, STM32N647Z0H3Q, STM32N655A0H3Q, STM32N655B0H3Q, STM32N655I0H3Q, STM32N655L0H3Q, STM32N655X0H3Q, STM32N655Z0H3Q, STM32N6570-DK, STM32N657A0H3Q, STM32N657B0H3Q, STM32N657I0H3Q, STM32N657L0H3Q, STM32N657X0H3Q, STM32N657Z0H3Q, STM32U031C6T6, STM32U031C6U6, STM32U031C8T6, STM32U031C8U6, STM32U031F4P6, STM32U031F6P6, STM32U031F8P6, STM32U031G6Y6TR, STM32U031G8Y6TR, STM32U031K4U6, STM32U031K6U6, STM32U031K8U6, STM32U031R6I6, STM32U031R6T6, STM32U031R8I6, STM32U031R8T6, STM32U073C8T6, STM32U073C8U6, STM32U073CBT6, STM32U073CBU6, STM32U073CCT6, STM32U073CCU6, STM32U073H8Y6TR, STM32U073HBY6TR, STM32U073HCY6TR, STM32U073K8U6, STM32U073KBU6, STM32U073KCU6, STM32U073M8I6, STM32U073M8T6, STM32U073MBI6, STM32U073MBT6, STM32U073MCI6, STM32U073MCT6, STM32U073R8I6, STM32U073R8T6, STM32U073RBI6, STM32U073RBT6, STM32U073RCI6, STM32U073RCT6, STM32U083C-DK, STM32U083CCT6, STM32U083CCU6, STM32U083HCY6TR, STM32U083KCU6, STM32U083MCI6, STM32U083MCT6, STM32U083RCI6, STM32U083RCT6, STM32U375CET6, STM32U375CET6Q, STM32U375CEU6, STM32U375CEU6Q, STM32U375CEY6QTR, STM32U375CGT6, STM32U375CGT6Q, STM32U375CGU6, STM32U375CGU6Q, STM32U375CGY6QTR, STM32U375KEU6, STM32U375KGU6, STM32U375REI6, STM32U375REI6Q, STM32U375RET6, STM32U375RET6Q, STM32U375REY6GTR, STM32U375REY6QTR, STM32U375RGI6, STM32U375RGI6Q, STM32U375RGT6, STM32U375RGT6Q, STM32U375RGY6GTR, STM32U375RGY6QTR, STM32U375VEI6, STM32U375VEI6Q, STM32U375VET6, STM32U375VET6Q, STM32U375VGI6, STM32U375VGI6Q, STM32U375VGT6, STM32U375VGT6Q, STM32U385CGT6, STM32U385CGT6Q, STM32U385CGU6, STM32U385CGU6Q, STM32U385CGY6QTR, STM32U385KGU6, STM32U385RGI6, STM32U385RGI6Q, STM32U385RGT6, STM32U385RGT6Q, STM32U385RGY6GTR, STM32U385RGY6QTR, STM32U385VGI6, STM32U385VGI6Q, STM32U385VGT6, STM32U385VGT6Q, STM32U535CBT6, STM32U535CBT6Q, STM32U535CBU6, STM32U535CBU6Q, STM32U535CCT6, STM32U535CCT6Q, STM32U535CCU6, STM32U535CCU6Q, STM32U535CET6, STM32U535CET6Q, STM32U535CEU6, STM32U535CEU6Q, STM32U535JEY6QTR, STM32U535NCY6QTR, STM32U535NEY6QTR, STM32U535RBI6, STM32U535RBI6Q, STM32U535RBT6, STM32U535RBT6Q, STM32U535RCI6, STM32U535RCI6Q, STM32U535RCT6, STM32U535RCT6Q, STM32U535REI6, STM32U535REI6Q, STM32U535RET6, STM32U535RET6Q, STM32U535VCI6, STM32U535VCI6Q, STM32U535VCT6, STM32U535VCT6Q, STM32U535VEI6, STM32U535VEI6Q, STM32U535VET6, STM32U535VET6Q, STM32U545CET6, STM32U545CET6Q, STM32U545CEU6, STM32U545CEU6Q, STM32U545JEY6QTR, STM32U545NEY6QTR, STM32U545REI6, STM32U545REI6Q, STM32U545RET6, STM32U545RET6Q, STM32U545VEI6, STM32U545VEI6Q, STM32U545VET6, STM32U545VET6Q, STM32U595AIH6, STM32U595AIH6Q, STM32U595AJH6, STM32U595AJH6Q, STM32U595QII6, STM32U595QII6Q, STM32U595QJI6, STM32U595QJI6Q, STM32U595RIT6, STM32U595RIT6Q, STM32U595RJT6, STM32U595RJT6Q, STM32U595VIT6, STM32U595VIT6Q, STM32U595VJT6, STM32U595VJT6Q, STM32U595ZIT6, STM32U595ZIT6Q, STM32U595ZIY6QTR, STM32U595ZJT6, STM32U595ZJT6Q, STM32U595ZJY6QTR, STM32U599BJY6QTR, STM32U599NIH6Q, STM32U599NJH6Q, STM32U599VIT6Q, STM32U599VJT6, STM32U599VJT6Q, STM32U599ZIT6Q, STM32U599ZIY6QTR, STM32U599ZJT6Q, STM32U599ZJY6QTR, STM32U5A5AJH6, STM32U5A5AJH6Q, STM32U5A5QII3Q , STM32U5A5QJI6, STM32U5A5QJI6Q, STM32U5A5RJT6, STM32U5A5RJT6Q, STM32U5A5VJT6, STM32U5A5VJT6Q, STM32U5A5ZJT6, STM32U5A5ZJT6Q, STM32U5A5ZJY6QTR, STM32U5A9BJY6QTR, STM32U5A9J-DK, STM32U5A9NJH6Q, STM32U5A9VJT6Q, STM32U5A9ZJT6Q, STM32U5A9ZJY6QTR, STM32U5F7VIT6, STM32U5F7VIT6Q, STM32U5F7VJT6, STM32U5F7VJT6Q, STM32U5F9BJY6QTR, STM32U5F9NJH6Q, STM32U5F9VIT6Q, STM32U5F9VJT6Q, STM32U5F9ZIJ6QTR, STM32U5F9ZIT6Q, STM32U5F9ZJJ6QTR, STM32U5F9ZJT6Q, STM32U5G7VJT6, STM32U5G7VJT6Q, STM32U5G9BJY6QTR, STM32U5G9J-DK1, STM32U5G9J-DK2, STM32U5G9NJH6Q, STM32U5G9VJT6Q, STM32U5G9ZJJ6QTR, STM32U5G9ZJT6Q, STM32WB05KZV6TR, STM32WB05KZV7TR, STM32WB05TZF6TR, STM32WB05TZF7TR, STM32WB06CCF6TR, STM32WB06CCF7TR, STM32WB06CCV6TR, STM32WB06CCV7TR, STM32WB06KCV6TR, STM32WB06KCV7TR, STM32WB07CCF6TR, STM32WB07CCF7TR, STM32WB07CCV6TR, STM32WB07CCV7TR, STM32WB07KCV6TR, STM32WB07KCV7TR, STM32WB09KEV6TR, STM32WB09KEV7TR, STM32WB09TEF6TR, STM32WB09TEF7TR, STM32WB1MMCH6, STM32WBA50KGU6, STM32WBA50KGU6TR, STM32WBA52CEU6, STM32WBA52CEU6TR, STM32WBA52CEU7, STM32WBA52CEU7TR, STM32WBA52CGU6, STM32WBA52CGU6TR, STM32WBA52CGU6U, STM32WBA52CGU7, STM32WBA52CGU7TR, STM32WBA52KEU6, STM32WBA52KEU6TR, STM32WBA52KGU6, STM32WBA52KGU6TR, STM32WBA54CEU6, STM32WBA54CEU6TR, STM32WBA54CEU7, STM32WBA54CEU7TR, STM32WBA54CGU6, STM32WBA54CGU6TR, STM32WBA54CGU7, STM32WBA54CGU7TR, STM32WBA54KEU6, STM32WBA54KEU6TR, STM32WBA54KEU7, STM32WBA54KEU7TR, STM32WBA54KGU6, STM32WBA54KGU6TR, STM32WBA54KGU7, STM32WBA54KGU7TR, STM32WBA55CEU6, STM32WBA55CEU6TR, STM32WBA55CEU7, STM32WBA55CEU7TR, STM32WBA55CGU6, STM32WBA55CGU6TR, STM32WBA55CGU6U, STM32WBA55CGU7, STM32WBA55CGU7TR, STM32WBA55G-DK1, STM32WBA55HEF6, STM32WBA55HEF7, STM32WBA55HGF6, STM32WBA55HGF7, STM32WBA55UEI6, STM32WBA55UEI6TR, STM32WBA55UEI7, STM32WBA55UEI7TR, STM32WBA55UGI6, STM32WBA55UGI6TR, STM32WBA55UGI7, STM32WBA55UGI7TR, STM32WBA5MMGH6TR, STM32WBA62MGF6, STM32WBA62MIF6, STM32WBA65MGF7, STM32WBA65MIF6, STM32WBA65MIF7, STM32WL30K8V6, STM32WL30KBV6, STM32WL31C8V6, STM32WL31CBV6, STM32WL31K8V6, STM32WL31KBV6, STM32WL33C8V6, STM32WL33C8V6X, STM32WL33CBV6, STM32WL33CBV6X, STM32WL33CCV6, STM32WL33CCV6A, STM32WL33CCV6X, STM32WL33K8V7, STM32WL33K8V7X, STM32WL33KBV7 , STM32WL33KBV7X, STM32WL33KCV7, STM32WL33KCV7X, STM32WL5MOCH6, STM32WL5MOCH6TR]
2025-09-14 12:28:11,807 [INFO] DbMcus:218 - Found 4801 MCUs, 4801 are supported
2025-09-14 12:28:11,807 [INFO] ApiDb:423 - Load user favorites file C:\Users\fervi/.stm32cubeide/favorites.mcus.txt: 0 item(s)
2025-09-14 12:28:11,807 [INFO] ApiDb:427 - User favorites MCUs=[]
2025-09-14 12:28:11,807 [INFO] DbMcus:224 - Set 0 / 0 favorites MCUs
2025-09-14 12:28:12,347 [INFO] ApiDb:423 - Load user favorites file C:\Users\fervi/.stm32cubeide/favorites.boards.txt: 0 item(s)
2025-09-14 12:28:12,347 [INFO] ApiDb:427 - User favorites Boards=[]
2025-09-14 12:28:12,348 [INFO] DbBoards:198 - Set 0 / 0 favorites Boards
2025-09-14 12:28:12,394 [INFO] UtilMem:75 - End LoadConfig() Used Memory: 232532136 Bytes (468713472)
2025-09-14 12:28:12,624 [WARN] ThirdParty:833 - waiting for thirdparty lock release [change project]
2025-09-14 12:28:12,624 [INFO] ThirdParty:835 - entering critical section [change project]
2025-09-14 12:28:12,624 [INFO] ThirdParty:1030 - CMSIS Pack Vendor :STMicroelectronics X-CUBE-PM33A1 1.0.0
2025-09-14 12:28:12,625 [INFO] ThirdParty:1030 - CMSIS Pack Vendor :STMicroelectronics USBPD 4.1
2025-09-14 12:28:12,625 [INFO] ThirdParty:1030 - CMSIS Pack Vendor :STMicroelectronics X-CUBE-NFC9 1.0.0
2025-09-14 12:28:12,625 [INFO] ThirdParty:1030 - CMSIS Pack Vendor :STMicroelectronics USB_HOST 2.0.0
2025-09-14 12:28:12,625 [INFO] ThirdParty:1030 - CMSIS Pack Vendor :STMicroelectronics FP-SNS-MOTENVWB1 1.4.0
2025-09-14 12:28:12,625 [INFO] ThirdParty:1030 - CMSIS Pack Vendor :STMicroelectronics X-CUBE-AZRTOS-F4 1.1.0
2025-09-14 12:28:12,625 [INFO] ThirdParty:1030 - CMSIS Pack Vendor :STMicroelectronics LIBJPEG 8.0.0
2025-09-14 12:28:12,625 [INFO] ThirdParty:1030 - CMSIS Pack Vendor :STMicroelectronics FP-ATR-ASTRA1 2.0.2
2025-09-14 12:28:12,626 [INFO] ThirdParty:1030 - CMSIS Pack Vendor :wolfSSL I-CUBE-wolfSSL 5.8.2
2025-09-14 12:28:12,626 [INFO] ThirdParty:1030 - CMSIS Pack Vendor :STMicroelectronics X-CUBE-BLE1 7.1.0
2025-09-14 12:28:12,626 [INFO] ThirdParty:1030 - CMSIS Pack Vendor :Avnet-IotConnect X-CUBE-IoTC-DA16k-PMOD 1.0.0
2025-09-14 12:28:12,626 [INFO] ThirdParty:1030 - CMSIS Pack Vendor :STMicroelectronics X-CUBE-SMBUS 2.1.0
2025-09-14 12:28:12,626 [INFO] ThirdParty:1030 - CMSIS Pack Vendor :wolfSSL I-CUBE-wolfMQTT 1.19.2
2025-09-14 12:28:12,626 [INFO] ThirdParty:1030 - CMSIS Pack Vendor :STMicroelectronics USB_DEVICE 3.0.0
2025-09-14 12:28:12,626 [INFO] ThirdParty:1030 - CMSIS Pack Vendor :STMicroelectronics X-CUBE-ISPU 2.1.0
2025-09-14 12:28:12,626 [INFO] ThirdParty:1030 - CMSIS Pack Vendor :STMicroelectronics X-CUBE-EEPRMA1 5.2.0
2025-09-14 12:28:12,626 [INFO] ThirdParty:1030 - CMSIS Pack Vendor :STMicroelectronics X-CUBE-BLEMGR 4.1.0
2025-09-14 12:28:12,626 [INFO] ThirdParty:1030 - CMSIS Pack Vendor :STMicroelectronics X-CUBE-AZRTOS-WB 2.0.0
2025-09-14 12:28:12,626 [INFO] ThirdParty:1030 - CMSIS Pack Vendor :STMicroelectronics X-CUBE-ST60 1.0.0
2025-09-14 12:28:12,626 [INFO] ThirdParty:1030 - CMSIS Pack Vendor :STMicroelectronics X-CUBE-GNSS1 7.0.1
2025-09-14 12:28:12,626 [INFO] ThirdParty:1030 - CMSIS Pack Vendor :STMicroelectronics X-CUBE-NFC12 1.0.0
2025-09-14 12:28:12,626 [INFO] ThirdParty:1030 - CMSIS Pack Vendor :STMicroelectronics X-CUBE-AZRTOS-F7 1.1.0
2025-09-14 12:28:12,626 [INFO] ThirdParty:1030 - CMSIS Pack Vendor :STMicroelectronics X-CUBE-AZRTOS-L5 2.0.0
2025-09-14 12:28:12,626 [INFO] ThirdParty:1030 - CMSIS Pack Vendor :STMicroelectronics X-CUBE-TOUCHGFX 4.25.0
2025-09-14 12:28:12,627 [INFO] ThirdParty:1030 - CMSIS Pack Vendor :STMicroelectronics USB_DEVICE 2.0.0
2025-09-14 12:28:12,627 [INFO] ThirdParty:1030 - CMSIS Pack Vendor :STMicroelectronics X-CUBE-NFC6 3.1.0
2025-09-14 12:28:12,627 [INFO] ThirdParty:1030 - CMSIS Pack Vendor :quantropi X-CUBE-qispace-sdk-base 2.1.0
2025-09-14 12:28:12,627 [INFO] ThirdParty:1030 - CMSIS Pack Vendor :STMicroelectronics FreeRTOS 0.0.1
2025-09-14 12:28:12,627 [INFO] ThirdParty:1030 - CMSIS Pack Vendor :STMicroelectronics X-CUBE-AZRTOS-G0 1.1.0
2025-09-14 12:28:12,627 [INFO] ThirdParty:1030 - CMSIS Pack Vendor :STMicroelectronics X-CUBE-SAFEA1 1.2.2
2025-09-14 12:28:12,627 [INFO] ThirdParty:1030 - CMSIS Pack Vendor :STMicroelectronics X-CUBE-NFC4 3.0.0
2025-09-14 12:28:12,627 [INFO] ThirdParty:1030 - CMSIS Pack Vendor :STMicroelectronics X-CUBE-SUBG2 5.0.0
2025-09-14 12:28:12,627 [INFO] ThirdParty:1030 - CMSIS Pack Vendor :STMicroelectronics X-CUBE-AZRTOS-H7RS 1.1.0
2025-09-14 12:28:12,627 [INFO] ThirdParty:1030 - CMSIS Pack Vendor :STMicroelectronics STM32_WPAN 1.0.0
2025-09-14 12:28:12,627 [INFO] ThirdParty:1030 - CMSIS Pack Vendor :EmbeddedOffice I-CUBE-FS-RTOS 1.0.1
2025-09-14 12:28:12,627 [INFO] ThirdParty:1030 - CMSIS Pack Vendor :STMicroelectronics lwIP 2.0.3
2025-09-14 12:28:12,627 [INFO] ThirdParty:1030 - CMSIS Pack Vendor :WES I-CUBE-Cesium 1.4.0
2025-09-14 12:28:12,627 [INFO] ThirdParty:1030 - CMSIS Pack Vendor :Cesanta I-CUBE-Mongoose 7.13.0
2025-09-14 12:28:12,627 [INFO] ThirdParty:1030 - CMSIS Pack Vendor :STMicroelectronics USB_HOST 1.0.0
2025-09-14 12:28:12,627 [INFO] ThirdParty:1030 - CMSIS Pack Vendor :Infineon AIROC-Wi-Fi-Bluetooth-STM32 1.7.1
2025-09-14 12:28:12,627 [INFO] ThirdParty:1030 - CMSIS Pack Vendor :STMicroelectronics X-CUBE-AZRTOS-G4 2.0.0
2025-09-14 12:28:12,627 [INFO] ThirdParty:1030 - CMSIS Pack Vendor :STMicroelectronics X-CUBE-WB05N 2.0.0
2025-09-14 12:28:12,627 [INFO] ThirdParty:1030 - CMSIS Pack Vendor :STMicroelectronics PDM2PCM 3.1.0
2025-09-14 12:28:12,628 [INFO] ThirdParty:1030 - CMSIS Pack Vendor :STMicroelectronics PDM2PCM 3.3.0
2025-09-14 12:28:12,628 [INFO] ThirdParty:1030 - CMSIS Pack Vendor :wolfSSL I-CUBE-wolfTPM 3.8.0
2025-09-14 12:28:12,628 [INFO] ThirdParty:1030 - CMSIS Pack Vendor :STMicroelectronics X-CUBE-AZRTOS-H7 3.4.0
2025-09-14 12:28:12,628 [INFO] ThirdParty:1030 - CMSIS Pack Vendor :STMicroelectronics X-CUBE-DISPLAY 3.0.0
2025-09-14 12:28:12,628 [INFO] ThirdParty:1030 - CMSIS Pack Vendor :wolfSSL I-CUBE-wolfSSH 1.4.20
2025-09-14 12:28:12,628 [INFO] ThirdParty:1030 - CMSIS Pack Vendor :STMicroelectronics X-CUBE-NFC7 2.0.0
2025-09-14 12:28:12,628 [INFO] ThirdParty:1030 - CMSIS Pack Vendor :STMicroelectronics X-CUBE-TCPP 4.2.0
2025-09-14 12:28:12,628 [INFO] ThirdParty:1030 - CMSIS Pack Vendor :RealThread X-CUBE-RT-Thread_Nano 4.1.1
2025-09-14 12:28:12,628 [INFO] ThirdParty:1030 - CMSIS Pack Vendor :STMicroelectronics FP-ATR-SIGFOX1 3.2.0
2025-09-14 12:28:12,628 [INFO] ThirdParty:1030 - CMSIS Pack Vendor :STMicroelectronics X-CUBE-NFC10 1.0.0
2025-09-14 12:28:12,628 [INFO] ThirdParty:1030 - CMSIS Pack Vendor :STMicroelectronics X-CUBE-FREERTOS 1.3.1
2025-09-14 12:28:12,628 [INFO] ThirdParty:1030 - CMSIS Pack Vendor :STMicroelectronics HAL Drivers 0.0.0
2025-09-14 12:28:12,628 [INFO] ThirdParty:1030 - CMSIS Pack Vendor :STMicroelectronics MBEDTLS 2.16.2
2025-09-14 12:28:12,628 [INFO] ThirdParty:1030 - CMSIS Pack Vendor :STMicroelectronics X-CUBE-IPS 3.1.0
2025-09-14 12:28:12,628 [INFO] ThirdParty:1030 - CMSIS Pack Vendor :STMicroelectronics X-CUBE-ALS 1.0.2
2025-09-14 12:28:12,628 [INFO] ThirdParty:1030 - CMSIS Pack Vendor :emotas I-CUBE-CANOPEN 1.3.0
2025-09-14 12:28:12,628 [INFO] ThirdParty:1030 - CMSIS Pack Vendor :STMicroelectronics MBEDTLS 2.14.1
2025-09-14 12:28:12,628 [INFO] ThirdParty:1030 - CMSIS Pack Vendor :ITTIA_DB I-CUBE-ITTIADB 8.9.0
2025-09-14 12:28:12,629 [INFO] ThirdParty:1030 - CMSIS Pack Vendor :STMicroelectronics X-CUBE-STSE01 1.0.0
2025-09-14 12:28:12,629 [INFO] ThirdParty:1030 - CMSIS Pack Vendor :portGmbH I-Cube-SoM-uGOAL 1.1.0
2025-09-14 12:28:12,629 [INFO] ThirdParty:1030 - CMSIS Pack Vendor :STMicroelectronics X-CUBE-ST67W61 1.0.0
2025-09-14 12:28:12,629 [INFO] ThirdParty:1030 - CMSIS Pack Vendor :STMicroelectronics FP-SNS-STBOX1 2.1.0
2025-09-14 12:28:12,629 [INFO] ThirdParty:1030 - CMSIS Pack Vendor :STMicroelectronics X-CUBE-AI 10.2.0
2025-09-14 12:28:12,629 [INFO] ThirdParty:1030 - CMSIS Pack Vendor :STMicroelectronics FP-SNS-STAIOTCFT 1.0.0
2025-09-14 12:28:12,629 [INFO] ThirdParty:1030 - CMSIS Pack Vendor :STMicroelectronics ThreadX 1.0.0
2025-09-14 12:28:12,629 [INFO] ThirdParty:1030 - CMSIS Pack Vendor :STMicroelectronics FP-SNS-SMARTAG2 1.2.0
2025-09-14 12:28:12,629 [INFO] ThirdParty:1030 - CMSIS Pack Vendor :STMicroelectronics FP-SNS-FLIGHT1 5.1.0
2025-09-14 12:28:12,629 [INFO] ThirdParty:1030 - CMSIS Pack Vendor :STMicroelectronics X-CUBE-AZRTOS-WL 2.0.0
2025-09-14 12:28:12,629 [INFO] ThirdParty:1030 - CMSIS Pack Vendor :SEGGER I-CUBE-embOS 1.3.1
2025-09-14 12:28:12,629 [INFO] ThirdParty:1030 - CMSIS Pack Vendor :STMicroelectronics X-CUBE-ALGOBUILD 1.4.0
2025-09-14 12:28:12,629 [INFO] ThirdParty:1030 - CMSIS Pack Vendor :STMicroelectronics X-CUBE-DPower 1.3.0
2025-09-14 12:28:12,629 [INFO] ThirdParty:1030 - CMSIS Pack Vendor :STMicroelectronics X-CUBE-MEMS1 11.3.0
2025-09-14 12:28:12,629 [INFO] ThirdParty:1030 - CMSIS Pack Vendor :STMicroelectronics FP-SNS-MOTENV1 5.0.0
2025-09-14 12:28:12,629 [INFO] ThirdParty:1030 - CMSIS Pack Vendor :STMicroelectronics USB_DEVICE 1.0.0
2025-09-14 12:28:12,629 [INFO] ThirdParty:1030 - CMSIS Pack Vendor :STMicroelectronics X-CUBE-AZRTOS-L4 2.0.0
2025-09-14 12:28:12,629 [INFO] ThirdParty:1030 - CMSIS Pack Vendor :STMicroelectronics ThreadX 0.0.2
2025-09-14 12:28:12,629 [INFO] ThirdParty:1030 - CMSIS Pack Vendor :STMicroelectronics lwIP 2.1.2
2025-09-14 12:28:12,629 [INFO] ThirdParty:1030 - CMSIS Pack Vendor :STMicroelectronics X-CUBE-SFXS2LP1 4.0.0
2025-09-14 12:28:12,629 [INFO] ThirdParty:1030 - CMSIS Pack Vendor :STMicroelectronics X-CUBE-BLE2 3.3.0
2025-09-14 12:28:12,630 [INFO] ThirdParty:1030 - CMSIS Pack Vendor :STMicroelectronics X-CUBE-TOF1 3.4.3
2025-09-14 12:28:12,630 [INFO] ThirdParty:1030 - CMSIS Pack Vendor :STMicroelectronics PDM2PCM 3.2.0
2025-09-14 12:28:12,630 [INFO] ThirdParty:841 - exiting critical section [change project]
2025-09-14 12:28:13,338 [INFO] PinOutPanel:1589 - setPackage(No Configuration,No Configuration)
2025-09-14 12:28:13,338 [INFO] PinOutPanel:1589 - setPackage(STM32G431CBUx,UFQFPN48)
2025-09-14 12:28:14,137 [INFO] UtilMem:75 - Before build in PCC Used Memory: 344858920 Bytes (468713472)
2025-09-14 12:28:15,259 [INFO] UtilMem:75 - After build in PCC Used Memory: 270509576 Bytes (468713472)
2025-09-14 12:28:15,297 [INFO] IPUIPlugin:80 - create IPUIPlugin
2025-09-14 12:28:15,297 [INFO] IPUIPlugin:80 - create IPUIPlugin
2025-09-14 12:28:15,297 [INFO] IPUIPlugin:80 - create IPUIPlugin
2025-09-14 12:28:15,297 [INFO] IPUIPlugin:80 - create IPUIPlugin
2025-09-14 12:28:15,297 [INFO] IPUIPlugin:80 - create IPUIPlugin
2025-09-14 12:28:15,297 [INFO] IPUIPlugin:80 - create IPUIPlugin
2025-09-14 12:28:15,297 [INFO] IPUIPlugin:80 - create IPUIPlugin
2025-09-14 12:28:15,297 [INFO] IPUIPlugin:80 - create IPUIPlugin
2025-09-14 12:28:15,298 [INFO] IPUIPlugin:80 - create IPUIPlugin
2025-09-14 12:28:15,298 [INFO] IPUIPlugin:80 - create IPUIPlugin
2025-09-14 12:28:15,298 [INFO] IPUIPlugin:80 - create IPUIPlugin
2025-09-14 12:28:15,298 [INFO] IPUIPlugin:80 - create IPUIPlugin
2025-09-14 12:28:15,299 [INFO] IPUIPlugin:80 - create IPUIPlugin
2025-09-14 12:28:15,299 [INFO] IPUIPlugin:80 - create IPUIPlugin
2025-09-14 12:28:15,299 [INFO] IPUIPlugin:80 - create IPUIPlugin
2025-09-14 12:28:15,299 [INFO] IPUIPlugin:80 - create IPUIPlugin
2025-09-14 12:28:15,299 [INFO] IPUIPlugin:80 - create IPUIPlugin
2025-09-14 12:28:15,300 [INFO] IPUIPlugin:80 - create IPUIPlugin
2025-09-14 12:28:15,300 [INFO] IPUIPlugin:80 - create IPUIPlugin
2025-09-14 12:28:15,300 [INFO] IPUIPlugin:80 - create IPUIPlugin
2025-09-14 12:28:15,300 [INFO] IPUIPlugin:80 - create IPUIPlugin
2025-09-14 12:28:15,300 [INFO] IPUIPlugin:80 - create IPUIPlugin
2025-09-14 12:28:15,300 [INFO] IPUIPlugin:80 - create IPUIPlugin
2025-09-14 12:28:15,301 [INFO] IPUIPlugin:80 - create IPUIPlugin
2025-09-14 12:28:15,301 [INFO] IPUIPlugin:80 - create IPUIPlugin
2025-09-14 12:28:15,301 [INFO] IPUIPlugin:80 - create IPUIPlugin
2025-09-14 12:28:15,301 [INFO] IPUIPlugin:80 - create IPUIPlugin
2025-09-14 12:28:15,302 [INFO] IPUIPlugin:80 - create IPUIPlugin
2025-09-14 12:28:15,302 [INFO] IPUIPlugin:80 - create IPUIPlugin
2025-09-14 12:28:15,302 [INFO] IPUIPlugin:80 - create IPUIPlugin
2025-09-14 12:28:15,302 [INFO] IPUIPlugin:80 - create IPUIPlugin
2025-09-14 12:28:15,302 [INFO] IPUIPlugin:80 - create IPUIPlugin
2025-09-14 12:28:15,303 [INFO] IPUIPlugin:80 - create IPUIPlugin
2025-09-14 12:28:15,303 [INFO] IPUIPlugin:80 - create IPUIPlugin
2025-09-14 12:28:15,303 [INFO] IPUIPlugin:80 - create IPUIPlugin
2025-09-14 12:28:15,303 [INFO] IPUIPlugin:80 - create IPUIPlugin
2025-09-14 12:28:15,304 [INFO] IPUIPlugin:80 - create IPUIPlugin
2025-09-14 12:28:15,304 [INFO] IPUIPlugin:80 - create IPUIPlugin
2025-09-14 12:28:15,304 [INFO] IPUIPlugin:80 - create IPUIPlugin
2025-09-14 12:28:15,305 [INFO] IPUIPlugin:80 - create IPUIPlugin
2025-09-14 12:28:15,305 [INFO] IPUIPlugin:80 - create IPUIPlugin
2025-09-14 12:28:15,305 [INFO] IPUIPlugin:80 - create IPUIPlugin
2025-09-14 12:28:15,306 [INFO] IPUIPlugin:80 - create IPUIPlugin
2025-09-14 12:28:15,306 [INFO] IPUIPlugin:80 - create IPUIPlugin
2025-09-14 12:28:15,306 [INFO] IPUIPlugin:80 - create IPUIPlugin
2025-09-14 12:28:15,307 [INFO] IPUIPlugin:80 - create IPUIPlugin
2025-09-14 12:28:15,307 [INFO] IPUIPlugin:80 - create IPUIPlugin
2025-09-14 12:28:15,307 [INFO] IPUIPlugin:80 - create IPUIPlugin
2025-09-14 12:28:15,308 [INFO] IPUIPlugin:80 - create IPUIPlugin
2025-09-14 12:28:15,308 [INFO] IPUIPlugin:80 - create IPUIPlugin
2025-09-14 12:28:15,309 [INFO] IPUIPlugin:80 - create IPUIPlugin
2025-09-14 12:28:15,309 [INFO] IPUIPlugin:80 - create IPUIPlugin
2025-09-14 12:28:15,309 [INFO] IPUIPlugin:80 - create IPUIPlugin
2025-09-14 12:28:15,310 [INFO] IPUIPlugin:80 - create IPUIPlugin
2025-09-14 12:28:15,310 [INFO] IPUIPlugin:80 - create IPUIPlugin
2025-09-14 12:28:15,310 [INFO] IPUIPlugin:80 - create IPUIPlugin
2025-09-14 12:28:15,311 [INFO] IPUIPlugin:80 - create IPUIPlugin
2025-09-14 12:28:15,311 [INFO] IPUIPlugin:80 - create IPUIPlugin
2025-09-14 12:28:15,552 [INFO] CADModel:165 - CPN selected for project levelSTM32G431CBU6
2025-09-14 12:28:15,552 [INFO] CADModel:114 - Register for checkConnection events
2025-09-14 12:28:15,621 [INFO] OpenFileManager:386 - Restore cursor
2025-09-14 12:28:15,823 [WARN] IP:2250 - OutPut1 not found: check if there is a RefParameter without a condition.
2025-09-14 12:28:15,823 [WARN] IP:2250 - OutPut2 not found: check if there is a RefParameter without a condition.
2025-09-14 12:28:15,823 [WARN] IP:2250 - OutPut3 not found: check if there is a RefParameter without a condition.
2025-09-14 12:28:15,823 [WARN] IP:2250 - OutPut1 not found: check if there is a RefParameter without a condition.
2025-09-14 12:28:15,823 [WARN] IP:2250 - OutPut2 not found: check if there is a RefParameter without a condition.
2025-09-14 12:28:15,823 [WARN] IP:2250 - OutPut3 not found: check if there is a RefParameter without a condition.
2025-09-14 12:57:00,578 [INFO] UtilMem:75 - End SaveConfig() Used Memory: 216066752 Bytes (468713472)
2025-09-14 12:57:04,111 [INFO] UtilMem:75 - End SaveConfig() Used Memory: 244333528 Bytes (468713472)
2025-09-14 12:57:05,838 [INFO] UtilMem:75 - End SaveConfig() Used Memory: 326394672 Bytes (468713472)
2025-09-14 12:57:06,462 [INFO] BlockDiagram:2775 - set Specific Code input for plugin: SYS
2025-09-14 12:57:06,462 [INFO] BlockDiagram:2775 - set Specific Code input for plugin: RCC
2025-09-14 12:57:06,462 [INFO] BlockDiagram:2775 - set Specific Code input for plugin: RTC
2025-09-14 12:57:06,462 [INFO] BlockDiagram:2775 - set Specific Code input for plugin: NVIC
2025-09-14 12:57:06,463 [INFO] BlockDiagram:2775 - set Specific Code input for plugin: USART
2025-09-14 12:57:06,463 [INFO] BlockDiagram:2775 - set Specific Code input for plugin: USART
2025-09-14 12:57:06,463 [INFO] BlockDiagram:2775 - set Specific Code input for plugin: DMA
2025-09-14 12:57:06,463 [INFO] BlockDiagram:2775 - set Specific Code input for plugin: GPIO
2025-09-14 12:57:06,464 [INFO] CodeGenerator:892 - code generatio: config db path: C:\ST\STM32CubeIDE_1.19.0\STM32CubeIDE\plugins\com.st.stm32cube.common.mx_6.15.0.202507011659\\db\
2025-09-14 12:57:06,480 [WARN] IP:2250 - OutPut1 not found: check if there is a RefParameter without a condition.
2025-09-14 12:57:06,480 [WARN] IP:2250 - OutPut2 not found: check if there is a RefParameter without a condition.
2025-09-14 12:57:06,480 [WARN] IP:2250 - OutPut3 not found: check if there is a RefParameter without a condition.
2025-09-14 12:57:06,759 [INFO] CodeEngine:265 - oldGeneratedFile, E:\projects\DevelopmentLevelCode\LineMonitorUART\UART_DMAATTest\MXTmpFiles\license.tmp_save
2025-09-14 12:57:07,319 [INFO] CodeEngine:289 - Generated code: E:\projects\DevelopmentLevelCode\LineMonitorUART\UART_DMAATTest\MXTmpFiles\license.tmp
2025-09-14 12:57:07,492 [INFO] CodeEngine:265 - oldGeneratedFile, E:\projects\DevelopmentLevelCode\LineMonitorUART\UART_DMAATTest\MXTmpFiles\gpio.tmp_save
2025-09-14 12:57:07,663 [INFO] CodeEngine:289 - Generated code: E:\projects\DevelopmentLevelCode\LineMonitorUART\UART_DMAATTest\MXTmpFiles\gpio.tmp
2025-09-14 12:57:07,934 [INFO] CodeEngine:265 - oldGeneratedFile, E:\projects\DevelopmentLevelCode\LineMonitorUART\UART_DMAATTest\MXTmpFiles\dma.tmp_save
2025-09-14 12:57:08,054 [INFO] CodeEngine:289 - Generated code: E:\projects\DevelopmentLevelCode\LineMonitorUART\UART_DMAATTest\MXTmpFiles\dma.tmp
2025-09-14 12:57:08,060 [INFO] CodeEngine:265 - oldGeneratedFile, E:\projects\DevelopmentLevelCode\LineMonitorUART\UART_DMAATTest\MXTmpFiles\dma_GV.tmp_save
2025-09-14 12:57:08,139 [INFO] CodeEngine:289 - Generated code: E:\projects\DevelopmentLevelCode\LineMonitorUART\UART_DMAATTest\MXTmpFiles\dma_GV.tmp
2025-09-14 12:57:08,177 [INFO] CodeEngine:265 - oldGeneratedFile, E:\projects\DevelopmentLevelCode\LineMonitorUART\UART_DMAATTest\Core\Src\stm32g4xx_it.c_save
2025-09-14 12:57:08,343 [INFO] CodeEngine:289 - Generated code: E:\projects\DevelopmentLevelCode\LineMonitorUART\UART_DMAATTest\Core\Src\stm32g4xx_it.c
2025-09-14 12:57:08,360 [INFO] CodeEngine:265 - oldGeneratedFile, E:\projects\DevelopmentLevelCode\LineMonitorUART\UART_DMAATTest\Core\Inc\stm32g4xx_it.h_save
2025-09-14 12:57:08,454 [INFO] CodeEngine:289 - Generated code: E:\projects\DevelopmentLevelCode\LineMonitorUART\UART_DMAATTest\Core\Inc\stm32g4xx_it.h
2025-09-14 12:57:08,526 [INFO] CodeEngine:265 - oldGeneratedFile, E:\projects\DevelopmentLevelCode\LineMonitorUART\UART_DMAATTest\Core\Src\stm32g4xx_hal_msp.c_save
2025-09-14 12:57:08,715 [INFO] CodeEngine:289 - Generated code: E:\projects\DevelopmentLevelCode\LineMonitorUART\UART_DMAATTest\Core\Src\stm32g4xx_hal_msp.c
2025-09-14 12:57:08,755 [INFO] CodeEngine:265 - oldGeneratedFile, E:\projects\DevelopmentLevelCode\LineMonitorUART\UART_DMAATTest\MXTmpFiles\system.tmp_save
2025-09-14 12:57:08,832 [INFO] CodeEngine:289 - Generated code: E:\projects\DevelopmentLevelCode\LineMonitorUART\UART_DMAATTest\MXTmpFiles\system.tmp
2025-09-14 12:57:08,848 [INFO] CodeEngine:321 - oldGeneratedFile, E:\projects\DevelopmentLevelCode\LineMonitorUART\UART_DMAATTest\Core\Inc\stm32g4xx_hal_conf.h_save
2025-09-14 12:57:08,935 [INFO] CodeEngine:345 - Generated code: E:\projects\DevelopmentLevelCode\LineMonitorUART\UART_DMAATTest\Core\Inc\stm32g4xx_hal_conf.h
2025-09-14 12:57:08,961 [WARN] IPConfigManager:3238 - Warning: the RefConfig RCC_CommonPeriphClockConfig is not available in your config.xml file
2025-09-14 12:57:08,973 [INFO] ApiDbMcu:532 - Load IP Config File for RTC
2025-09-14 12:57:08,993 [INFO] ApiDbMcu:532 - Load IP Config File for USART1
2025-09-14 12:57:09,011 [INFO] ApiDbMcu:532 - Load IP Config File for USART3
2025-09-14 12:57:09,017 [INFO] ApiDbMcu:532 - Load IP Config File for RCC
2025-09-14 12:57:09,047 [INFO] CodeEngine:265 - oldGeneratedFile, E:\projects\DevelopmentLevelCode\LineMonitorUART\UART_DMAATTest\Core\Inc\main.h_save
2025-09-14 12:57:09,165 [INFO] CodeEngine:289 - Generated code: E:\projects\DevelopmentLevelCode\LineMonitorUART\UART_DMAATTest\Core\Inc\main.h
2025-09-14 12:57:09,172 [INFO] CodeEngine:265 - oldGeneratedFile, E:\projects\DevelopmentLevelCode\LineMonitorUART\UART_DMAATTest\Core\Src\main.c_save
2025-09-14 12:57:09,365 [INFO] CodeEngine:289 - Generated code: E:\projects\DevelopmentLevelCode\LineMonitorUART\UART_DMAATTest\Core\Src\main.c
2025-09-14 12:57:09,965 [INFO] ProjectBuilder:3606 - Time for Copy HAL[1] : 218mS.
2025-09-14 12:57:09,973 [INFO] ProjectBuilder:5216 - Project Generator version: 4.7.0-B52
2025-09-14 12:57:10,114 [INFO] ConfigFileManager:1595 - The Die is : DIE468
2025-09-14 12:57:10,127 [INFO] ApiDbMcu:532 - Load IP Config File for FATFS
2025-09-14 12:57:10,135 [INFO] ApiDbMcu:532 - Load IP Config File for FREERTOS
2025-09-14 12:57:10,146 [INFO] ApiDbMcu:532 - Load IP Config File for USBPD
2025-09-14 12:57:10,160 [INFO] ApiDbMcu:532 - Load IP Config File for USB_DEVICE
2025-09-14 12:57:10,629 [INFO] LogOutputStream:77 - [STDOUT_REDIRECT] 
2025-09-14 12:57:11,733 [INFO] ProjectBuilder:5496 - Time for Generating toolchain IDE Files: 1760mS.
2025-09-14 12:57:11,734 [INFO] ProjectBuilder:3463 - Time for Copy CMSIS : 0mS.
2025-09-14 12:57:11,735 [INFO] ProjectBuilder:3463 - Time for Copy CMSIS : 0mS.
2025-09-14 13:19:10,777 [WARN] IP:2250 - OutPut1 not found: check if there is a RefParameter without a condition.
2025-09-14 13:19:10,777 [WARN] IP:2250 - OutPut2 not found: check if there is a RefParameter without a condition.
2025-09-14 13:19:10,777 [WARN] IP:2250 - OutPut3 not found: check if there is a RefParameter without a condition.
2025-09-14 13:19:10,779 [WARN] IP:2250 - OutPut1 not found: check if there is a RefParameter without a condition.
2025-09-14 13:19:10,779 [WARN] IP:2250 - OutPut2 not found: check if there is a RefParameter without a condition.
2025-09-14 13:19:10,779 [WARN] IP:2250 - OutPut3 not found: check if there is a RefParameter without a condition.
2025-09-14 13:19:10,861 [WARN] IP:2250 - OutPut1 not found: check if there is a RefParameter without a condition.
2025-09-14 13:19:10,861 [WARN] IP:2250 - OutPut2 not found: check if there is a RefParameter without a condition.
2025-09-14 13:19:10,861 [WARN] IP:2250 - OutPut3 not found: check if there is a RefParameter without a condition.
2025-09-14 13:19:10,911 [WARN] IP:2250 - OutPut1 not found: check if there is a RefParameter without a condition.
2025-09-14 13:19:10,911 [WARN] IP:2250 - OutPut2 not found: check if there is a RefParameter without a condition.
2025-09-14 13:19:10,911 [WARN] IP:2250 - OutPut3 not found: check if there is a RefParameter without a condition.
2025-09-14 13:19:15,054 [WARN] IP:2250 - OutPut1 not found: check if there is a RefParameter without a condition.
2025-09-14 13:19:15,054 [WARN] IP:2250 - OutPut2 not found: check if there is a RefParameter without a condition.
2025-09-14 13:19:15,054 [WARN] IP:2250 - OutPut3 not found: check if there is a RefParameter without a condition.
2025-09-14 13:19:15,055 [WARN] IP:2250 - OutPut1 not found: check if there is a RefParameter without a condition.
2025-09-14 13:19:15,055 [WARN] IP:2250 - OutPut2 not found: check if there is a RefParameter without a condition.
2025-09-14 13:19:15,055 [WARN] IP:2250 - OutPut3 not found: check if there is a RefParameter without a condition.
2025-09-14 13:19:15,095 [WARN] IP:2250 - OutPut1 not found: check if there is a RefParameter without a condition.
2025-09-14 13:19:15,095 [WARN] IP:2250 - OutPut2 not found: check if there is a RefParameter without a condition.
2025-09-14 13:19:15,095 [WARN] IP:2250 - OutPut3 not found: check if there is a RefParameter without a condition.
2025-09-14 13:19:15,128 [WARN] IP:2250 - OutPut1 not found: check if there is a RefParameter without a condition.
2025-09-14 13:19:15,128 [WARN] IP:2250 - OutPut2 not found: check if there is a RefParameter without a condition.
2025-09-14 13:19:15,129 [WARN] IP:2250 - OutPut3 not found: check if there is a RefParameter without a condition.
2025-09-14 13:19:40,402 [INFO] UtilMem:75 - End SaveConfig() Used Memory: 461076440 Bytes (670040064)
2025-09-14 13:19:41,582 [INFO] UtilMem:75 - End SaveConfig() Used Memory: 494082000 Bytes (670040064)
2025-09-14 13:19:43,403 [INFO] UtilMem:75 - End SaveConfig() Used Memory: 307786736 Bytes (670040064)
2025-09-14 13:19:43,753 [INFO] BlockDiagram:2775 - set Specific Code input for plugin: SYS
2025-09-14 13:19:43,753 [INFO] BlockDiagram:2775 - set Specific Code input for plugin: RCC
2025-09-14 13:19:43,753 [INFO] BlockDiagram:2775 - set Specific Code input for plugin: RTC
2025-09-14 13:19:43,753 [INFO] BlockDiagram:2775 - set Specific Code input for plugin: NVIC
2025-09-14 13:19:43,753 [INFO] BlockDiagram:2775 - set Specific Code input for plugin: USART
2025-09-14 13:19:43,754 [INFO] BlockDiagram:2775 - set Specific Code input for plugin: USART
2025-09-14 13:19:43,754 [INFO] BlockDiagram:2775 - set Specific Code input for plugin: DMA
2025-09-14 13:19:43,754 [INFO] BlockDiagram:2775 - set Specific Code input for plugin: GPIO
2025-09-14 13:19:43,755 [INFO] CodeGenerator:892 - code generatio: config db path: C:\ST\STM32CubeIDE_1.19.0\STM32CubeIDE\plugins\com.st.stm32cube.common.mx_6.15.0.202507011659\\db\
2025-09-14 13:19:43,769 [WARN] IP:2250 - OutPut1 not found: check if there is a RefParameter without a condition.
2025-09-14 13:19:43,770 [WARN] IP:2250 - OutPut2 not found: check if there is a RefParameter without a condition.
2025-09-14 13:19:43,770 [WARN] IP:2250 - OutPut3 not found: check if there is a RefParameter without a condition.
2025-09-14 13:19:43,776 [INFO] Argument:325 - Argument : hdmavalue: null
2025-09-14 13:19:43,776 [INFO] Argument:327 - 	 sub Args: 
2025-09-14 13:19:43,776 [INFO] Argument:325 - Argument : Instancevalue: DMA1_Channel1
2025-09-14 13:19:43,776 [INFO] Argument:335 - Argument : Instancevalue: DMA1_Channel1
2025-09-14 13:19:43,776 [INFO] Argument:325 - Argument : Initvalue: null
2025-09-14 13:19:43,777 [INFO] Argument:327 - 	 sub Args: 
2025-09-14 13:19:43,777 [INFO] Argument:325 - Argument : Requestvalue: DMA_REQUEST_USART3_RX
2025-09-14 13:19:43,777 [INFO] Argument:335 - Argument : Requestvalue: DMA_REQUEST_USART3_RX
2025-09-14 13:19:43,777 [INFO] Argument:325 - Argument : Directionvalue: DMA_PERIPH_TO_MEMORY
2025-09-14 13:19:43,777 [INFO] Argument:335 - Argument : Directionvalue: DMA_PERIPH_TO_MEMORY
2025-09-14 13:19:43,777 [INFO] Argument:325 - Argument : PeriphIncvalue: DMA_PINC_DISABLE
2025-09-14 13:19:43,777 [INFO] Argument:335 - Argument : PeriphIncvalue: DMA_PINC_DISABLE
2025-09-14 13:19:43,777 [INFO] Argument:325 - Argument : MemIncvalue: DMA_MINC_ENABLE
2025-09-14 13:19:43,777 [INFO] Argument:335 - Argument : MemIncvalue: DMA_MINC_ENABLE
2025-09-14 13:19:43,777 [INFO] Argument:325 - Argument : PeriphDataAlignmentvalue: DMA_PDATAALIGN_BYTE
2025-09-14 13:19:43,777 [INFO] Argument:335 - Argument : PeriphDataAlignmentvalue: DMA_PDATAALIGN_BYTE
2025-09-14 13:19:43,778 [INFO] Argument:325 - Argument : MemDataAlignmentvalue: DMA_MDATAALIGN_BYTE
2025-09-14 13:19:43,778 [INFO] Argument:335 - Argument : MemDataAlignmentvalue: DMA_MDATAALIGN_BYTE
2025-09-14 13:19:43,778 [INFO] Argument:325 - Argument : Modevalue: DMA_NORMAL
2025-09-14 13:19:43,778 [INFO] Argument:335 - Argument : Modevalue: DMA_NORMAL
2025-09-14 13:19:43,778 [INFO] Argument:325 - Argument : Priorityvalue: DMA_PRIORITY_LOW
2025-09-14 13:19:43,778 [INFO] Argument:335 - Argument : Priorityvalue: DMA_PRIORITY_LOW
2025-09-14 13:19:43,778 [INFO] Argument:325 - Argument : Lockvalue: null
2025-09-14 13:19:43,778 [INFO] Argument:335 - Argument : Lockvalue: null
2025-09-14 13:19:43,778 [INFO] Argument:325 - Argument : Statevalue: null
2025-09-14 13:19:43,778 [INFO] Argument:335 - Argument : Statevalue: null
2025-09-14 13:19:43,778 [INFO] Argument:325 - Argument : Parentvalue: null
2025-09-14 13:19:43,778 [INFO] Argument:335 - Argument : Parentvalue: null
2025-09-14 13:19:43,778 [INFO] Argument:325 - Argument : XferCpltCallbackvalue: null
2025-09-14 13:19:43,778 [INFO] Argument:335 - Argument : XferCpltCallbackvalue: null
2025-09-14 13:19:43,778 [INFO] Argument:325 - Argument : XferHalfCpltCallbackvalue: null
2025-09-14 13:19:43,778 [INFO] Argument:335 - Argument : XferHalfCpltCallbackvalue: null
2025-09-14 13:19:43,778 [INFO] Argument:325 - Argument : XferErrorCallbackvalue: null
2025-09-14 13:19:43,779 [INFO] Argument:335 - Argument : XferErrorCallbackvalue: null
2025-09-14 13:19:43,779 [INFO] Argument:325 - Argument : XferAbortCallbackvalue: null
2025-09-14 13:19:43,779 [INFO] Argument:335 - Argument : XferAbortCallbackvalue: null
2025-09-14 13:19:43,779 [INFO] Argument:325 - Argument : ErrorCodevalue: null
2025-09-14 13:19:43,779 [INFO] Argument:335 - Argument : ErrorCodevalue: null
2025-09-14 13:19:43,779 [INFO] Argument:325 - Argument : ChannelIndexvalue: null
2025-09-14 13:19:43,779 [INFO] Argument:335 - Argument : ChannelIndexvalue: null
2025-09-14 13:19:43,779 [INFO] Argument:325 - Argument : DMAmuxChannelvalue: null
2025-09-14 13:19:43,779 [INFO] Argument:335 - Argument : DMAmuxChannelvalue: null
2025-09-14 13:19:43,779 [INFO] Argument:325 - Argument : DMAmuxChannelStatusvalue: null
2025-09-14 13:19:43,779 [INFO] Argument:335 - Argument : DMAmuxChannelStatusvalue: null
2025-09-14 13:19:43,779 [INFO] Argument:325 - Argument : DMAmuxChannelStatusMaskvalue: null
2025-09-14 13:19:43,779 [INFO] Argument:335 - Argument : DMAmuxChannelStatusMaskvalue: null
2025-09-14 13:19:43,779 [INFO] Argument:325 - Argument : DMAmuxRequestGenvalue: null
2025-09-14 13:19:43,779 [INFO] Argument:335 - Argument : DMAmuxRequestGenvalue: null
2025-09-14 13:19:43,779 [INFO] Argument:325 - Argument : DMAmuxRequestGenStatusvalue: null
2025-09-14 13:19:43,779 [INFO] Argument:335 - Argument : DMAmuxRequestGenStatusvalue: null
2025-09-14 13:19:43,779 [INFO] Argument:325 - Argument : DMAmuxRequestGenStatusMaskvalue: null
2025-09-14 13:19:43,779 [INFO] Argument:335 - Argument : DMAmuxRequestGenStatusMaskvalue: null
2025-09-14 13:19:43,867 [INFO] CodeEngine:265 - oldGeneratedFile, E:\projects\DevelopmentLevelCode\LineMonitorUART\UART_DMAATTest\MXTmpFiles\license.tmp_save
2025-09-14 13:19:44,122 [INFO] CodeEngine:289 - Generated code: E:\projects\DevelopmentLevelCode\LineMonitorUART\UART_DMAATTest\MXTmpFiles\license.tmp
2025-09-14 13:19:44,191 [INFO] CodeEngine:265 - oldGeneratedFile, E:\projects\DevelopmentLevelCode\LineMonitorUART\UART_DMAATTest\MXTmpFiles\gpio.tmp_save
2025-09-14 13:19:44,331 [INFO] CodeEngine:289 - Generated code: E:\projects\DevelopmentLevelCode\LineMonitorUART\UART_DMAATTest\MXTmpFiles\gpio.tmp
2025-09-14 13:19:44,749 [INFO] CodeEngine:265 - oldGeneratedFile, E:\projects\DevelopmentLevelCode\LineMonitorUART\UART_DMAATTest\MXTmpFiles\dma.tmp_save
2025-09-14 13:19:44,853 [INFO] CodeEngine:289 - Generated code: E:\projects\DevelopmentLevelCode\LineMonitorUART\UART_DMAATTest\MXTmpFiles\dma.tmp
2025-09-14 13:19:44,857 [INFO] CodeEngine:265 - oldGeneratedFile, E:\projects\DevelopmentLevelCode\LineMonitorUART\UART_DMAATTest\MXTmpFiles\dma_GV.tmp_save
2025-09-14 13:19:44,939 [INFO] CodeEngine:289 - Generated code: E:\projects\DevelopmentLevelCode\LineMonitorUART\UART_DMAATTest\MXTmpFiles\dma_GV.tmp
2025-09-14 13:19:44,954 [INFO] CodeEngine:265 - oldGeneratedFile, E:\projects\DevelopmentLevelCode\LineMonitorUART\UART_DMAATTest\Core\Src\stm32g4xx_it.c_save
2025-09-14 13:19:45,268 [INFO] CodeEngine:289 - Generated code: E:\projects\DevelopmentLevelCode\LineMonitorUART\UART_DMAATTest\Core\Src\stm32g4xx_it.c
2025-09-14 13:19:45,274 [INFO] CodeEngine:265 - oldGeneratedFile, E:\projects\DevelopmentLevelCode\LineMonitorUART\UART_DMAATTest\Core\Inc\stm32g4xx_it.h_save
2025-09-14 13:19:45,354 [INFO] CodeEngine:289 - Generated code: E:\projects\DevelopmentLevelCode\LineMonitorUART\UART_DMAATTest\Core\Inc\stm32g4xx_it.h
2025-09-14 13:19:45,369 [INFO] CodeEngine:265 - oldGeneratedFile, E:\projects\DevelopmentLevelCode\LineMonitorUART\UART_DMAATTest\Core\Src\stm32g4xx_hal_msp.c_save
2025-09-14 13:19:45,525 [INFO] CodeEngine:289 - Generated code: E:\projects\DevelopmentLevelCode\LineMonitorUART\UART_DMAATTest\Core\Src\stm32g4xx_hal_msp.c
2025-09-14 13:19:45,531 [INFO] CodeEngine:265 - oldGeneratedFile, E:\projects\DevelopmentLevelCode\LineMonitorUART\UART_DMAATTest\MXTmpFiles\system.tmp_save
2025-09-14 13:19:45,608 [INFO] CodeEngine:289 - Generated code: E:\projects\DevelopmentLevelCode\LineMonitorUART\UART_DMAATTest\MXTmpFiles\system.tmp
2025-09-14 13:19:45,619 [INFO] CodeEngine:321 - oldGeneratedFile, E:\projects\DevelopmentLevelCode\LineMonitorUART\UART_DMAATTest\Core\Inc\stm32g4xx_hal_conf.h_save
2025-09-14 13:19:45,701 [INFO] CodeEngine:345 - Generated code: E:\projects\DevelopmentLevelCode\LineMonitorUART\UART_DMAATTest\Core\Inc\stm32g4xx_hal_conf.h
2025-09-14 13:19:45,722 [WARN] IPConfigManager:3238 - Warning: the RefConfig RCC_CommonPeriphClockConfig is not available in your config.xml file
2025-09-14 13:19:45,733 [INFO] CodeEngine:265 - oldGeneratedFile, E:\projects\DevelopmentLevelCode\LineMonitorUART\UART_DMAATTest\Core\Inc\main.h_save
2025-09-14 13:19:45,847 [INFO] CodeEngine:289 - Generated code: E:\projects\DevelopmentLevelCode\LineMonitorUART\UART_DMAATTest\Core\Inc\main.h
2025-09-14 13:19:45,854 [INFO] CodeEngine:265 - oldGeneratedFile, E:\projects\DevelopmentLevelCode\LineMonitorUART\UART_DMAATTest\Core\Src\main.c_save
2025-09-14 13:19:45,988 [INFO] CodeEngine:289 - Generated code: E:\projects\DevelopmentLevelCode\LineMonitorUART\UART_DMAATTest\Core\Src\main.c
2025-09-14 13:19:46,427 [INFO] ProjectBuilder:3606 - Time for Copy HAL[1] : 142mS.
2025-09-14 13:19:46,430 [INFO] ProjectBuilder:5216 - Project Generator version: 4.7.0-B52
2025-09-14 13:19:46,546 [INFO] ConfigFileManager:1595 - The Die is : DIE468
2025-09-14 13:19:47,738 [INFO] ProjectBuilder:5496 - Time for Generating toolchain IDE Files: 1308mS.
2025-09-14 13:19:47,739 [INFO] ProjectBuilder:3463 - Time for Copy CMSIS : 0mS.
2025-09-14 13:19:47,741 [INFO] ProjectBuilder:3463 - Time for Copy CMSIS : 0mS.
2025-09-14 13:21:22,316 [INFO] WebApp:194 - Connection lost
2025-09-14 13:21:25,052 [INFO] WebApp:191 - Connection restablished
2025-09-14 14:04:23,620 [INFO] WebApp:194 - Connection lost
2025-09-14 14:04:25,164 [INFO] WebApp:191 - Connection restablished
2025-09-14 14:50:50,236 [INFO] WebApp:194 - Connection lost
2025-09-14 14:50:52,211 [INFO] WebApp:191 - Connection restablished
2025-09-14 16:08:29,200 [ERROR] LogOutputStream:75 - [STDERR_REDIRECT] 
2025-09-14 16:08:29,200 [ERROR] LogOutputStream:75 - [STDERR_REDIRECT] 
2025-09-14 18:18:56,650 [INFO] Activator:176 - 


2025-09-14 18:18:56,652 [INFO] Activator:177 - !SESSION log4j initialized
2025-09-14 18:19:02,212 [INFO] LogOutputStream:77 - [STDOUT_REDIRECT] 
2025-09-14 18:19:03,990 [INFO] ApplicationProperties:184 - Using Application install path: C:\ST\STM32CubeIDE_1.19.0\STM32CubeIDE\plugins\com.st.stm32cube.common.mx_6.15.0.202507011659
2025-09-14 18:19:04,009 [INFO] DbMcusXml:78 - Set database path to: C:\ST\STM32CubeIDE_1.19.0\STM32CubeIDE\plugins\com.st.stm32cube.common.mx_6.15.0.202507011659\\db\/mcu/
2025-09-14 18:19:04,009 [INFO] ApiDb:274 - Set plugin database path to: C:\ST\STM32CubeIDE_1.19.0\STM32CubeIDE\plugins\com.st.stm32cube.common.mx_6.15.0.202507011659\\db\/plugins/boardmanager/
2025-09-14 18:19:04,010 [WARN] ApiDb:259 - Overriding images path with different value:  => C:\ST\STM32CubeIDE_1.19.0\STM32CubeIDE\plugins\com.st.stm32cube.common.mx_6.15.0.202507011659\\db\/plugins/mcufinder/images/
2025-09-14 18:19:04,015 [INFO] ApiDb:250 - Set database path to: C:\Users\fervi\.stmcufinder\plugins\mcufinder//mcu/
2025-09-14 18:19:04,016 [INFO] DbMcusAds:125 - Set database path to: C:\Users\fervi\.stmcufinder\plugins\mcufinder//mcu/
2025-09-14 18:19:04,018 [INFO] CrossReferenceDbSqlite:203 - Set database path to: C:\Users\fervi\.stmcufinder\plugins\mcufinder//mcu/cs/
2025-09-14 18:19:04,125 [INFO] RulesReader:64 - Compatibility file has been processed (317 Rules)
2025-09-14 18:19:04,210 [INFO] DbMcusXml:78 - Set database path to: C:\ST\STM32CubeIDE_1.19.0\STM32CubeIDE\plugins\com.st.stm32cube.common.mx_6.15.0.202507011659\\db\/mcu/
2025-09-14 18:19:04,210 [INFO] ApiDb:274 - Set plugin database path to: C:\ST\STM32CubeIDE_1.19.0\STM32CubeIDE\plugins\com.st.stm32cube.common.mx_6.15.0.202507011659\\db\/plugins/boardmanager/
2025-09-14 18:19:04,210 [INFO] ApiDb:261 - Set plugin images path to: C:\ST\STM32CubeIDE_1.19.0\STM32CubeIDE\plugins\com.st.stm32cube.common.mx_6.15.0.202507011659\\db\/plugins/mcufinder/images/
2025-09-14 18:19:04,210 [WARN] DbFile:41 - Overriding database path with different value: C:\Users\fervi\.stmcufinder\plugins\mcufinder/ => C:\Users\fervi\.stmcufinder\plugins\mcufinder
2025-09-14 18:19:04,210 [INFO] ApiDb:250 - Set database path to: C:\Users\fervi\.stmcufinder\plugins\mcufinder//mcu/
2025-09-14 18:19:04,210 [WARN] DbFile:41 - Overriding database path with different value: C:\Users\fervi\.stmcufinder\plugins\mcufinder/ => C:\Users\fervi\.stmcufinder\plugins\mcufinder
2025-09-14 18:19:04,210 [INFO] DbMcusAds:125 - Set database path to: C:\Users\fervi\.stmcufinder\plugins\mcufinder//mcu/
2025-09-14 18:19:04,210 [WARN] DbFile:41 - Overriding database path with different value: C:\Users\fervi\.stmcufinder\plugins\mcufinder/ => C:\Users\fervi\.stmcufinder\plugins\mcufinder
2025-09-14 18:19:04,211 [WARN] DbFile:41 - Overriding database path with different value: C:\Users\fervi\.stmcufinder\plugins\mcufinder/ => C:\Users\fervi\.stmcufinder\plugins\mcufinder
2025-09-14 18:19:04,211 [INFO] CrossReferenceDbSqlite:203 - Set database path to: C:\Users\fervi\.stmcufinder\plugins\mcufinder//mcu/cs/
2025-09-14 18:19:04,286 [INFO] MainPanel:274 - HeapMemory: 268435456
2025-09-14 18:19:04,400 [INFO] DbMcusXml:78 - Set database path to: C:\ST\STM32CubeIDE_1.19.0\STM32CubeIDE\plugins\com.st.stm32cube.common.mx_6.15.0.202507011659\\db\/mcu/
2025-09-14 18:19:04,400 [INFO] ApiDb:274 - Set plugin database path to: C:\ST\STM32CubeIDE_1.19.0\STM32CubeIDE\plugins\com.st.stm32cube.common.mx_6.15.0.202507011659\\db\/plugins/boardmanager/
2025-09-14 18:19:04,400 [INFO] ApiDb:261 - Set plugin images path to: C:\ST\STM32CubeIDE_1.19.0\STM32CubeIDE\plugins\com.st.stm32cube.common.mx_6.15.0.202507011659\\db\/plugins/mcufinder/images/
2025-09-14 18:19:04,400 [WARN] DbFile:41 - Overriding database path with different value: C:\Users\fervi\.stmcufinder\plugins\mcufinder/ => C:\Users\fervi\.stmcufinder\plugins\mcufinder
2025-09-14 18:19:04,400 [INFO] ApiDb:250 - Set database path to: C:\Users\fervi\.stmcufinder\plugins\mcufinder//mcu/
2025-09-14 18:19:04,400 [WARN] DbFile:41 - Overriding database path with different value: C:\Users\fervi\.stmcufinder\plugins\mcufinder/ => C:\Users\fervi\.stmcufinder\plugins\mcufinder
2025-09-14 18:19:04,400 [INFO] DbMcusAds:125 - Set database path to: C:\Users\fervi\.stmcufinder\plugins\mcufinder//mcu/
2025-09-14 18:19:04,400 [WARN] DbFile:41 - Overriding database path with different value: C:\Users\fervi\.stmcufinder\plugins\mcufinder/ => C:\Users\fervi\.stmcufinder\plugins\mcufinder
2025-09-14 18:19:04,400 [WARN] DbFile:41 - Overriding database path with different value: C:\Users\fervi\.stmcufinder\plugins\mcufinder/ => C:\Users\fervi\.stmcufinder\plugins\mcufinder
2025-09-14 18:19:04,400 [INFO] CrossReferenceDbSqlite:203 - Set database path to: C:\Users\fervi\.stmcufinder\plugins\mcufinder//mcu/cs/
2025-09-14 18:19:04,418 [INFO] ApplicationProperties:184 - Using Application install path: C:\ST\STM32CubeIDE_1.19.0\STM32CubeIDE\plugins\com.st.stm32cube.common.mx_6.15.0.202507011659
2025-09-14 18:19:04,419 [INFO] PluginManage:196 - Search for loadable plugins [exclusion list=, ]
2025-09-14 18:19:04,420 [INFO] PluginManage:310 - Check plugin analytics
2025-09-14 18:19:04,608 [INFO] AnalyticsPlugin:253 - Accepted Software Licenses: 
2025-09-14 18:19:04,609 [INFO] AnalyticsPlugin:255 - Accepted CMSIS Pack Licenses: 
2025-09-14 18:19:04,609 [INFO] AnalyticsPlugin:257 - Accepted Firmware Licenses: FW.G0.1.6.0,FW.F4.1.28.0,FW.G4.1.6.0,FW.WL.1.3.0
2025-09-14 18:19:04,612 [INFO] PluginManage:359 - Loaded plugin analytics (category:tool,tabindex:-1)
2025-09-14 18:19:04,612 [INFO] PluginManage:310 - Check plugin cadmodel
2025-09-14 18:19:04,622 [INFO] CADModel:105 - Init CAD model plugin
2025-09-14 18:19:04,622 [INFO] PluginManage:359 - Loaded plugin cadmodel (category:power,tabindex:5)
2025-09-14 18:19:04,622 [INFO] PluginManage:310 - Check plugin clock
2025-09-14 18:19:04,636 [INFO] PluginManage:359 - Loaded plugin clock (category:base,tabindex:2)
2025-09-14 18:19:04,636 [INFO] PluginManage:310 - Check plugin ddr
2025-09-14 18:19:04,638 [INFO] PluginManage:359 - Loaded plugin ddr (category:tool,tabindex:6)
2025-09-14 18:19:04,639 [INFO] PluginManage:310 - Check plugin filemanager
2025-09-14 18:19:04,785 [INFO] PluginManage:359 - Loaded plugin filemanager (category:base,tabindex:10)
2025-09-14 18:19:04,785 [INFO] PluginManage:310 - Check plugin ipmanager
2025-09-14 18:19:04,792 [INFO] PluginManage:359 - Loaded plugin ipmanager (category:base,tabindex:5)
2025-09-14 18:19:04,792 [INFO] PluginManage:310 - Check plugin lpbam
2025-09-14 18:19:04,799 [INFO] PluginManage:359 - Loaded plugin lpbam (category:base,tabindex:0)
2025-09-14 18:19:04,800 [INFO] PluginManage:310 - Check plugin memorymap
2025-09-14 18:19:04,815 [INFO] PluginManage:359 - Loaded plugin memorymap (category:base,tabindex:4)
2025-09-14 18:19:04,815 [INFO] PluginManage:310 - Check plugin pinoutandconfiguration
2025-09-14 18:19:04,825 [INFO] PluginManage:359 - Loaded plugin pinoutandconfiguration (category:base,tabindex:1)
2025-09-14 18:19:04,825 [INFO] PluginManage:310 - Check plugin pinoutconfig
2025-09-14 18:19:04,908 [WARN] SupportedApi:132 - Cannot load RTOS API schema: s4s-elt-must-match.1: The content of 'definitions' must match (annotation?, (simpleType | complexType)?, (unique | key | keyref)*)). A problem was found starting at: attribute.
2025-09-14 18:19:05,033 [INFO] PluginManage:359 - Loaded plugin pinoutconfig (category:base,tabindex:0)
2025-09-14 18:19:05,034 [INFO] PluginManage:310 - Check plugin power
2025-09-14 18:19:05,045 [INFO] PluginManage:359 - Loaded plugin power (category:power,tabindex:4)
2025-09-14 18:19:05,045 [INFO] PluginManage:310 - Check plugin projectmanager
2025-09-14 18:19:05,061 [INFO] PluginManage:359 - Loaded plugin projectmanager (category:projectmanager,tabindex:4)
2025-09-14 18:19:05,061 [INFO] PluginManage:310 - Check plugin rif
2025-09-14 18:19:05,072 [INFO] PluginManage:359 - Loaded plugin rif (category:base,tabindex:3)
2025-09-14 18:19:05,072 [INFO] PluginManage:310 - Check plugin thirdparty
2025-09-14 18:19:05,201 [INFO] PluginManage:359 - Loaded plugin thirdparty (category:base,tabindex:-1)
2025-09-14 18:19:05,202 [INFO] PluginManage:310 - Check plugin tools
2025-09-14 18:19:05,201 [WARN] IntegrityCheckThread:84 - waiting for thirdparty lock release [integrity check]
2025-09-14 18:19:05,202 [INFO] IntegrityCheckThread:86 - entering critical section [integrity check]
2025-09-14 18:19:05,202 [INFO] ThirdPartyUpdaterWithRetryManager:70 - Updater plugin not ready yet. [1/15]
2025-09-14 18:19:05,206 [INFO] PluginManage:359 - Loaded plugin tools (category:base,tabindex:7)
2025-09-14 18:19:05,206 [INFO] PluginManage:310 - Check plugin tutovideos
2025-09-14 18:19:05,420 [INFO] PluginManage:359 - Loaded plugin tutovideos (category:base,tabindex:-1)
2025-09-14 18:19:05,420 [INFO] PluginManage:310 - Check plugin updater
2025-09-14 18:19:05,448 [INFO] PluginManage:359 - Loaded plugin updater (category:base,tabindex:12)
2025-09-14 18:19:05,448 [INFO] PluginManage:310 - Check plugin userauth
2025-09-14 18:19:05,453 [INFO] UserAuth:118 - Init User Auth plugin
2025-09-14 18:19:05,453 [INFO] PluginManage:359 - Loaded plugin userauth (category:base,tabindex:14)
2025-09-14 18:19:05,453 [INFO] PluginManage:283 - PluginManage : Loaded plugins [18]
2025-09-14 18:19:05,651 [INFO] PinOutPanel:1589 - setPackage(No Configuration,No Configuration)
2025-09-14 18:19:05,733 [INFO] CADModel:165 - CPN selected for project level
2025-09-14 18:19:05,733 [INFO] CADModel:114 - Register for checkConnection events
2025-09-14 18:19:05,756 [INFO] IPUIPlugin:80 - create IPUIPlugin
2025-09-14 18:19:05,756 [INFO] PluginManager:220 - loadIPPluginJar : add adc
2025-09-14 18:19:05,756 [INFO] IPUIPlugin:80 - create IPUIPlugin
2025-09-14 18:19:05,756 [INFO] PluginManager:220 - loadIPPluginJar : add aes
2025-09-14 18:19:05,756 [INFO] IPUIPlugin:80 - create IPUIPlugin
2025-09-14 18:19:05,756 [INFO] PluginManager:220 - loadIPPluginJar : add can
2025-09-14 18:19:05,764 [INFO] IPUIPlugin:80 - create IPUIPlugin
2025-09-14 18:19:05,764 [INFO] PluginManager:220 - loadIPPluginJar : add comp
2025-09-14 18:19:05,767 [INFO] IPUIPlugin:80 - create IPUIPlugin
2025-09-14 18:19:05,767 [INFO] PluginManager:220 - loadIPPluginJar : add cryp
2025-09-14 18:19:05,770 [INFO] IPUIPlugin:80 - create IPUIPlugin
2025-09-14 18:19:05,770 [INFO] PluginManager:220 - loadIPPluginJar : add ddr_ctrl_phy
2025-09-14 18:19:05,774 [INFO] IPUIPlugin:80 - create IPUIPlugin
2025-09-14 18:19:05,774 [INFO] PluginManager:220 - loadIPPluginJar : add dfsdm
2025-09-14 18:19:05,780 [INFO] IPUIPlugin:80 - create IPUIPlugin
2025-09-14 18:19:05,780 [INFO] PluginManager:220 - loadIPPluginJar : add dma
2025-09-14 18:19:05,780 [INFO] IPUIPlugin:80 - create IPUIPlugin
2025-09-14 18:19:05,780 [INFO] PluginManager:220 - loadIPPluginJar : add dma3
2025-09-14 18:19:05,784 [INFO] IPUIPlugin:80 - create IPUIPlugin
2025-09-14 18:19:05,784 [INFO] PluginManager:220 - loadIPPluginJar : add extmemmanager
2025-09-14 18:19:05,788 [INFO] IPUIPlugin:80 - create IPUIPlugin
2025-09-14 18:19:05,788 [INFO] PluginManager:220 - loadIPPluginJar : add fatfs
2025-09-14 18:19:05,789 [INFO] IPUIPlugin:80 - create IPUIPlugin
2025-09-14 18:19:05,789 [INFO] PluginManager:220 - loadIPPluginJar : add fmc
2025-09-14 18:19:05,795 [INFO] IPUIPlugin:80 - create IPUIPlugin
2025-09-14 18:19:05,795 [INFO] PluginManager:220 - loadIPPluginJar : add freertos
2025-09-14 18:19:05,800 [INFO] IPUIPlugin:80 - create IPUIPlugin
2025-09-14 18:19:05,800 [INFO] PluginManager:220 - loadIPPluginJar : add genericplugin
2025-09-14 18:19:05,804 [INFO] IPUIPlugin:80 - create IPUIPlugin
2025-09-14 18:19:05,804 [INFO] PluginManager:220 - loadIPPluginJar : add gfxmmu
2025-09-14 18:19:05,804 [INFO] IPUIPlugin:80 - create IPUIPlugin
2025-09-14 18:19:05,804 [INFO] PluginManager:220 - loadIPPluginJar : add gic
2025-09-14 18:19:05,804 [INFO] IPUIPlugin:80 - create IPUIPlugin
2025-09-14 18:19:05,813 [INFO] PluginManager:220 - loadIPPluginJar : add gpio
2025-09-14 18:19:05,816 [INFO] IPUIPlugin:80 - create IPUIPlugin
2025-09-14 18:19:05,817 [INFO] PluginManager:220 - loadIPPluginJar : add gtzc
2025-09-14 18:19:05,817 [INFO] IPUIPlugin:80 - create IPUIPlugin
2025-09-14 18:19:05,817 [INFO] PluginManager:220 - loadIPPluginJar : add hash
2025-09-14 18:19:05,817 [INFO] IPUIPlugin:80 - create IPUIPlugin
2025-09-14 18:19:05,817 [INFO] PluginManager:220 - loadIPPluginJar : add i2c
2025-09-14 18:19:05,817 [INFO] IPUIPlugin:80 - create IPUIPlugin
2025-09-14 18:19:05,817 [INFO] PluginManager:220 - loadIPPluginJar : add i2s
2025-09-14 18:19:05,829 [INFO] IPUIPlugin:80 - create IPUIPlugin
2025-09-14 18:19:05,829 [INFO] PluginManager:220 - loadIPPluginJar : add i3c
2025-09-14 18:19:05,833 [INFO] IPUIPlugin:80 - create IPUIPlugin
2025-09-14 18:19:05,833 [INFO] PluginManager:220 - loadIPPluginJar : add ipddr
2025-09-14 18:19:05,835 [INFO] IPUIPlugin:80 - create IPUIPlugin
2025-09-14 18:19:05,835 [INFO] PluginManager:220 - loadIPPluginJar : add linkedlist
2025-09-14 18:19:05,835 [INFO] IPUIPlugin:80 - create IPUIPlugin
2025-09-14 18:19:05,835 [INFO] PluginManager:220 - loadIPPluginJar : add lorawan
2025-09-14 18:19:05,835 [INFO] IPUIPlugin:80 - create IPUIPlugin
2025-09-14 18:19:05,835 [INFO] PluginManager:220 - loadIPPluginJar : add ltdc
2025-09-14 18:19:05,848 [INFO] IPUIPlugin:80 - create IPUIPlugin
2025-09-14 18:19:05,848 [INFO] PluginManager:220 - loadIPPluginJar : add mdma
2025-09-14 18:19:05,856 [INFO] IPUIPlugin:80 - create IPUIPlugin
2025-09-14 18:19:05,856 [INFO] PluginManager:220 - loadIPPluginJar : add nvic
2025-09-14 18:19:05,860 [INFO] IPUIPlugin:80 - create IPUIPlugin
2025-09-14 18:19:05,860 [INFO] PluginManager:220 - loadIPPluginJar : add opamp
2025-09-14 18:19:05,864 [INFO] IPUIPlugin:80 - create IPUIPlugin
2025-09-14 18:19:05,865 [INFO] PluginManager:220 - loadIPPluginJar : add openamp
2025-09-14 18:19:05,865 [INFO] IPUIPlugin:80 - create IPUIPlugin
2025-09-14 18:19:05,865 [INFO] PluginManager:220 - loadIPPluginJar : add pdm2pcm
2025-09-14 18:19:05,865 [INFO] IPUIPlugin:80 - create IPUIPlugin
2025-09-14 18:19:05,865 [INFO] PluginManager:220 - loadIPPluginJar : add plateformsettings
2025-09-14 18:19:05,865 [INFO] IPUIPlugin:80 - create IPUIPlugin
2025-09-14 18:19:05,865 [INFO] PluginManager:220 - loadIPPluginJar : add quadspi
2025-09-14 18:19:05,880 [INFO] IPUIPlugin:80 - create IPUIPlugin
2025-09-14 18:19:05,880 [INFO] PluginManager:220 - loadIPPluginJar : add radio
2025-09-14 18:19:05,884 [INFO] IPUIPlugin:80 - create IPUIPlugin
2025-09-14 18:19:05,884 [INFO] PluginManager:220 - loadIPPluginJar : add resmgrutility
2025-09-14 18:19:05,888 [INFO] IPUIPlugin:80 - create IPUIPlugin
2025-09-14 18:19:05,888 [INFO] PluginManager:220 - loadIPPluginJar : add sai
2025-09-14 18:19:05,891 [INFO] IPUIPlugin:80 - create IPUIPlugin
2025-09-14 18:19:05,891 [INFO] PluginManager:220 - loadIPPluginJar : add spi
2025-09-14 18:19:05,897 [INFO] IPUIPlugin:80 - create IPUIPlugin
2025-09-14 18:19:05,897 [INFO] PluginManager:220 - loadIPPluginJar : add stm32_wpan
2025-09-14 18:19:05,900 [INFO] IPUIPlugin:80 - create IPUIPlugin
2025-09-14 18:19:05,900 [INFO] PluginManager:220 - loadIPPluginJar : add tim
2025-09-14 18:19:05,904 [INFO] IPUIPlugin:80 - create IPUIPlugin
2025-09-14 18:19:05,904 [INFO] PluginManager:220 - loadIPPluginJar : add touchsensing
2025-09-14 18:19:05,907 [INFO] IPUIPlugin:80 - create IPUIPlugin
2025-09-14 18:19:05,907 [INFO] PluginManager:220 - loadIPPluginJar : add tracer_emb
2025-09-14 18:19:05,911 [INFO] IPUIPlugin:80 - create IPUIPlugin
2025-09-14 18:19:05,911 [INFO] PluginManager:220 - loadIPPluginJar : add ts
2025-09-14 18:19:05,913 [INFO] IPUIPlugin:80 - create IPUIPlugin
2025-09-14 18:19:05,913 [INFO] PluginManager:220 - loadIPPluginJar : add tsc
2025-09-14 18:19:05,913 [INFO] IPUIPlugin:80 - create IPUIPlugin
2025-09-14 18:19:05,913 [INFO] PluginManager:220 - loadIPPluginJar : add ucpd
2025-09-14 18:19:05,917 [INFO] IPUIPlugin:80 - create IPUIPlugin
2025-09-14 18:19:05,917 [INFO] PluginManager:220 - loadIPPluginJar : add usart
2025-09-14 18:19:05,922 [INFO] IPUIPlugin:80 - create IPUIPlugin
2025-09-14 18:19:05,922 [INFO] PluginManager:220 - loadIPPluginJar : add usbx
2025-09-14 18:19:06,041 [FATAL] Updater:351 - Updater called before beeing initialized
2025-09-14 18:19:06,058 [INFO] RulesReader:64 - Compatibility file has been processed (317 Rules)
2025-09-14 18:19:06,075 [INFO] RulesReader:64 - Compatibility file has been processed (317 Rules)
2025-09-14 18:19:06,083 [INFO] CADModel:165 - CPN selected for project level
2025-09-14 18:19:06,083 [INFO] CADModel:114 - Register for checkConnection events
2025-09-14 18:19:06,083 [FATAL] Updater:351 - Updater called before beeing initialized
2025-09-14 18:19:06,083 [ERROR] CADModel:125 - Updater not yet initialized, retry later 
2025-09-14 18:19:06,241 [FATAL] Updater:351 - Updater called before beeing initialized
2025-09-14 18:19:06,243 [INFO] CADModel:165 - CPN selected for project level
2025-09-14 18:19:06,243 [INFO] CADModel:114 - Register for checkConnection events
2025-09-14 18:19:06,243 [FATAL] Updater:351 - Updater called before beeing initialized
2025-09-14 18:19:06,243 [ERROR] CADModel:125 - Updater not yet initialized, retry later 
2025-09-14 18:19:06,246 [FATAL] Updater:351 - Updater called before beeing initialized
2025-09-14 18:19:06,343 [FATAL] Updater:351 - Updater called before beeing initialized
2025-09-14 18:19:06,343 [INFO] DbMcusAds:53 - JSON generation date=Tue Jul 08 13:44:23 IST 2025 (1751962463582)
2025-09-14 18:19:06,343 [FATAL] Updater:351 - Updater called before beeing initialized
2025-09-14 18:19:06,372 [WARN] DetailPanel:346 - Failed to get advertising image, set to default
2025-09-14 18:19:06,433 [FATAL] Updater:351 - Updater called before beeing initialized
2025-09-14 18:19:06,449 [FATAL] Updater:351 - Updater called before beeing initialized
2025-09-14 18:19:06,449 [FATAL] Updater:351 - Updater called before beeing initialized
2025-09-14 18:19:06,449 [WARN] DetailPanel:346 - Failed to get advertising image, set to default
2025-09-14 18:19:06,449 [FATAL] Updater:351 - Updater called before beeing initialized
2025-09-14 18:19:06,496 [ERROR] Updater:1198 - MainUpdater not yet initialized. External WinMGr cannot be set.
2025-09-14 18:19:06,496 [INFO] Updater:1134 - Updater Version found : 6.15.0
2025-09-14 18:19:06,517 [INFO] ApplicationProperties:184 - Using Application install path: C:\ST\STM32CubeIDE_1.19.0\STM32CubeIDE\plugins\com.st.stm32cube.common.mx_6.15.0.202507011659
2025-09-14 18:19:08,123 [ERROR] LogOutputStream:75 - [STDERR_REDIRECT] Sep 14, 2025 6:19:08 PM java.util.prefs.WindowsPreferences <init>
2025-09-14 18:19:08,123 [ERROR] LogOutputStream:75 - [STDERR_REDIRECT] WARNING: Could not open/create prefs root node Software\JavaSoft\Prefs at root 0xffffffff80000002. Windows RegCreateKeyEx(...) returned error code 5.
2025-09-14 18:19:08,123 [ERROR] LogOutputStream:75 - [STDERR_REDIRECT] 
2025-09-14 18:19:08,214 [INFO] ThirdPartyUpdaterWithRetryManager:70 - Updater plugin not ready yet. [2/15]
2025-09-14 18:19:08,645 [INFO] MainUpdater:2872 - connection check result : 10
2025-09-14 18:19:08,645 [INFO] MainUpdater:289 - Updater Check For Update Now.
2025-09-14 18:19:08,645 [INFO] MicroXplorer:498 - Change Database Version : DB.6.0.150
2025-09-14 18:19:08,664 [INFO] McuFinderGlobals:63 - Set McuFinder mode to 2 (CubeIDE integrated)
2025-09-14 18:19:08,665 [INFO] UserAuth:487 - Internet connection configuration mode: 1
2025-09-14 18:19:08,691 [INFO] JxBrowserEngine:152 - Initiate JxBrowser Engine with user profile folder
2025-09-14 18:19:08,834 [INFO] CheckServerUpdateThread:120 - End of CheckServer Thread
2025-09-14 18:19:10,602 [INFO] WebApp:169 - Instantiating new browser for Auth
2025-09-14 18:19:11,555 [WARN] PackLoader:240 - Cannot read IP mode file for STMicroelectronics.FP-SNS-MOTENVWB1.1.4.0
2025-09-14 18:19:11,566 [WARN] PackLoader:240 - Cannot read IP mode file for STMicroelectronics.FP-ATR-ASTRA1.2.0.2
2025-09-14 18:19:11,573 [WARN] PackLoader:240 - Cannot read IP mode file for STMicroelectronics.X-CUBE-SMBUS.2.1.0
2025-09-14 18:19:11,578 [WARN] PackLoader:240 - Cannot read IP mode file for STMicroelectronics.X-CUBE-ST60.1.0.0
2025-09-14 18:19:11,605 [WARN] PackLoader:240 - Cannot read IP mode file for STMicroelectronics.X-CUBE-AZRTOS-F7.1.1.0
2025-09-14 18:19:11,622 [WARN] PackLoader:240 - Cannot read IP mode file for WES.I-CUBE-Cesium.1.4.0
2025-09-14 18:19:11,645 [WARN] PackLoader:240 - Cannot read IP mode file for Infineon.AIROC-Wi-Fi-Bluetooth-STM32.1.7.1
2025-09-14 18:19:11,672 [WARN] PackLoader:240 - Cannot read IP mode file for STMicroelectronics.X-CUBE-AZRTOS-H7.3.4.0
2025-09-14 18:19:11,685 [WARN] PackLoader:240 - Cannot read IP mode file for STMicroelectronics.X-CUBE-DISPLAY.3.0.0
2025-09-14 18:19:11,694 [WARN] PackLoader:240 - Cannot read IP mode file for STMicroelectronics.X-CUBE-NFC10.1.0.0
2025-09-14 18:19:11,706 [WARN] PackLoader:240 - Cannot read IP mode file for emotas.I-CUBE-CANOPEN.1.3.0
2025-09-14 18:19:11,713 [WARN] PackLoader:240 - Cannot read IP mode file for STMicroelectronics.FP-SNS-STBOX1.2.1.0
2025-09-14 18:19:11,721 [WARN] PackLoader:240 - Cannot read IP mode file for STMicroelectronics.FP-SNS-SMARTAG2.1.2.0
2025-09-14 18:19:11,729 [WARN] PackLoader:240 - Cannot read IP mode file for STMicroelectronics.FP-SNS-FLIGHT1.5.1.0
2025-09-14 18:19:11,742 [INFO] LogOutputStream:77 - [STDOUT_REDIRECT] 1 : Invalid condition id : UX_CORESTACK_Condition cause : null
2025-09-14 18:19:11,743 [INFO] LogOutputStream:77 - [STDOUT_REDIRECT] 1 : Invalid condition id : UX_CORESTACK_Condition cause : null
2025-09-14 18:19:11,744 [INFO] LogOutputStream:77 - [STDOUT_REDIRECT] 1 : Invalid condition id : UX_CORESTACK_Condition cause : null
2025-09-14 18:19:11,746 [INFO] LogOutputStream:77 - [STDOUT_REDIRECT] 1 : Invalid condition id : UX_CORESTACK_Condition cause : null
2025-09-14 18:19:11,748 [INFO] LogOutputStream:77 - [STDOUT_REDIRECT] 1 : Invalid condition id : UX_CORESTACK_Condition cause : null
2025-09-14 18:19:11,750 [WARN] PackLoader:240 - Cannot read IP mode file for STMicroelectronics.X-CUBE-AZRTOS-WL.2.0.0
2025-09-14 18:19:11,756 [WARN] PackLoader:240 - Cannot read IP mode file for STMicroelectronics.FP-SNS-MOTENV1.5.0.0
2025-09-14 18:19:11,763 [WARN] PackLoader:240 - Cannot read IP mode file for STMicroelectronics.X-CUBE-BLE2.3.3.0
2025-09-14 18:19:11,768 [WARN] PackLoader:240 - Cannot read IP mode file for STMicroelectronics.X-CUBE-NFC9.1.0.0
2025-09-14 18:19:11,782 [WARN] PackLoader:240 - Cannot read IP mode file for wolfSSL.I-CUBE-wolfSSL.5.8.2
2025-09-14 18:19:11,790 [WARN] PackLoader:240 - Cannot read IP mode file for STMicroelectronics.X-CUBE-BLE1.7.1.0
2025-09-14 18:19:11,796 [WARN] PackLoader:240 - Cannot read IP mode file for wolfSSL.I-CUBE-wolfMQTT.1.19.2
2025-09-14 18:19:11,805 [WARN] PackLoader:240 - Cannot read IP mode file for STMicroelectronics.X-CUBE-EEPRMA1.5.2.0
2025-09-14 18:19:11,828 [WARN] PackLoader:240 - Cannot read IP mode file for STMicroelectronics.X-CUBE-AZRTOS-G0.1.1.0
2025-09-14 18:19:11,839 [WARN] PackLoader:240 - Cannot read IP mode file for STMicroelectronics.X-CUBE-SAFEA1.1.2.2
2025-09-14 18:19:11,846 [WARN] PackLoader:240 - Cannot read IP mode file for STMicroelectronics.X-CUBE-NFC4.3.0.0
2025-09-14 18:19:11,865 [WARN] PackLoader:240 - Cannot read IP mode file for EmbeddedOffice.I-CUBE-FS-RTOS.1.0.1
2025-09-14 18:19:11,877 [WARN] PackLoader:240 - Cannot read IP mode file for STMicroelectronics.X-CUBE-WB05N.2.0.0
2025-09-14 18:19:11,885 [WARN] PackLoader:240 - Cannot read IP mode file for wolfSSL.I-CUBE-wolfTPM.3.8.0
2025-09-14 18:19:11,894 [WARN] PackLoader:240 - Cannot read IP mode file for STMicroelectronics.X-CUBE-TCPP.4.2.0
2025-09-14 18:19:11,904 [WARN] PackLoader:240 - Cannot read IP mode file for RealThread.X-CUBE-RT-Thread_Nano.4.1.1
2025-09-14 18:19:11,910 [WARN] PackLoader:240 - Cannot read IP mode file for STMicroelectronics.FP-ATR-SIGFOX1.3.2.0
2025-09-14 18:19:11,919 [WARN] PackLoader:240 - Cannot read IP mode file for ITTIA_DB.I-CUBE-ITTIADB.8.9.0
2025-09-14 18:19:11,952 [WARN] PackLoader:240 - Cannot read IP mode file for STMicroelectronics.X-CUBE-ST67W61.1.0.0
2025-09-14 18:19:11,960 [WARN] PackLoader:240 - Cannot read IP mode file for STMicroelectronics.X-CUBE-AI.10.2.0
2025-09-14 18:19:11,994 [WARN] PackLoader:240 - Cannot read IP mode file for SEGGER.I-CUBE-embOS.1.3.1
2025-09-14 18:19:12,036 [WARN] PackLoader:240 - Cannot read IP mode file for STMicroelectronics.X-CUBE-ALGOBUILD.1.4.0
2025-09-14 18:19:12,081 [WARN] PackLoader:240 - Cannot read IP mode file for STMicroelectronics.X-CUBE-MEMS1.11.3.0
2025-09-14 18:19:12,252 [WARN] PackLoader:240 - Cannot read IP mode file for STMicroelectronics.X-CUBE-PM33A1.1.0.0
2025-09-14 18:19:12,275 [WARN] PackLoader:240 - Cannot read IP mode file for STMicroelectronics.X-CUBE-AZRTOS-F4.1.1.0
2025-09-14 18:19:12,290 [WARN] PackLoader:240 - Cannot read IP mode file for Avnet-IotConnect.X-CUBE-IoTC-DA16k-PMOD.1.0.0
2025-09-14 18:19:12,312 [WARN] PackLoader:240 - Cannot read IP mode file for STMicroelectronics.X-CUBE-ISPU.2.1.0
2025-09-14 18:19:12,328 [WARN] PackLoader:240 - Cannot read IP mode file for STMicroelectronics.X-CUBE-NFC12.1.0.0
2025-09-14 18:19:12,356 [WARN] PackLoader:240 - Cannot read IP mode file for STMicroelectronics.X-CUBE-AZRTOS-L5.2.0.0
2025-09-14 18:19:12,362 [INFO] WebApp:463 - Apply proxy settings
2025-09-14 18:19:12,362 [INFO] WebApp:548 - Chromium requires no authentication
2025-09-14 18:19:12,373 [WARN] PackLoader:240 - Cannot read IP mode file for STMicroelectronics.X-CUBE-NFC6.3.1.0
2025-09-14 18:19:12,381 [WARN] PackLoader:240 - Cannot read IP mode file for STMicroelectronics.X-CUBE-FREERTOS.1.3.1
2025-09-14 18:19:12,387 [INFO] WebApp:491 - Direct internet connection detected
2025-09-14 18:19:12,390 [WARN] PackLoader:240 - Cannot read IP mode file for STMicroelectronics.FP-SNS-STAIOTCFT.1.0.0
2025-09-14 18:19:12,403 [WARN] PackLoader:240 - Cannot read IP mode file for STMicroelectronics.X-CUBE-DPower.1.3.0
2025-09-14 18:19:12,430 [WARN] ConditionMgr:438 - getConditionDescription Invalid condition id : LAN8742 Phy interface Condition cause : null
2025-09-14 18:19:12,432 [WARN] PackLoader:240 - Cannot read IP mode file for STMicroelectronics.X-CUBE-AZRTOS-L4.2.0.0
2025-09-14 18:19:12,433 [WARN] ConditionMgr:1044 - genDependencies : Invalid condition id : LAN8742 Phy interface Condition cause : null
2025-09-14 18:19:12,433 [WARN] ConditionMgr:1044 - genDependencies : Invalid condition id : LAN8742 Phy interface Condition cause : null
2025-09-14 18:19:12,433 [WARN] ConditionMgr:1044 - genDependencies : Invalid condition id : LAN8742 Phy interface Condition cause : null
2025-09-14 18:19:12,447 [WARN] PackLoader:240 - Cannot read IP mode file for STMicroelectronics.X-CUBE-SFXS2LP1.4.0.0
2025-09-14 18:19:12,459 [INFO] WebApp:900 - Register for checkConnection events
2025-09-14 18:19:12,459 [INFO] WebApp:463 - Apply proxy settings
2025-09-14 18:19:12,461 [INFO] WebApp:548 - Chromium requires no authentication
2025-09-14 18:19:12,461 [INFO] WebApp:491 - Direct internet connection detected
2025-09-14 18:19:12,465 [WARN] PackLoader:240 - Cannot read IP mode file for STMicroelectronics.X-CUBE-BLEMGR.4.1.0
2025-09-14 18:19:12,488 [WARN] ConditionMgr:438 - getConditionDescription Invalid condition id : UX DEVICE CLASS RTOS Condition cause : null
2025-09-14 18:19:12,488 [WARN] ConditionMgr:438 - getConditionDescription Invalid condition id : UX DEVICE CLASS RTOS Condition cause : null
2025-09-14 18:19:12,490 [WARN] PackLoader:240 - Cannot read IP mode file for STMicroelectronics.X-CUBE-AZRTOS-WB.2.0.0
2025-09-14 18:19:12,491 [WARN] ConditionMgr:1044 - genDependencies : Invalid condition id : UX DEVICE CLASS RTOS Condition cause : null
2025-09-14 18:19:12,491 [WARN] ConditionMgr:1044 - genDependencies : Invalid condition id : UX DEVICE CLASS RTOS Condition cause : null
2025-09-14 18:19:12,491 [WARN] ConditionMgr:1044 - genDependencies : Invalid condition id : UX DEVICE CLASS RTOS Condition cause : null
2025-09-14 18:19:12,492 [WARN] ConditionMgr:1044 - genDependencies : Invalid condition id : UX DEVICE CLASS RTOS Condition cause : null
2025-09-14 18:19:12,492 [WARN] ConditionMgr:1044 - genDependencies : Invalid condition id : UX DEVICE CLASS RTOS Condition cause : null
2025-09-14 18:19:12,499 [WARN] PackLoader:240 - Cannot read IP mode file for STMicroelectronics.X-CUBE-GNSS1.7.0.1
2025-09-14 18:19:12,512 [WARN] PackLoader:240 - Cannot read IP mode file for STMicroelectronics.X-CUBE-TOUCHGFX.4.25.0
2025-09-14 18:19:12,519 [WARN] ConditionMgr:438 - getConditionDescription Invalid condition id : Cortex-A Device cause : null
2025-09-14 18:19:12,532 [WARN] ConditionMgr:1044 - genDependencies : Invalid condition id : Cortex-A Device cause : null
2025-09-14 18:19:12,535 [WARN] ConditionMgr:1044 - genDependencies : Invalid condition id : Cortex-A Device cause : null
2025-09-14 18:19:12,535 [WARN] ConditionMgr:1044 - genDependencies : Invalid condition id : Cortex-A Device cause : null
2025-09-14 18:19:12,538 [WARN] PackLoader:240 - Cannot read IP mode file for STMicroelectronics.X-CUBE-SUBG2.5.0.0
2025-09-14 18:19:12,561 [WARN] PackLoader:240 - Cannot read IP mode file for STMicroelectronics.X-CUBE-AZRTOS-H7RS.1.1.0
2025-09-14 18:19:12,567 [WARN] PackLoader:240 - Cannot read IP mode file for Cesanta.I-CUBE-Mongoose.7.13.0
2025-09-14 18:19:12,579 [WARN] PackLoader:240 - Cannot read IP mode file for STMicroelectronics.X-CUBE-AZRTOS-G4.2.0.0
2025-09-14 18:19:12,584 [WARN] PackLoader:240 - Cannot read IP mode file for wolfSSL.I-CUBE-wolfSSH.1.4.20
2025-09-14 18:19:12,584 [WARN] PackLoader:240 - Cannot read IP mode file for STMicroelectronics.X-CUBE-NFC7.2.0.0
2025-09-14 18:19:12,600 [WARN] PackLoader:240 - Cannot read IP mode file for STMicroelectronics.X-CUBE-IPS.3.1.0
2025-09-14 18:19:12,607 [WARN] PackLoader:240 - Cannot read IP mode file for STMicroelectronics.X-CUBE-ALS.1.0.2
2025-09-14 18:19:12,612 [WARN] PackLoader:240 - Cannot read IP mode file for STMicroelectronics.X-CUBE-STSE01.1.0.0
2025-09-14 18:19:12,620 [WARN] PackLoader:240 - Cannot read IP mode file for portGmbH.I-Cube-SoM-uGOAL.1.1.0
2025-09-14 18:19:12,630 [WARN] PackLoader:240 - Cannot read IP mode file for STMicroelectronics.X-CUBE-TOF1.3.4.3
2025-09-14 18:19:12,640 [INFO] ThirdParty:978 - Integrity check success = true
2025-09-14 18:19:12,642 [INFO] IntegrityCheckThread:100 - exiting critical section [integrity check]
2025-09-14 18:19:12,642 [INFO] IntegrityCheckThread:103 - End integrity checks thread
2025-09-14 18:19:12,768 [INFO] WebApp:225 - Starting web application
2025-09-14 18:19:12,768 [INFO] WebApp:593 - Web application path used C:\ST\STM32CubeIDE_1.19.0\STM32CubeIDE\plugins\com.st.stm32cube.common.mx_6.15.0.202507011659\db\plugins\mcufinder\reactClient1\index.html
2025-09-14 18:19:12,911 [INFO] UserAuth:487 - Internet connection configuration mode: 1
2025-09-14 18:19:13,792 [INFO] WebApp:191 - Connection restablished
2025-09-14 18:45:49,717 [ERROR] LogOutputStream:75 - [STDERR_REDIRECT] 
2025-09-14 18:45:49,719 [ERROR] LogOutputStream:75 - [STDERR_REDIRECT] 
