2025-09-07 07:04:25,944 [INFO] WebApp:194 - Connection lost
2025-09-07 10:20:15,978 [INFO] WebApp:191 - Connection restablished
2025-09-07 11:10:43,538 [INFO] WebApp:194 - Connection lost
2025-09-07 11:10:43,798 [INFO] WebApp:191 - Connection restablished
2025-09-07 12:12:11,045 [INFO] WebApp:194 - Connection lost
2025-09-07 12:12:11,740 [INFO] WebApp:191 - Connection restablished
2025-09-07 12:13:02,672 [INFO] UtilMem:75 - End SaveConfig() Used Memory: 414479024 Bytes (943718400)
2025-09-07 12:13:02,988 [INFO] BlockDiagram:2775 - set Specific Code input for plugin: IWDG
2025-09-07 12:13:02,988 [INFO] BlockDiagram:2775 - set Specific Code input for plugin: DAC
2025-09-07 12:13:02,988 [INFO] BlockDiagram:2775 - set Specific Code input for plugin: ADC
2025-09-07 12:13:02,988 [INFO] BlockDiagram:2775 - set Specific Code input for plugin: SYS
2025-09-07 12:13:02,988 [INFO] BlockDiagram:2775 - set Specific Code input for plugin: ADC
2025-09-07 12:13:02,988 [INFO] BlockDiagram:2775 - set Specific Code input for plugin: RCC
2025-09-07 12:13:02,988 [INFO] BlockDiagram:2775 - set Specific Code input for plugin: RTC
2025-09-07 12:13:02,988 [INFO] BlockDiagram:2775 - set Specific Code input for plugin: NVIC
2025-09-07 12:13:02,988 [INFO] BlockDiagram:2775 - set Specific Code input for plugin: USART
2025-09-07 12:13:02,988 [INFO] BlockDiagram:2775 - set Specific Code input for plugin: GPIO
2025-09-07 12:13:02,989 [INFO] CodeGenerator:892 - code generatio: config db path: C:\ST\STM32CubeIDE_1.19.0\STM32CubeIDE\plugins\com.st.stm32cube.common.mx_6.15.0.202507011659\\db\
2025-09-07 12:13:03,030 [WARN] IP:2250 - OutPut1 not found: check if there is a RefParameter without a condition.
2025-09-07 12:13:03,030 [WARN] IP:2250 - OutPut2 not found: check if there is a RefParameter without a condition.
2025-09-07 12:13:03,031 [WARN] IP:2250 - OutPut3 not found: check if there is a RefParameter without a condition.
2025-09-07 12:13:03,139 [INFO] CodeEngine:265 - oldGeneratedFile, E:\projects\DevelopmentLevelCode\LineMonitorUART\LineMonitorUART\MXTmpFiles\license.tmp_save
2025-09-07 12:13:03,445 [INFO] CodeEngine:289 - Generated code: E:\projects\DevelopmentLevelCode\LineMonitorUART\LineMonitorUART\MXTmpFiles\license.tmp
2025-09-07 12:13:03,534 [INFO] CodeEngine:265 - oldGeneratedFile, E:\projects\DevelopmentLevelCode\LineMonitorUART\LineMonitorUART\MXTmpFiles\gpio.tmp_save
2025-09-07 12:13:03,641 [INFO] CodeEngine:289 - Generated code: E:\projects\DevelopmentLevelCode\LineMonitorUART\LineMonitorUART\MXTmpFiles\gpio.tmp
2025-09-07 12:13:04,067 [INFO] CodeEngine:265 - oldGeneratedFile, E:\projects\DevelopmentLevelCode\LineMonitorUART\LineMonitorUART\Core\Src\stm32g4xx_it.c_save
2025-09-07 12:13:04,452 [INFO] CodeEngine:289 - Generated code: E:\projects\DevelopmentLevelCode\LineMonitorUART\LineMonitorUART\Core\Src\stm32g4xx_it.c
2025-09-07 12:13:04,456 [INFO] CodeEngine:265 - oldGeneratedFile, E:\projects\DevelopmentLevelCode\LineMonitorUART\LineMonitorUART\Core\Inc\stm32g4xx_it.h_save
2025-09-07 12:13:04,532 [INFO] CodeEngine:289 - Generated code: E:\projects\DevelopmentLevelCode\LineMonitorUART\LineMonitorUART\Core\Inc\stm32g4xx_it.h
2025-09-07 12:13:04,547 [INFO] CodeEngine:265 - oldGeneratedFile, E:\projects\DevelopmentLevelCode\LineMonitorUART\LineMonitorUART\Core\Src\stm32g4xx_hal_msp.c_save
2025-09-07 12:13:04,798 [INFO] CodeEngine:289 - Generated code: E:\projects\DevelopmentLevelCode\LineMonitorUART\LineMonitorUART\Core\Src\stm32g4xx_hal_msp.c
2025-09-07 12:13:04,803 [INFO] CodeEngine:265 - oldGeneratedFile, E:\projects\DevelopmentLevelCode\LineMonitorUART\LineMonitorUART\MXTmpFiles\system.tmp_save
2025-09-07 12:13:04,860 [INFO] CodeEngine:289 - Generated code: E:\projects\DevelopmentLevelCode\LineMonitorUART\LineMonitorUART\MXTmpFiles\system.tmp
2025-09-07 12:13:04,870 [INFO] CodeEngine:321 - oldGeneratedFile, E:\projects\DevelopmentLevelCode\LineMonitorUART\LineMonitorUART\Core\Inc\stm32g4xx_hal_conf.h_save
2025-09-07 12:13:04,930 [INFO] CodeEngine:345 - Generated code: E:\projects\DevelopmentLevelCode\LineMonitorUART\LineMonitorUART\Core\Inc\stm32g4xx_hal_conf.h
2025-09-07 12:13:04,961 [WARN] IPConfigManager:3238 - Warning: the RefConfig RCC_CommonPeriphClockConfig is not available in your config.xml file
2025-09-07 12:13:04,965 [INFO] ApiDbMcu:532 - Load IP Config File for ADC1
2025-09-07 12:13:04,968 [INFO] ApiDbMcu:532 - Load IP Config File for ADC2
2025-09-07 12:13:04,972 [INFO] ApiDbMcu:532 - Load IP Config File for DAC1
2025-09-07 12:13:04,972 [INFO] ApiDbMcu:532 - Load IP Config File for IWDG
2025-09-07 12:13:04,979 [INFO] ApiDbMcu:532 - Load IP Config File for RTC
2025-09-07 12:13:04,992 [INFO] ApiDbMcu:532 - Load IP Config File for USART1
2025-09-07 12:13:04,995 [INFO] ApiDbMcu:532 - Load IP Config File for RCC
2025-09-07 12:13:05,003 [INFO] CodeEngine:265 - oldGeneratedFile, E:\projects\DevelopmentLevelCode\LineMonitorUART\LineMonitorUART\Core\Inc\main.h_save
2025-09-07 12:13:05,090 [INFO] CodeEngine:289 - Generated code: E:\projects\DevelopmentLevelCode\LineMonitorUART\LineMonitorUART\Core\Inc\main.h
2025-09-07 12:13:05,095 [INFO] CodeEngine:265 - oldGeneratedFile, E:\projects\DevelopmentLevelCode\LineMonitorUART\LineMonitorUART\Core\Src\main.c_save
2025-09-07 12:13:05,204 [INFO] CodeEngine:289 - Generated code: E:\projects\DevelopmentLevelCode\LineMonitorUART\LineMonitorUART\Core\Src\main.c
2025-09-07 12:13:05,485 [INFO] ProjectBuilder:3606 - Time for Copy HAL[1] : 123mS.
2025-09-07 12:13:05,488 [INFO] ProjectBuilder:5216 - Project Generator version: 4.7.0-B52
2025-09-07 12:13:05,566 [INFO] ConfigFileManager:1595 - The Die is : DIE468
2025-09-07 12:13:05,569 [INFO] ApiDbMcu:532 - Load IP Config File for FATFS
2025-09-07 12:13:05,572 [INFO] ApiDbMcu:532 - Load IP Config File for FREERTOS
2025-09-07 12:13:05,576 [INFO] ApiDbMcu:532 - Load IP Config File for USBPD
2025-09-07 12:13:05,581 [INFO] ApiDbMcu:532 - Load IP Config File for USB_DEVICE
2025-09-07 12:13:06,657 [INFO] ProjectBuilder:5496 - Time for Generating toolchain IDE Files: 1169mS.
2025-09-07 12:13:06,659 [INFO] ProjectBuilder:3463 - Time for Copy CMSIS : 0mS.
2025-09-07 12:13:06,661 [INFO] ProjectBuilder:3463 - Time for Copy CMSIS : 0mS.
2025-09-07 12:28:31,012 [INFO] I2cTimingTraitement:330 - 0x10805D88
2025-09-07 12:28:59,286 [WARN] IP:2250 - OutPut1 not found: check if there is a RefParameter without a condition.
2025-09-07 12:28:59,286 [WARN] IP:2250 - OutPut2 not found: check if there is a RefParameter without a condition.
2025-09-07 12:28:59,286 [WARN] IP:2250 - OutPut3 not found: check if there is a RefParameter without a condition.
2025-09-07 12:28:59,286 [WARN] IP:2250 - OutPut1 not found: check if there is a RefParameter without a condition.
2025-09-07 12:28:59,288 [WARN] IP:2250 - OutPut2 not found: check if there is a RefParameter without a condition.
2025-09-07 12:28:59,288 [WARN] IP:2250 - OutPut3 not found: check if there is a RefParameter without a condition.
2025-09-07 12:32:08,975 [WARN] IP:2250 - OutPut1 not found: check if there is a RefParameter without a condition.
2025-09-07 12:32:08,975 [WARN] IP:2250 - OutPut2 not found: check if there is a RefParameter without a condition.
2025-09-07 12:32:08,975 [WARN] IP:2250 - OutPut3 not found: check if there is a RefParameter without a condition.
2025-09-07 12:32:08,981 [WARN] IP:2250 - OutPut1 not found: check if there is a RefParameter without a condition.
2025-09-07 12:32:08,981 [WARN] IP:2250 - OutPut2 not found: check if there is a RefParameter without a condition.
2025-09-07 12:32:08,981 [WARN] IP:2250 - OutPut3 not found: check if there is a RefParameter without a condition.
2025-09-07 12:32:09,022 [WARN] IP:2250 - OutPut1 not found: check if there is a RefParameter without a condition.
2025-09-07 12:32:09,022 [WARN] IP:2250 - OutPut2 not found: check if there is a RefParameter without a condition.
2025-09-07 12:32:09,022 [WARN] IP:2250 - OutPut3 not found: check if there is a RefParameter without a condition.
2025-09-07 12:32:09,070 [WARN] IP:2250 - OutPut1 not found: check if there is a RefParameter without a condition.
2025-09-07 12:32:09,070 [WARN] IP:2250 - OutPut2 not found: check if there is a RefParameter without a condition.
2025-09-07 12:32:09,070 [WARN] IP:2250 - OutPut3 not found: check if there is a RefParameter without a condition.
2025-09-07 12:32:14,912 [WARN] IP:2250 - OutPut1 not found: check if there is a RefParameter without a condition.
2025-09-07 12:32:14,914 [WARN] IP:2250 - OutPut2 not found: check if there is a RefParameter without a condition.
2025-09-07 12:32:14,914 [WARN] IP:2250 - OutPut3 not found: check if there is a RefParameter without a condition.
2025-09-07 12:32:14,914 [WARN] IP:2250 - OutPut1 not found: check if there is a RefParameter without a condition.
2025-09-07 12:32:14,914 [WARN] IP:2250 - OutPut2 not found: check if there is a RefParameter without a condition.
2025-09-07 12:32:14,914 [WARN] IP:2250 - OutPut3 not found: check if there is a RefParameter without a condition.
2025-09-07 12:32:14,974 [WARN] IP:2250 - OutPut1 not found: check if there is a RefParameter without a condition.
2025-09-07 12:32:14,974 [WARN] IP:2250 - OutPut2 not found: check if there is a RefParameter without a condition.
2025-09-07 12:32:14,974 [WARN] IP:2250 - OutPut3 not found: check if there is a RefParameter without a condition.
2025-09-07 12:32:15,024 [WARN] IP:2250 - OutPut1 not found: check if there is a RefParameter without a condition.
2025-09-07 12:32:15,024 [WARN] IP:2250 - OutPut2 not found: check if there is a RefParameter without a condition.
2025-09-07 12:32:15,024 [WARN] IP:2250 - OutPut3 not found: check if there is a RefParameter without a condition.
2025-09-07 12:32:20,135 [WARN] IP:2250 - OutPut1 not found: check if there is a RefParameter without a condition.
2025-09-07 12:32:20,135 [WARN] IP:2250 - OutPut2 not found: check if there is a RefParameter without a condition.
2025-09-07 12:32:20,135 [WARN] IP:2250 - OutPut3 not found: check if there is a RefParameter without a condition.
2025-09-07 12:32:20,135 [WARN] IP:2250 - OutPut1 not found: check if there is a RefParameter without a condition.
2025-09-07 12:32:20,135 [WARN] IP:2250 - OutPut2 not found: check if there is a RefParameter without a condition.
2025-09-07 12:32:20,135 [WARN] IP:2250 - OutPut3 not found: check if there is a RefParameter without a condition.
2025-09-07 12:32:20,181 [WARN] IP:2250 - OutPut1 not found: check if there is a RefParameter without a condition.
2025-09-07 12:32:20,181 [WARN] IP:2250 - OutPut2 not found: check if there is a RefParameter without a condition.
2025-09-07 12:32:20,181 [WARN] IP:2250 - OutPut3 not found: check if there is a RefParameter without a condition.
2025-09-07 12:32:20,221 [WARN] IP:2250 - OutPut1 not found: check if there is a RefParameter without a condition.
2025-09-07 12:32:20,221 [WARN] IP:2250 - OutPut2 not found: check if there is a RefParameter without a condition.
2025-09-07 12:32:20,221 [WARN] IP:2250 - OutPut3 not found: check if there is a RefParameter without a condition.
2025-09-07 12:56:01,967 [INFO] Mcu:1682 - InternalPropertyChange: try BijectiveRequest:PWM Generation CH3
2025-09-07 12:59:56,400 [WARN] IP:2250 - OutPut1 not found: check if there is a RefParameter without a condition.
2025-09-07 12:59:56,400 [WARN] IP:2250 - OutPut2 not found: check if there is a RefParameter without a condition.
2025-09-07 12:59:56,400 [WARN] IP:2250 - OutPut3 not found: check if there is a RefParameter without a condition.
2025-09-07 12:59:56,401 [WARN] IP:2250 - OutPut1 not found: check if there is a RefParameter without a condition.
2025-09-07 12:59:56,401 [WARN] IP:2250 - OutPut2 not found: check if there is a RefParameter without a condition.
2025-09-07 12:59:56,401 [WARN] IP:2250 - OutPut3 not found: check if there is a RefParameter without a condition.
2025-09-07 12:59:56,585 [INFO] I2cTimingTraitement:330 - 0x10C18DCC
2025-09-07 12:59:56,948 [WARN] IP:2250 - OutPut1 not found: check if there is a RefParameter without a condition.
2025-09-07 12:59:56,949 [WARN] IP:2250 - OutPut2 not found: check if there is a RefParameter without a condition.
2025-09-07 12:59:56,949 [WARN] IP:2250 - OutPut3 not found: check if there is a RefParameter without a condition.
2025-09-07 12:59:56,949 [WARN] IP:2250 - OutPut1 not found: check if there is a RefParameter without a condition.
2025-09-07 12:59:56,949 [WARN] IP:2250 - OutPut2 not found: check if there is a RefParameter without a condition.
2025-09-07 12:59:56,949 [WARN] IP:2250 - OutPut3 not found: check if there is a RefParameter without a condition.
2025-09-07 12:59:57,120 [WARN] IP:2250 - OutPut1 not found: check if there is a RefParameter without a condition.
2025-09-07 12:59:57,120 [WARN] IP:2250 - OutPut2 not found: check if there is a RefParameter without a condition.
2025-09-07 12:59:57,120 [WARN] IP:2250 - OutPut3 not found: check if there is a RefParameter without a condition.
2025-09-07 12:59:57,120 [WARN] IP:2250 - OutPut1 not found: check if there is a RefParameter without a condition.
2025-09-07 12:59:57,122 [WARN] IP:2250 - OutPut2 not found: check if there is a RefParameter without a condition.
2025-09-07 12:59:57,122 [WARN] IP:2250 - OutPut3 not found: check if there is a RefParameter without a condition.
2025-09-07 12:59:57,352 [WARN] IP:2250 - OutPut1 not found: check if there is a RefParameter without a condition.
2025-09-07 12:59:57,352 [WARN] IP:2250 - OutPut2 not found: check if there is a RefParameter without a condition.
2025-09-07 12:59:57,352 [WARN] IP:2250 - OutPut3 not found: check if there is a RefParameter without a condition.
2025-09-07 12:59:57,353 [WARN] IP:2250 - OutPut1 not found: check if there is a RefParameter without a condition.
2025-09-07 12:59:57,353 [WARN] IP:2250 - OutPut2 not found: check if there is a RefParameter without a condition.
2025-09-07 12:59:57,353 [WARN] IP:2250 - OutPut3 not found: check if there is a RefParameter without a condition.
2025-09-07 13:00:03,580 [INFO] UtilMem:75 - End SaveConfig() Used Memory: 829945680 Bytes (943718400)
2025-09-07 13:00:04,360 [INFO] UtilMem:75 - End SaveConfig() Used Memory: 850130968 Bytes (943718400)
2025-09-07 13:00:05,952 [INFO] UtilMem:75 - End SaveConfig() Used Memory: 372812368 Bytes (943718400)
2025-09-07 13:00:06,154 [INFO] BlockDiagram:2775 - set Specific Code input for plugin: SPI
2025-09-07 13:00:06,154 [INFO] BlockDiagram:2775 - set Specific Code input for plugin: IWDG
2025-09-07 13:00:06,154 [INFO] BlockDiagram:2775 - set Specific Code input for plugin: DAC
2025-09-07 13:00:06,154 [INFO] BlockDiagram:2775 - set Specific Code input for plugin: TIM1_8G4
2025-09-07 13:00:06,155 [INFO] BlockDiagram:2775 - set Specific Code input for plugin: TIM1_8G4
2025-09-07 13:00:06,155 [INFO] BlockDiagram:2775 - set Specific Code input for plugin: ADC
2025-09-07 13:00:06,155 [INFO] BlockDiagram:2775 - set Specific Code input for plugin: SYS
2025-09-07 13:00:06,155 [INFO] BlockDiagram:2775 - set Specific Code input for plugin: ADC
2025-09-07 13:00:06,155 [INFO] BlockDiagram:2775 - set Specific Code input for plugin: RCC
2025-09-07 13:00:06,155 [INFO] BlockDiagram:2775 - set Specific Code input for plugin: I2C
2025-09-07 13:00:06,155 [INFO] BlockDiagram:2775 - set Specific Code input for plugin: RTC
2025-09-07 13:00:06,155 [INFO] BlockDiagram:2775 - set Specific Code input for plugin: NVIC
2025-09-07 13:00:06,155 [INFO] BlockDiagram:2775 - set Specific Code input for plugin: USART
2025-09-07 13:00:06,155 [INFO] BlockDiagram:2775 - set Specific Code input for plugin: USART
2025-09-07 13:00:06,156 [INFO] BlockDiagram:2775 - set Specific Code input for plugin: UART
2025-09-07 13:00:06,156 [INFO] BlockDiagram:2775 - set Specific Code input for plugin: GPIO
2025-09-07 13:00:06,157 [INFO] CodeGenerator:892 - code generatio: config db path: C:\ST\STM32CubeIDE_1.19.0\STM32CubeIDE\plugins\com.st.stm32cube.common.mx_6.15.0.202507011659\\db\
2025-09-07 13:00:06,197 [WARN] IP:2250 - OutPut1 not found: check if there is a RefParameter without a condition.
2025-09-07 13:00:06,197 [WARN] IP:2250 - OutPut2 not found: check if there is a RefParameter without a condition.
2025-09-07 13:00:06,197 [WARN] IP:2250 - OutPut3 not found: check if there is a RefParameter without a condition.
2025-09-07 13:00:06,387 [INFO] CodeEngine:265 - oldGeneratedFile, E:\projects\DevelopmentLevelCode\LineMonitorUART\LineMonitorUART\MXTmpFiles\license.tmp_save
2025-09-07 13:00:06,739 [INFO] CodeEngine:289 - Generated code: E:\projects\DevelopmentLevelCode\LineMonitorUART\LineMonitorUART\MXTmpFiles\license.tmp
2025-09-07 13:00:06,890 [INFO] CodeEngine:265 - oldGeneratedFile, E:\projects\DevelopmentLevelCode\LineMonitorUART\LineMonitorUART\MXTmpFiles\gpio.tmp_save
2025-09-07 13:00:07,048 [INFO] CodeEngine:289 - Generated code: E:\projects\DevelopmentLevelCode\LineMonitorUART\LineMonitorUART\MXTmpFiles\gpio.tmp
2025-09-07 13:00:08,248 [INFO] CodeEngine:265 - oldGeneratedFile, E:\projects\DevelopmentLevelCode\LineMonitorUART\LineMonitorUART\Core\Src\stm32g4xx_it.c_save
2025-09-07 13:00:08,504 [INFO] CodeEngine:289 - Generated code: E:\projects\DevelopmentLevelCode\LineMonitorUART\LineMonitorUART\Core\Src\stm32g4xx_it.c
2025-09-07 13:00:08,525 [INFO] CodeEngine:265 - oldGeneratedFile, E:\projects\DevelopmentLevelCode\LineMonitorUART\LineMonitorUART\Core\Inc\stm32g4xx_it.h_save
2025-09-07 13:00:08,606 [INFO] CodeEngine:289 - Generated code: E:\projects\DevelopmentLevelCode\LineMonitorUART\LineMonitorUART\Core\Inc\stm32g4xx_it.h
2025-09-07 13:00:08,624 [INFO] CodeEngine:265 - oldGeneratedFile, E:\projects\DevelopmentLevelCode\LineMonitorUART\LineMonitorUART\Core\Src\stm32g4xx_hal_msp.c_save
2025-09-07 13:00:08,849 [INFO] CodeEngine:289 - Generated code: E:\projects\DevelopmentLevelCode\LineMonitorUART\LineMonitorUART\Core\Src\stm32g4xx_hal_msp.c
2025-09-07 13:00:08,867 [INFO] CodeEngine:265 - oldGeneratedFile, E:\projects\DevelopmentLevelCode\LineMonitorUART\LineMonitorUART\MXTmpFiles\system.tmp_save
2025-09-07 13:00:08,937 [INFO] CodeEngine:289 - Generated code: E:\projects\DevelopmentLevelCode\LineMonitorUART\LineMonitorUART\MXTmpFiles\system.tmp
2025-09-07 13:00:08,950 [INFO] CodeEngine:321 - oldGeneratedFile, E:\projects\DevelopmentLevelCode\LineMonitorUART\LineMonitorUART\Core\Inc\stm32g4xx_hal_conf.h_save
2025-09-07 13:00:09,027 [INFO] CodeEngine:345 - Generated code: E:\projects\DevelopmentLevelCode\LineMonitorUART\LineMonitorUART\Core\Inc\stm32g4xx_hal_conf.h
2025-09-07 13:00:09,048 [WARN] IPConfigManager:3238 - Warning: the RefConfig RCC_CommonPeriphClockConfig is not available in your config.xml file
2025-09-07 13:00:09,053 [INFO] ApiDbMcu:532 - Load IP Config File for I2C1
2025-09-07 13:00:09,057 [INFO] ApiDbMcu:532 - Load IP Config File for SPI1
2025-09-07 13:00:09,076 [INFO] ApiDbMcu:532 - Load IP Config File for TIM2
2025-09-07 13:00:09,094 [INFO] ApiDbMcu:532 - Load IP Config File for TIM3
2025-09-07 13:00:09,107 [INFO] ApiDbMcu:532 - Load IP Config File for UART4
2025-09-07 13:00:09,119 [INFO] ApiDbMcu:532 - Load IP Config File for USART3
2025-09-07 13:00:09,122 [WARN] IPConfigManager:3811 - IP not found : TIM
2025-09-07 13:00:09,124 [WARN] CodeGenerator:4259 - IP not found : null
2025-09-07 13:00:09,133 [INFO] CodeEngine:265 - oldGeneratedFile, E:\projects\DevelopmentLevelCode\LineMonitorUART\LineMonitorUART\Core\Inc\main.h_save
2025-09-07 13:00:09,241 [INFO] CodeEngine:289 - Generated code: E:\projects\DevelopmentLevelCode\LineMonitorUART\LineMonitorUART\Core\Inc\main.h
2025-09-07 13:00:09,249 [INFO] CodeEngine:265 - oldGeneratedFile, E:\projects\DevelopmentLevelCode\LineMonitorUART\LineMonitorUART\Core\Src\main.c_save
2025-09-07 13:00:09,482 [INFO] CodeEngine:289 - Generated code: E:\projects\DevelopmentLevelCode\LineMonitorUART\LineMonitorUART\Core\Src\main.c
2025-09-07 13:00:10,077 [INFO] ProjectBuilder:3606 - Time for Copy HAL[1] : 300mS.
2025-09-07 13:00:10,083 [INFO] ProjectBuilder:5216 - Project Generator version: 4.7.0-B52
2025-09-07 13:00:10,190 [INFO] ConfigFileManager:1595 - The Die is : DIE468
2025-09-07 13:00:11,683 [INFO] ProjectBuilder:5496 - Time for Generating toolchain IDE Files: 1600mS.
2025-09-07 13:00:11,684 [INFO] ProjectBuilder:3463 - Time for Copy CMSIS : 1mS.
2025-09-07 13:00:11,688 [INFO] ProjectBuilder:3463 - Time for Copy CMSIS : 0mS.
2025-09-07 13:00:15,354 [WARN] IP:2250 - OutPut1 not found: check if there is a RefParameter without a condition.
2025-09-07 13:00:15,354 [WARN] IP:2250 - OutPut2 not found: check if there is a RefParameter without a condition.
2025-09-07 13:00:15,355 [WARN] IP:2250 - OutPut3 not found: check if there is a RefParameter without a condition.
2025-09-07 13:00:15,355 [WARN] IP:2250 - OutPut1 not found: check if there is a RefParameter without a condition.
2025-09-07 13:00:15,355 [WARN] IP:2250 - OutPut2 not found: check if there is a RefParameter without a condition.
2025-09-07 13:00:15,355 [WARN] IP:2250 - OutPut3 not found: check if there is a RefParameter without a condition.
2025-09-07 13:00:15,457 [INFO] I2cTimingTraitement:330 - 0x10C18DCC
2025-09-07 13:00:15,593 [WARN] IP:2250 - OutPut1 not found: check if there is a RefParameter without a condition.
2025-09-07 13:00:15,593 [WARN] IP:2250 - OutPut2 not found: check if there is a RefParameter without a condition.
2025-09-07 13:00:15,593 [WARN] IP:2250 - OutPut3 not found: check if there is a RefParameter without a condition.
2025-09-07 13:00:15,593 [WARN] IP:2250 - OutPut1 not found: check if there is a RefParameter without a condition.
2025-09-07 13:00:15,593 [WARN] IP:2250 - OutPut2 not found: check if there is a RefParameter without a condition.
2025-09-07 13:00:15,593 [WARN] IP:2250 - OutPut3 not found: check if there is a RefParameter without a condition.
2025-09-07 13:00:15,817 [WARN] IP:2250 - OutPut1 not found: check if there is a RefParameter without a condition.
2025-09-07 13:00:15,817 [WARN] IP:2250 - OutPut2 not found: check if there is a RefParameter without a condition.
2025-09-07 13:00:15,817 [WARN] IP:2250 - OutPut3 not found: check if there is a RefParameter without a condition.
2025-09-07 13:00:15,817 [WARN] IP:2250 - OutPut1 not found: check if there is a RefParameter without a condition.
2025-09-07 13:00:15,817 [WARN] IP:2250 - OutPut2 not found: check if there is a RefParameter without a condition.
2025-09-07 13:00:15,817 [WARN] IP:2250 - OutPut3 not found: check if there is a RefParameter without a condition.
2025-09-07 13:00:32,914 [INFO] NvicIntPanel:101 - NVIC parent = com.st.microxplorer.plugins.ip.nvic.MultiNvicIntPanel[,0,0,0x0,invalid,layout=javax.swing.BoxLayout,alignmentX=0.0,alignmentY=0.0,border=,flags=9,maximumSize=,minimumSize=,preferredSize=]
2025-09-07 13:00:59,266 [INFO] UtilMem:75 - End SaveConfig() Used Memory: 382315568 Bytes (943718400)
2025-09-07 13:01:00,002 [INFO] UtilMem:75 - End SaveConfig() Used Memory: 401189936 Bytes (943718400)
2025-09-07 13:01:01,236 [INFO] UtilMem:75 - End SaveConfig() Used Memory: 490318896 Bytes (943718400)
2025-09-07 13:01:01,428 [INFO] BlockDiagram:2775 - set Specific Code input for plugin: SPI
2025-09-07 13:01:01,428 [INFO] BlockDiagram:2775 - set Specific Code input for plugin: IWDG
2025-09-07 13:01:01,428 [INFO] BlockDiagram:2775 - set Specific Code input for plugin: DAC
2025-09-07 13:01:01,428 [INFO] BlockDiagram:2775 - set Specific Code input for plugin: TIM1_8G4
2025-09-07 13:01:01,428 [INFO] BlockDiagram:2775 - set Specific Code input for plugin: TIM1_8G4
2025-09-07 13:01:01,428 [INFO] BlockDiagram:2775 - set Specific Code input for plugin: ADC
2025-09-07 13:01:01,429 [INFO] BlockDiagram:2775 - set Specific Code input for plugin: SYS
2025-09-07 13:01:01,429 [INFO] BlockDiagram:2775 - set Specific Code input for plugin: ADC
2025-09-07 13:01:01,429 [INFO] BlockDiagram:2775 - set Specific Code input for plugin: RCC
2025-09-07 13:01:01,429 [INFO] BlockDiagram:2775 - set Specific Code input for plugin: I2C
2025-09-07 13:01:01,429 [INFO] BlockDiagram:2775 - set Specific Code input for plugin: RTC
2025-09-07 13:01:01,429 [INFO] BlockDiagram:2775 - set Specific Code input for plugin: NVIC
2025-09-07 13:01:01,429 [INFO] BlockDiagram:2775 - set Specific Code input for plugin: USART
2025-09-07 13:01:01,429 [INFO] BlockDiagram:2775 - set Specific Code input for plugin: USART
2025-09-07 13:01:01,429 [INFO] BlockDiagram:2775 - set Specific Code input for plugin: UART
2025-09-07 13:01:01,429 [INFO] BlockDiagram:2775 - set Specific Code input for plugin: GPIO
2025-09-07 13:01:01,430 [INFO] CodeGenerator:892 - code generatio: config db path: C:\ST\STM32CubeIDE_1.19.0\STM32CubeIDE\plugins\com.st.stm32cube.common.mx_6.15.0.202507011659\\db\
2025-09-07 13:01:01,463 [WARN] IP:2250 - OutPut1 not found: check if there is a RefParameter without a condition.
2025-09-07 13:01:01,463 [WARN] IP:2250 - OutPut2 not found: check if there is a RefParameter without a condition.
2025-09-07 13:01:01,463 [WARN] IP:2250 - OutPut3 not found: check if there is a RefParameter without a condition.
2025-09-07 13:01:01,633 [INFO] CodeEngine:265 - oldGeneratedFile, E:\projects\DevelopmentLevelCode\LineMonitorUART\LineMonitorUART\MXTmpFiles\license.tmp_save
2025-09-07 13:01:01,718 [INFO] CodeEngine:289 - Generated code: E:\projects\DevelopmentLevelCode\LineMonitorUART\LineMonitorUART\MXTmpFiles\license.tmp
2025-09-07 13:01:01,791 [INFO] CodeEngine:265 - oldGeneratedFile, E:\projects\DevelopmentLevelCode\LineMonitorUART\LineMonitorUART\MXTmpFiles\gpio.tmp_save
2025-09-07 13:01:01,879 [INFO] CodeEngine:289 - Generated code: E:\projects\DevelopmentLevelCode\LineMonitorUART\LineMonitorUART\MXTmpFiles\gpio.tmp
2025-09-07 13:01:02,877 [INFO] CodeEngine:265 - oldGeneratedFile, E:\projects\DevelopmentLevelCode\LineMonitorUART\LineMonitorUART\Core\Src\stm32g4xx_it.c_save
2025-09-07 13:01:02,949 [INFO] CodeEngine:289 - Generated code: E:\projects\DevelopmentLevelCode\LineMonitorUART\LineMonitorUART\Core\Src\stm32g4xx_it.c
2025-09-07 13:01:02,953 [INFO] CodeEngine:265 - oldGeneratedFile, E:\projects\DevelopmentLevelCode\LineMonitorUART\LineMonitorUART\Core\Inc\stm32g4xx_it.h_save
2025-09-07 13:01:03,013 [INFO] CodeEngine:289 - Generated code: E:\projects\DevelopmentLevelCode\LineMonitorUART\LineMonitorUART\Core\Inc\stm32g4xx_it.h
2025-09-07 13:01:03,026 [INFO] CodeEngine:265 - oldGeneratedFile, E:\projects\DevelopmentLevelCode\LineMonitorUART\LineMonitorUART\Core\Src\stm32g4xx_hal_msp.c_save
2025-09-07 13:01:03,140 [INFO] CodeEngine:289 - Generated code: E:\projects\DevelopmentLevelCode\LineMonitorUART\LineMonitorUART\Core\Src\stm32g4xx_hal_msp.c
2025-09-07 13:01:03,147 [INFO] CodeEngine:265 - oldGeneratedFile, E:\projects\DevelopmentLevelCode\LineMonitorUART\LineMonitorUART\MXTmpFiles\system.tmp_save
2025-09-07 13:01:03,216 [INFO] CodeEngine:289 - Generated code: E:\projects\DevelopmentLevelCode\LineMonitorUART\LineMonitorUART\MXTmpFiles\system.tmp
2025-09-07 13:01:03,229 [INFO] CodeEngine:321 - oldGeneratedFile, E:\projects\DevelopmentLevelCode\LineMonitorUART\LineMonitorUART\Core\Inc\stm32g4xx_hal_conf.h_save
2025-09-07 13:01:03,297 [INFO] CodeEngine:345 - Generated code: E:\projects\DevelopmentLevelCode\LineMonitorUART\LineMonitorUART\Core\Inc\stm32g4xx_hal_conf.h
2025-09-07 13:01:03,311 [WARN] IPConfigManager:3238 - Warning: the RefConfig RCC_CommonPeriphClockConfig is not available in your config.xml file
2025-09-07 13:01:03,315 [WARN] IPConfigManager:3811 - IP not found : TIM
2025-09-07 13:01:03,317 [WARN] CodeGenerator:4259 - IP not found : null
2025-09-07 13:01:03,326 [INFO] CodeEngine:265 - oldGeneratedFile, E:\projects\DevelopmentLevelCode\LineMonitorUART\LineMonitorUART\Core\Inc\main.h_save
2025-09-07 13:01:03,396 [INFO] CodeEngine:289 - Generated code: E:\projects\DevelopmentLevelCode\LineMonitorUART\LineMonitorUART\Core\Inc\main.h
2025-09-07 13:01:03,402 [INFO] CodeEngine:265 - oldGeneratedFile, E:\projects\DevelopmentLevelCode\LineMonitorUART\LineMonitorUART\Core\Src\main.c_save
2025-09-07 13:01:03,568 [INFO] CodeEngine:289 - Generated code: E:\projects\DevelopmentLevelCode\LineMonitorUART\LineMonitorUART\Core\Src\main.c
2025-09-07 13:01:04,012 [INFO] ProjectBuilder:3606 - Time for Copy HAL[1] : 171mS.
2025-09-07 13:01:04,016 [INFO] ProjectBuilder:5216 - Project Generator version: 4.7.0-B52
2025-09-07 13:01:04,110 [INFO] ConfigFileManager:1595 - The Die is : DIE468
2025-09-07 13:01:05,292 [INFO] ProjectBuilder:5496 - Time for Generating toolchain IDE Files: 1276mS.
2025-09-07 13:01:05,293 [INFO] ProjectBuilder:3463 - Time for Copy CMSIS : 1mS.
2025-09-07 13:01:05,295 [INFO] ProjectBuilder:3463 - Time for Copy CMSIS : 0mS.
2025-09-07 13:03:26,627 [INFO] NvicIntPanel:101 - NVIC parent = com.st.microxplorer.plugins.ip.nvic.MultiNvicIntPanel[,0,0,0x0,invalid,layout=javax.swing.BoxLayout,alignmentX=0.0,alignmentY=0.0,border=,flags=9,maximumSize=,minimumSize=,preferredSize=]
2025-09-07 13:12:19,995 [INFO] UtilMem:75 - End SaveConfig() Used Memory: 745954728 Bytes (943718400)
2025-09-07 13:12:20,812 [INFO] UtilMem:75 - End SaveConfig() Used Memory: 765320864 Bytes (943718400)
2025-09-07 13:12:21,896 [INFO] UtilMem:75 - End SaveConfig() Used Memory: 801464160 Bytes (943718400)
2025-09-07 13:12:22,030 [INFO] BlockDiagram:2775 - set Specific Code input for plugin: SPI
2025-09-07 13:12:22,030 [INFO] BlockDiagram:2775 - set Specific Code input for plugin: IWDG
2025-09-07 13:12:22,030 [INFO] BlockDiagram:2775 - set Specific Code input for plugin: DAC
2025-09-07 13:12:22,030 [INFO] BlockDiagram:2775 - set Specific Code input for plugin: TIM1_8G4
2025-09-07 13:12:22,030 [INFO] BlockDiagram:2775 - set Specific Code input for plugin: TIM1_8G4
2025-09-07 13:12:22,030 [INFO] BlockDiagram:2775 - set Specific Code input for plugin: TIM1_8G4
2025-09-07 13:12:22,030 [INFO] BlockDiagram:2775 - set Specific Code input for plugin: TIM1_8G4
2025-09-07 13:12:22,030 [INFO] BlockDiagram:2775 - set Specific Code input for plugin: ADC
2025-09-07 13:12:22,030 [INFO] BlockDiagram:2775 - set Specific Code input for plugin: SYS
2025-09-07 13:12:22,030 [INFO] BlockDiagram:2775 - set Specific Code input for plugin: ADC
2025-09-07 13:12:22,030 [INFO] BlockDiagram:2775 - set Specific Code input for plugin: RCC
2025-09-07 13:12:22,030 [INFO] BlockDiagram:2775 - set Specific Code input for plugin: I2C
2025-09-07 13:12:22,030 [INFO] BlockDiagram:2775 - set Specific Code input for plugin: RTC
2025-09-07 13:12:22,030 [INFO] BlockDiagram:2775 - set Specific Code input for plugin: NVIC
2025-09-07 13:12:22,031 [INFO] BlockDiagram:2775 - set Specific Code input for plugin: USART
2025-09-07 13:12:22,031 [INFO] BlockDiagram:2775 - set Specific Code input for plugin: USART
2025-09-07 13:12:22,031 [INFO] BlockDiagram:2775 - set Specific Code input for plugin: UART
2025-09-07 13:12:22,031 [INFO] BlockDiagram:2775 - set Specific Code input for plugin: GPIO
2025-09-07 13:12:22,031 [INFO] CodeGenerator:892 - code generatio: config db path: C:\ST\STM32CubeIDE_1.19.0\STM32CubeIDE\plugins\com.st.stm32cube.common.mx_6.15.0.202507011659\\db\
2025-09-07 13:12:22,065 [WARN] IP:2250 - OutPut1 not found: check if there is a RefParameter without a condition.
2025-09-07 13:12:22,066 [WARN] IP:2250 - OutPut2 not found: check if there is a RefParameter without a condition.
2025-09-07 13:12:22,066 [WARN] IP:2250 - OutPut3 not found: check if there is a RefParameter without a condition.
2025-09-07 13:12:22,246 [INFO] CodeEngine:265 - oldGeneratedFile, E:\projects\DevelopmentLevelCode\LineMonitorUART\LineMonitorUART\MXTmpFiles\license.tmp_save
2025-09-07 13:12:22,328 [INFO] CodeEngine:289 - Generated code: E:\projects\DevelopmentLevelCode\LineMonitorUART\LineMonitorUART\MXTmpFiles\license.tmp
2025-09-07 13:12:22,445 [INFO] CodeEngine:265 - oldGeneratedFile, E:\projects\DevelopmentLevelCode\LineMonitorUART\LineMonitorUART\MXTmpFiles\gpio.tmp_save
2025-09-07 13:12:22,545 [INFO] CodeEngine:289 - Generated code: E:\projects\DevelopmentLevelCode\LineMonitorUART\LineMonitorUART\MXTmpFiles\gpio.tmp
2025-09-07 13:12:23,393 [INFO] CodeEngine:265 - oldGeneratedFile, E:\projects\DevelopmentLevelCode\LineMonitorUART\LineMonitorUART\Core\Src\stm32g4xx_it.c_save
2025-09-07 13:12:23,448 [INFO] CodeEngine:289 - Generated code: E:\projects\DevelopmentLevelCode\LineMonitorUART\LineMonitorUART\Core\Src\stm32g4xx_it.c
2025-09-07 13:12:23,452 [INFO] CodeEngine:265 - oldGeneratedFile, E:\projects\DevelopmentLevelCode\LineMonitorUART\LineMonitorUART\Core\Inc\stm32g4xx_it.h_save
2025-09-07 13:12:23,511 [INFO] CodeEngine:289 - Generated code: E:\projects\DevelopmentLevelCode\LineMonitorUART\LineMonitorUART\Core\Inc\stm32g4xx_it.h
2025-09-07 13:12:23,524 [INFO] CodeEngine:265 - oldGeneratedFile, E:\projects\DevelopmentLevelCode\LineMonitorUART\LineMonitorUART\Core\Src\stm32g4xx_hal_msp.c_save
2025-09-07 13:12:23,684 [INFO] CodeEngine:289 - Generated code: E:\projects\DevelopmentLevelCode\LineMonitorUART\LineMonitorUART\Core\Src\stm32g4xx_hal_msp.c
2025-09-07 13:12:23,689 [INFO] CodeEngine:265 - oldGeneratedFile, E:\projects\DevelopmentLevelCode\LineMonitorUART\LineMonitorUART\MXTmpFiles\system.tmp_save
2025-09-07 13:12:23,748 [INFO] CodeEngine:289 - Generated code: E:\projects\DevelopmentLevelCode\LineMonitorUART\LineMonitorUART\MXTmpFiles\system.tmp
2025-09-07 13:12:23,757 [INFO] CodeEngine:321 - oldGeneratedFile, E:\projects\DevelopmentLevelCode\LineMonitorUART\LineMonitorUART\Core\Inc\stm32g4xx_hal_conf.h_save
2025-09-07 13:12:23,813 [INFO] CodeEngine:345 - Generated code: E:\projects\DevelopmentLevelCode\LineMonitorUART\LineMonitorUART\Core\Inc\stm32g4xx_hal_conf.h
2025-09-07 13:12:23,826 [WARN] IPConfigManager:3238 - Warning: the RefConfig RCC_CommonPeriphClockConfig is not available in your config.xml file
2025-09-07 13:12:23,841 [INFO] ApiDbMcu:532 - Load IP Config File for TIM1
2025-09-07 13:12:23,855 [INFO] ApiDbMcu:532 - Load IP Config File for TIM4
2025-09-07 13:12:23,858 [WARN] IPConfigManager:3811 - IP not found : TIM
2025-09-07 13:12:23,859 [WARN] CodeGenerator:4259 - IP not found : null
2025-09-07 13:12:23,866 [INFO] CodeEngine:265 - oldGeneratedFile, E:\projects\DevelopmentLevelCode\LineMonitorUART\LineMonitorUART\Core\Inc\main.h_save
2025-09-07 13:12:23,925 [INFO] CodeEngine:289 - Generated code: E:\projects\DevelopmentLevelCode\LineMonitorUART\LineMonitorUART\Core\Inc\main.h
2025-09-07 13:12:23,929 [INFO] CodeEngine:265 - oldGeneratedFile, E:\projects\DevelopmentLevelCode\LineMonitorUART\LineMonitorUART\Core\Src\main.c_save
2025-09-07 13:12:24,061 [INFO] CodeEngine:289 - Generated code: E:\projects\DevelopmentLevelCode\LineMonitorUART\LineMonitorUART\Core\Src\main.c
2025-09-07 13:12:24,318 [INFO] ProjectBuilder:3606 - Time for Copy HAL[1] : 105mS.
2025-09-07 13:12:24,320 [INFO] ProjectBuilder:5216 - Project Generator version: 4.7.0-B52
2025-09-07 13:12:24,385 [INFO] ConfigFileManager:1595 - The Die is : DIE468
2025-09-07 13:12:25,310 [INFO] ProjectBuilder:5496 - Time for Generating toolchain IDE Files: 989mS.
2025-09-07 13:12:25,311 [INFO] ProjectBuilder:3463 - Time for Copy CMSIS : 1mS.
2025-09-07 13:12:25,313 [INFO] ProjectBuilder:3463 - Time for Copy CMSIS : 0mS.
2025-09-07 13:12:56,100 [INFO] WebApp:194 - Connection lost
2025-09-07 13:14:07,534 [WARN] IP:2250 - OutPut1 not found: check if there is a RefParameter without a condition.
2025-09-07 13:14:07,534 [WARN] IP:2250 - OutPut2 not found: check if there is a RefParameter without a condition.
2025-09-07 13:14:07,535 [WARN] IP:2250 - OutPut3 not found: check if there is a RefParameter without a condition.
2025-09-07 13:14:07,535 [WARN] IP:2250 - OutPut1 not found: check if there is a RefParameter without a condition.
2025-09-07 13:14:07,535 [WARN] IP:2250 - OutPut2 not found: check if there is a RefParameter without a condition.
2025-09-07 13:14:07,535 [WARN] IP:2250 - OutPut3 not found: check if there is a RefParameter without a condition.
2025-09-07 13:14:07,741 [WARN] IP:2250 - OutPut1 not found: check if there is a RefParameter without a condition.
2025-09-07 13:14:07,742 [WARN] IP:2250 - OutPut2 not found: check if there is a RefParameter without a condition.
2025-09-07 13:14:07,742 [WARN] IP:2250 - OutPut3 not found: check if there is a RefParameter without a condition.
2025-09-07 13:14:07,922 [WARN] IP:2250 - OutPut1 not found: check if there is a RefParameter without a condition.
2025-09-07 13:14:07,922 [WARN] IP:2250 - OutPut2 not found: check if there is a RefParameter without a condition.
2025-09-07 13:14:07,922 [WARN] IP:2250 - OutPut3 not found: check if there is a RefParameter without a condition.
2025-09-07 13:14:12,735 [WARN] IP:2250 - OutPut1 not found: check if there is a RefParameter without a condition.
2025-09-07 13:14:12,735 [WARN] IP:2250 - OutPut2 not found: check if there is a RefParameter without a condition.
2025-09-07 13:14:12,735 [WARN] IP:2250 - OutPut3 not found: check if there is a RefParameter without a condition.
2025-09-07 13:14:12,735 [WARN] IP:2250 - OutPut1 not found: check if there is a RefParameter without a condition.
2025-09-07 13:14:12,735 [WARN] IP:2250 - OutPut2 not found: check if there is a RefParameter without a condition.
2025-09-07 13:14:12,735 [WARN] IP:2250 - OutPut3 not found: check if there is a RefParameter without a condition.
2025-09-07 13:14:12,865 [WARN] IP:2250 - OutPut1 not found: check if there is a RefParameter without a condition.
2025-09-07 13:14:12,865 [WARN] IP:2250 - OutPut2 not found: check if there is a RefParameter without a condition.
2025-09-07 13:14:12,865 [WARN] IP:2250 - OutPut3 not found: check if there is a RefParameter without a condition.
2025-09-07 13:14:12,992 [WARN] IP:2250 - OutPut1 not found: check if there is a RefParameter without a condition.
2025-09-07 13:14:12,992 [WARN] IP:2250 - OutPut2 not found: check if there is a RefParameter without a condition.
2025-09-07 13:14:12,992 [WARN] IP:2250 - OutPut3 not found: check if there is a RefParameter without a condition.
2025-09-07 13:14:17,905 [WARN] IP:2250 - OutPut1 not found: check if there is a RefParameter without a condition.
2025-09-07 13:14:17,906 [WARN] IP:2250 - OutPut2 not found: check if there is a RefParameter without a condition.
2025-09-07 13:14:17,906 [WARN] IP:2250 - OutPut3 not found: check if there is a RefParameter without a condition.
2025-09-07 13:14:17,906 [WARN] IP:2250 - OutPut1 not found: check if there is a RefParameter without a condition.
2025-09-07 13:14:17,906 [WARN] IP:2250 - OutPut2 not found: check if there is a RefParameter without a condition.
2025-09-07 13:14:17,906 [WARN] IP:2250 - OutPut3 not found: check if there is a RefParameter without a condition.
2025-09-07 13:14:18,034 [WARN] IP:2250 - OutPut1 not found: check if there is a RefParameter without a condition.
2025-09-07 13:14:18,034 [WARN] IP:2250 - OutPut2 not found: check if there is a RefParameter without a condition.
2025-09-07 13:14:18,034 [WARN] IP:2250 - OutPut3 not found: check if there is a RefParameter without a condition.
2025-09-07 13:14:18,186 [WARN] IP:2250 - OutPut1 not found: check if there is a RefParameter without a condition.
2025-09-07 13:14:18,186 [WARN] IP:2250 - OutPut2 not found: check if there is a RefParameter without a condition.
2025-09-07 13:14:18,186 [WARN] IP:2250 - OutPut3 not found: check if there is a RefParameter without a condition.
2025-09-07 13:14:22,054 [WARN] IP:2250 - OutPut1 not found: check if there is a RefParameter without a condition.
2025-09-07 13:14:22,054 [WARN] IP:2250 - OutPut2 not found: check if there is a RefParameter without a condition.
2025-09-07 13:14:22,054 [WARN] IP:2250 - OutPut3 not found: check if there is a RefParameter without a condition.
2025-09-07 13:14:22,055 [WARN] IP:2250 - OutPut1 not found: check if there is a RefParameter without a condition.
2025-09-07 13:14:22,055 [WARN] IP:2250 - OutPut2 not found: check if there is a RefParameter without a condition.
2025-09-07 13:14:22,055 [WARN] IP:2250 - OutPut3 not found: check if there is a RefParameter without a condition.
2025-09-07 13:14:22,177 [WARN] IP:2250 - OutPut1 not found: check if there is a RefParameter without a condition.
2025-09-07 13:14:22,177 [WARN] IP:2250 - OutPut2 not found: check if there is a RefParameter without a condition.
2025-09-07 13:14:22,177 [WARN] IP:2250 - OutPut3 not found: check if there is a RefParameter without a condition.
2025-09-07 13:14:22,291 [WARN] IP:2250 - OutPut1 not found: check if there is a RefParameter without a condition.
2025-09-07 13:14:22,291 [WARN] IP:2250 - OutPut2 not found: check if there is a RefParameter without a condition.
2025-09-07 13:14:22,291 [WARN] IP:2250 - OutPut3 not found: check if there is a RefParameter without a condition.
2025-09-07 13:17:35,080 [INFO] WebApp:191 - Connection restablished
2025-09-07 13:18:41,881 [INFO] UtilMem:75 - End SaveConfig() Used Memory: 368676704 Bytes (943718400)
2025-09-07 13:18:42,634 [INFO] UtilMem:75 - End SaveConfig() Used Memory: 387551072 Bytes (943718400)
2025-09-07 13:18:44,217 [INFO] UtilMem:75 - End SaveConfig() Used Memory: 430542688 Bytes (943718400)
2025-09-07 13:18:45,088 [INFO] BlockDiagram:2775 - set Specific Code input for plugin: SPI
2025-09-07 13:18:45,088 [INFO] BlockDiagram:2775 - set Specific Code input for plugin: IWDG
2025-09-07 13:18:45,090 [INFO] BlockDiagram:2775 - set Specific Code input for plugin: DAC
2025-09-07 13:18:45,090 [INFO] BlockDiagram:2775 - set Specific Code input for plugin: TIM1_8G4
2025-09-07 13:18:45,090 [INFO] BlockDiagram:2775 - set Specific Code input for plugin: TIM1_8G4
2025-09-07 13:18:45,090 [INFO] BlockDiagram:2775 - set Specific Code input for plugin: TIM1_8G4
2025-09-07 13:18:45,090 [INFO] BlockDiagram:2775 - set Specific Code input for plugin: TIM1_8G4
2025-09-07 13:18:45,090 [INFO] BlockDiagram:2775 - set Specific Code input for plugin: ADC
2025-09-07 13:18:45,090 [INFO] BlockDiagram:2775 - set Specific Code input for plugin: SYS
2025-09-07 13:18:45,090 [INFO] BlockDiagram:2775 - set Specific Code input for plugin: ADC
2025-09-07 13:18:45,090 [INFO] BlockDiagram:2775 - set Specific Code input for plugin: RCC
2025-09-07 13:18:45,090 [INFO] BlockDiagram:2775 - set Specific Code input for plugin: I2C
2025-09-07 13:18:45,090 [INFO] BlockDiagram:2775 - set Specific Code input for plugin: RTC
2025-09-07 13:18:45,090 [INFO] BlockDiagram:2775 - set Specific Code input for plugin: NVIC
2025-09-07 13:18:45,090 [INFO] BlockDiagram:2775 - set Specific Code input for plugin: USART
2025-09-07 13:18:45,090 [INFO] BlockDiagram:2775 - set Specific Code input for plugin: USART
2025-09-07 13:18:45,090 [INFO] BlockDiagram:2775 - set Specific Code input for plugin: UART
2025-09-07 13:18:45,091 [INFO] BlockDiagram:2775 - set Specific Code input for plugin: GPIO
2025-09-07 13:18:45,091 [INFO] CodeGenerator:892 - code generatio: config db path: C:\ST\STM32CubeIDE_1.19.0\STM32CubeIDE\plugins\com.st.stm32cube.common.mx_6.15.0.202507011659\\db\
2025-09-07 13:18:45,112 [WARN] IP:2250 - OutPut1 not found: check if there is a RefParameter without a condition.
2025-09-07 13:18:45,112 [WARN] IP:2250 - OutPut2 not found: check if there is a RefParameter without a condition.
2025-09-07 13:18:45,113 [WARN] IP:2250 - OutPut3 not found: check if there is a RefParameter without a condition.
2025-09-07 13:18:45,296 [INFO] CodeEngine:265 - oldGeneratedFile, E:\projects\DevelopmentLevelCode\LineMonitorUART\LineMonitorUART\MXTmpFiles\license.tmp_save
2025-09-07 13:18:45,444 [INFO] CodeEngine:289 - Generated code: E:\projects\DevelopmentLevelCode\LineMonitorUART\LineMonitorUART\MXTmpFiles\license.tmp
2025-09-07 13:18:45,548 [INFO] CodeEngine:265 - oldGeneratedFile, E:\projects\DevelopmentLevelCode\LineMonitorUART\LineMonitorUART\MXTmpFiles\gpio.tmp_save
2025-09-07 13:18:45,652 [INFO] CodeEngine:289 - Generated code: E:\projects\DevelopmentLevelCode\LineMonitorUART\LineMonitorUART\MXTmpFiles\gpio.tmp
2025-09-07 13:18:46,851 [INFO] CodeEngine:265 - oldGeneratedFile, E:\projects\DevelopmentLevelCode\LineMonitorUART\LineMonitorUART\Core\Src\stm32g4xx_it.c_save
2025-09-07 13:18:46,939 [INFO] CodeEngine:289 - Generated code: E:\projects\DevelopmentLevelCode\LineMonitorUART\LineMonitorUART\Core\Src\stm32g4xx_it.c
2025-09-07 13:18:46,944 [INFO] CodeEngine:265 - oldGeneratedFile, E:\projects\DevelopmentLevelCode\LineMonitorUART\LineMonitorUART\Core\Inc\stm32g4xx_it.h_save
2025-09-07 13:18:47,016 [INFO] CodeEngine:289 - Generated code: E:\projects\DevelopmentLevelCode\LineMonitorUART\LineMonitorUART\Core\Inc\stm32g4xx_it.h
2025-09-07 13:18:47,029 [INFO] CodeEngine:265 - oldGeneratedFile, E:\projects\DevelopmentLevelCode\LineMonitorUART\LineMonitorUART\Core\Src\stm32g4xx_hal_msp.c_save
2025-09-07 13:18:47,170 [INFO] CodeEngine:289 - Generated code: E:\projects\DevelopmentLevelCode\LineMonitorUART\LineMonitorUART\Core\Src\stm32g4xx_hal_msp.c
2025-09-07 13:18:47,174 [INFO] CodeEngine:265 - oldGeneratedFile, E:\projects\DevelopmentLevelCode\LineMonitorUART\LineMonitorUART\MXTmpFiles\system.tmp_save
2025-09-07 13:18:47,239 [INFO] CodeEngine:289 - Generated code: E:\projects\DevelopmentLevelCode\LineMonitorUART\LineMonitorUART\MXTmpFiles\system.tmp
2025-09-07 13:18:47,250 [INFO] CodeEngine:321 - oldGeneratedFile, E:\projects\DevelopmentLevelCode\LineMonitorUART\LineMonitorUART\Core\Inc\stm32g4xx_hal_conf.h_save
2025-09-07 13:18:47,320 [INFO] CodeEngine:345 - Generated code: E:\projects\DevelopmentLevelCode\LineMonitorUART\LineMonitorUART\Core\Inc\stm32g4xx_hal_conf.h
2025-09-07 13:18:47,337 [WARN] IPConfigManager:3238 - Warning: the RefConfig RCC_CommonPeriphClockConfig is not available in your config.xml file
2025-09-07 13:18:47,341 [WARN] IPConfigManager:3811 - IP not found : TIM
2025-09-07 13:18:47,343 [WARN] CodeGenerator:4259 - IP not found : null
2025-09-07 13:18:47,351 [INFO] CodeEngine:265 - oldGeneratedFile, E:\projects\DevelopmentLevelCode\LineMonitorUART\LineMonitorUART\Core\Inc\main.h_save
2025-09-07 13:18:47,424 [INFO] CodeEngine:289 - Generated code: E:\projects\DevelopmentLevelCode\LineMonitorUART\LineMonitorUART\Core\Inc\main.h
2025-09-07 13:18:47,429 [INFO] CodeEngine:265 - oldGeneratedFile, E:\projects\DevelopmentLevelCode\LineMonitorUART\LineMonitorUART\Core\Src\main.c_save
2025-09-07 13:18:47,737 [INFO] CodeEngine:289 - Generated code: E:\projects\DevelopmentLevelCode\LineMonitorUART\LineMonitorUART\Core\Src\main.c
2025-09-07 13:18:48,082 [INFO] ProjectBuilder:3606 - Time for Copy HAL[1] : 150mS.
2025-09-07 13:18:48,087 [INFO] ProjectBuilder:5216 - Project Generator version: 4.7.0-B52
2025-09-07 13:18:48,188 [INFO] ConfigFileManager:1595 - The Die is : DIE468
2025-09-07 13:18:49,375 [INFO] ProjectBuilder:5496 - Time for Generating toolchain IDE Files: 1289mS.
2025-09-07 13:18:49,376 [INFO] ProjectBuilder:3463 - Time for Copy CMSIS : 0mS.
2025-09-07 13:18:49,379 [INFO] ProjectBuilder:3463 - Time for Copy CMSIS : 0mS.
2025-09-07 13:23:41,714 [INFO] UtilMem:75 - End SaveConfig() Used Memory: 699622136 Bytes (943718400)
2025-09-07 13:23:42,465 [INFO] UtilMem:75 - End SaveConfig() Used Memory: 723695112 Bytes (943718400)
2025-09-07 13:23:43,747 [INFO] UtilMem:75 - End SaveConfig() Used Memory: 765082360 Bytes (943718400)
2025-09-07 13:23:44,614 [INFO] BlockDiagram:2775 - set Specific Code input for plugin: SPI
2025-09-07 13:23:44,614 [INFO] BlockDiagram:2775 - set Specific Code input for plugin: IWDG
2025-09-07 13:23:44,615 [INFO] BlockDiagram:2775 - set Specific Code input for plugin: DAC
2025-09-07 13:23:44,615 [INFO] BlockDiagram:2775 - set Specific Code input for plugin: TIM1_8G4
2025-09-07 13:23:44,615 [INFO] BlockDiagram:2775 - set Specific Code input for plugin: TIM1_8G4
2025-09-07 13:23:44,615 [INFO] BlockDiagram:2775 - set Specific Code input for plugin: TIM1_8G4
2025-09-07 13:23:44,615 [INFO] BlockDiagram:2775 - set Specific Code input for plugin: TIM1_8G4
2025-09-07 13:23:44,615 [INFO] BlockDiagram:2775 - set Specific Code input for plugin: ADC
2025-09-07 13:23:44,615 [INFO] BlockDiagram:2775 - set Specific Code input for plugin: SYS
2025-09-07 13:23:44,615 [INFO] BlockDiagram:2775 - set Specific Code input for plugin: ADC
2025-09-07 13:23:44,615 [INFO] BlockDiagram:2775 - set Specific Code input for plugin: RCC
2025-09-07 13:23:44,615 [INFO] BlockDiagram:2775 - set Specific Code input for plugin: I2C
2025-09-07 13:23:44,615 [INFO] BlockDiagram:2775 - set Specific Code input for plugin: RTC
2025-09-07 13:23:44,615 [INFO] BlockDiagram:2775 - set Specific Code input for plugin: NVIC
2025-09-07 13:23:44,616 [INFO] BlockDiagram:2775 - set Specific Code input for plugin: USART
2025-09-07 13:23:44,616 [INFO] BlockDiagram:2775 - set Specific Code input for plugin: USART
2025-09-07 13:23:44,616 [INFO] BlockDiagram:2775 - set Specific Code input for plugin: UART
2025-09-07 13:23:44,616 [INFO] BlockDiagram:2775 - set Specific Code input for plugin: GPIO
2025-09-07 13:23:44,617 [INFO] CodeGenerator:892 - code generatio: config db path: C:\ST\STM32CubeIDE_1.19.0\STM32CubeIDE\plugins\com.st.stm32cube.common.mx_6.15.0.202507011659\\db\
2025-09-07 13:23:44,642 [WARN] IP:2250 - OutPut1 not found: check if there is a RefParameter without a condition.
2025-09-07 13:23:44,642 [WARN] IP:2250 - OutPut2 not found: check if there is a RefParameter without a condition.
2025-09-07 13:23:44,642 [WARN] IP:2250 - OutPut3 not found: check if there is a RefParameter without a condition.
2025-09-07 13:23:44,789 [INFO] CodeEngine:265 - oldGeneratedFile, E:\projects\DevelopmentLevelCode\LineMonitorUART\LineMonitorUART\MXTmpFiles\license.tmp_save
2025-09-07 13:23:44,933 [INFO] CodeEngine:289 - Generated code: E:\projects\DevelopmentLevelCode\LineMonitorUART\LineMonitorUART\MXTmpFiles\license.tmp
2025-09-07 13:23:45,031 [INFO] CodeEngine:265 - oldGeneratedFile, E:\projects\DevelopmentLevelCode\LineMonitorUART\LineMonitorUART\MXTmpFiles\gpio.tmp_save
2025-09-07 13:23:45,134 [INFO] CodeEngine:289 - Generated code: E:\projects\DevelopmentLevelCode\LineMonitorUART\LineMonitorUART\MXTmpFiles\gpio.tmp
2025-09-07 13:23:46,494 [INFO] CodeEngine:265 - oldGeneratedFile, E:\projects\DevelopmentLevelCode\LineMonitorUART\LineMonitorUART\Core\Src\stm32g4xx_it.c_save
2025-09-07 13:23:46,579 [INFO] CodeEngine:289 - Generated code: E:\projects\DevelopmentLevelCode\LineMonitorUART\LineMonitorUART\Core\Src\stm32g4xx_it.c
2025-09-07 13:23:46,584 [INFO] CodeEngine:265 - oldGeneratedFile, E:\projects\DevelopmentLevelCode\LineMonitorUART\LineMonitorUART\Core\Inc\stm32g4xx_it.h_save
2025-09-07 13:23:46,653 [INFO] CodeEngine:289 - Generated code: E:\projects\DevelopmentLevelCode\LineMonitorUART\LineMonitorUART\Core\Inc\stm32g4xx_it.h
2025-09-07 13:23:46,669 [INFO] CodeEngine:265 - oldGeneratedFile, E:\projects\DevelopmentLevelCode\LineMonitorUART\LineMonitorUART\Core\Src\stm32g4xx_hal_msp.c_save
2025-09-07 13:23:46,806 [INFO] CodeEngine:289 - Generated code: E:\projects\DevelopmentLevelCode\LineMonitorUART\LineMonitorUART\Core\Src\stm32g4xx_hal_msp.c
2025-09-07 13:23:46,810 [INFO] CodeEngine:265 - oldGeneratedFile, E:\projects\DevelopmentLevelCode\LineMonitorUART\LineMonitorUART\MXTmpFiles\system.tmp_save
2025-09-07 13:23:46,876 [INFO] CodeEngine:289 - Generated code: E:\projects\DevelopmentLevelCode\LineMonitorUART\LineMonitorUART\MXTmpFiles\system.tmp
2025-09-07 13:23:46,885 [INFO] CodeEngine:321 - oldGeneratedFile, E:\projects\DevelopmentLevelCode\LineMonitorUART\LineMonitorUART\Core\Inc\stm32g4xx_hal_conf.h_save
2025-09-07 13:23:46,954 [INFO] CodeEngine:345 - Generated code: E:\projects\DevelopmentLevelCode\LineMonitorUART\LineMonitorUART\Core\Inc\stm32g4xx_hal_conf.h
2025-09-07 13:23:46,974 [WARN] IPConfigManager:3238 - Warning: the RefConfig RCC_CommonPeriphClockConfig is not available in your config.xml file
2025-09-07 13:23:46,979 [WARN] IPConfigManager:3811 - IP not found : TIM
2025-09-07 13:23:46,980 [WARN] CodeGenerator:4259 - IP not found : null
2025-09-07 13:23:46,988 [INFO] CodeEngine:265 - oldGeneratedFile, E:\projects\DevelopmentLevelCode\LineMonitorUART\LineMonitorUART\Core\Inc\main.h_save
2025-09-07 13:23:47,063 [INFO] CodeEngine:289 - Generated code: E:\projects\DevelopmentLevelCode\LineMonitorUART\LineMonitorUART\Core\Inc\main.h
2025-09-07 13:23:47,068 [INFO] CodeEngine:265 - oldGeneratedFile, E:\projects\DevelopmentLevelCode\LineMonitorUART\LineMonitorUART\Core\Src\main.c_save
2025-09-07 13:23:47,253 [INFO] CodeEngine:289 - Generated code: E:\projects\DevelopmentLevelCode\LineMonitorUART\LineMonitorUART\Core\Src\main.c
2025-09-07 13:23:47,679 [INFO] ProjectBuilder:3606 - Time for Copy HAL[1] : 157mS.
2025-09-07 13:23:47,683 [INFO] ProjectBuilder:5216 - Project Generator version: 4.7.0-B52
2025-09-07 13:23:47,776 [INFO] ConfigFileManager:1595 - The Die is : DIE468
2025-09-07 13:23:48,922 [INFO] ProjectBuilder:5496 - Time for Generating toolchain IDE Files: 1239mS.
2025-09-07 13:23:48,924 [INFO] ProjectBuilder:3463 - Time for Copy CMSIS : 0mS.
2025-09-07 13:23:48,925 [INFO] ProjectBuilder:3463 - Time for Copy CMSIS : 0mS.
2025-09-07 13:39:21,432 [INFO] ADCParametersView:116 -                Rank 1 : false
2025-09-07 13:39:21,434 [INFO] ADCParametersView:116 -                Rank 1 : false
2025-09-07 13:39:21,434 [INFO] ADCParametersView:116 -                Rank 1 : false
2025-09-07 13:39:21,434 [INFO] ADCParametersView:116 -                Rank 1 : false
2025-09-07 13:39:21,435 [INFO] ADCParametersView:116 -                Rank 1 : false
2025-09-07 13:39:21,435 [INFO] ADCParametersView:116 -                Rank 1 : false
2025-09-07 13:39:21,436 [INFO] ADCParametersView:116 -                Rank 1 : false
2025-09-07 13:39:21,436 [INFO] ADCParametersView:116 -                Rank 1 : false
2025-09-07 13:39:21,436 [INFO] ADCParametersView:116 -                Rank 1 : false
2025-09-07 13:39:21,436 [INFO] ADCParametersView:116 -                Rank 1 : false
2025-09-07 13:39:21,437 [INFO] ADCParametersView:116 -                Rank 1 : false
2025-09-07 13:39:21,437 [INFO] ADCParametersView:116 -                Rank 1 : false
2025-09-07 13:39:21,437 [INFO] ADCParametersView:116 -                Rank 1 : false
2025-09-07 13:39:21,437 [INFO] ADCParametersView:116 -                Rank 1 : false
2025-09-07 13:39:21,437 [INFO] ADCParametersView:116 -                Rank 1 : false
2025-09-07 13:39:21,438 [INFO] ADCParametersView:116 -                Rank 1 : false
2025-09-07 13:39:21,438 [INFO] ADCParametersView:116 -                Rank 1 : false
2025-09-07 13:39:21,438 [INFO] ADCParametersView:116 -                Rank 1 : false
2025-09-07 13:39:21,438 [INFO] ADCParametersView:116 -                Rank 1 : false
2025-09-07 13:39:21,439 [INFO] ADCParametersView:116 -                Rank 1 : false
2025-09-07 13:39:21,439 [INFO] ADCParametersView:116 -                Rank 1 : false
2025-09-07 13:39:21,488 [INFO] ADCParametersView:116 -                Rank 1 : false
2025-09-07 13:39:21,553 [INFO] ADCParametersView:116 -                Rank 1 : false
2025-09-07 13:39:21,554 [INFO] ADCParametersView:116 -                Rank 1 : false
2025-09-07 13:39:21,554 [INFO] ADCParametersView:116 -                Rank 1 : false
2025-09-07 13:39:21,554 [INFO] ADCParametersView:116 -                Rank 1 : false
2025-09-07 13:39:21,555 [INFO] ADCParametersView:116 -                Rank 1 : false
2025-09-07 13:39:21,555 [INFO] ADCParametersView:116 -                Rank 1 : false
2025-09-07 13:39:21,555 [INFO] ADCParametersView:116 -                Rank 1 : false
2025-09-07 13:39:21,555 [INFO] ADCParametersView:116 -                Rank 1 : false
2025-09-07 13:39:21,555 [INFO] ADCParametersView:116 -                Rank 1 : false
2025-09-07 13:39:21,556 [INFO] ADCParametersView:116 -                Rank 1 : false
2025-09-07 13:39:21,556 [INFO] ADCParametersView:116 -                Rank 1 : false
2025-09-07 13:39:21,556 [INFO] ADCParametersView:116 -                Rank 1 : false
2025-09-07 13:39:21,556 [INFO] ADCParametersView:116 -                Rank 1 : false
2025-09-07 13:39:21,556 [INFO] ADCParametersView:116 -                Rank 1 : false
2025-09-07 13:39:21,556 [INFO] ADCParametersView:116 -                Rank 1 : false
2025-09-07 13:39:21,557 [INFO] ADCParametersView:116 -                Rank 1 : false
2025-09-07 13:39:21,557 [INFO] ADCParametersView:116 -                Rank 1 : false
2025-09-07 13:39:21,557 [INFO] ADCParametersView:116 -                Rank 1 : false
2025-09-07 13:39:21,557 [INFO] ADCParametersView:116 -                Rank 1 : false
2025-09-07 13:39:21,557 [INFO] ADCParametersView:116 -                Rank 1 : false
2025-09-07 13:39:21,557 [INFO] ADCParametersView:116 -                Rank 1 : false
2025-09-07 13:39:21,596 [INFO] ADCParametersView:116 -                Rank 1 : false
2025-09-07 13:39:27,489 [INFO] NvicIntPanel:101 - NVIC parent = com.st.microxplorer.plugins.ip.nvic.MultiNvicIntPanel[,0,0,0x0,invalid,layout=javax.swing.BoxLayout,alignmentX=0.0,alignmentY=0.0,border=,flags=9,maximumSize=,minimumSize=,preferredSize=]
2025-09-07 13:39:27,554 [INFO] ADCParametersView:116 -                Rank 1 : false
2025-09-07 13:39:27,554 [INFO] ADCParametersView:116 -                Rank 1 : false
2025-09-07 13:39:27,554 [INFO] ADCParametersView:116 -                Rank 1 : false
2025-09-07 13:39:27,554 [INFO] ADCParametersView:116 -                Rank 1 : false
2025-09-07 13:39:27,556 [INFO] ADCParametersView:116 -                Rank 1 : false
2025-09-07 13:39:27,556 [INFO] ADCParametersView:116 -                Rank 1 : false
2025-09-07 13:39:27,556 [INFO] ADCParametersView:116 -                Rank 1 : false
2025-09-07 13:39:27,556 [INFO] ADCParametersView:116 -                Rank 1 : false
2025-09-07 13:39:27,556 [INFO] ADCParametersView:116 -                Rank 1 : false
2025-09-07 13:39:27,556 [INFO] ADCParametersView:116 -                Rank 1 : false
2025-09-07 13:39:27,557 [INFO] ADCParametersView:116 -                Rank 1 : false
2025-09-07 13:39:27,557 [INFO] ADCParametersView:116 -                Rank 1 : false
2025-09-07 13:39:27,557 [INFO] ADCParametersView:116 -                Rank 1 : false
2025-09-07 13:39:27,557 [INFO] ADCParametersView:116 -                Rank 1 : false
2025-09-07 13:39:27,557 [INFO] ADCParametersView:116 -                Rank 1 : false
2025-09-07 13:39:27,557 [INFO] ADCParametersView:116 -                Rank 1 : false
2025-09-07 13:39:27,557 [INFO] ADCParametersView:116 -                Rank 1 : false
2025-09-07 13:39:27,558 [INFO] ADCParametersView:116 -                Rank 1 : false
2025-09-07 13:39:27,558 [INFO] ADCParametersView:116 -                Rank 1 : false
2025-09-07 13:39:27,558 [INFO] ADCParametersView:116 -                Rank 1 : false
2025-09-07 13:39:27,558 [INFO] ADCParametersView:116 -                Rank 1 : false
2025-09-07 13:39:27,570 [INFO] ADCParametersView:116 -                Rank 1 : false
2025-09-07 13:39:27,602 [INFO] ADCParametersView:116 -                Rank 1 : false
2025-09-07 13:39:27,604 [INFO] ADCParametersView:116 -                Rank 1 : false
2025-09-07 13:39:27,604 [INFO] ADCParametersView:116 -                Rank 1 : false
2025-09-07 13:39:27,604 [INFO] ADCParametersView:116 -                Rank 1 : false
2025-09-07 13:39:27,604 [INFO] ADCParametersView:116 -                Rank 1 : false
2025-09-07 13:39:27,604 [INFO] ADCParametersView:116 -                Rank 1 : false
2025-09-07 13:39:27,604 [INFO] ADCParametersView:116 -                Rank 1 : false
2025-09-07 13:39:27,604 [INFO] ADCParametersView:116 -                Rank 1 : false
2025-09-07 13:39:27,604 [INFO] ADCParametersView:116 -                Rank 1 : false
2025-09-07 13:39:27,605 [INFO] ADCParametersView:116 -                Rank 1 : false
2025-09-07 13:39:27,605 [INFO] ADCParametersView:116 -                Rank 1 : false
2025-09-07 13:39:27,605 [INFO] ADCParametersView:116 -                Rank 1 : false
2025-09-07 13:39:27,605 [INFO] ADCParametersView:116 -                Rank 1 : false
2025-09-07 13:39:27,605 [INFO] ADCParametersView:116 -                Rank 1 : false
2025-09-07 13:39:27,605 [INFO] ADCParametersView:116 -                Rank 1 : false
2025-09-07 13:39:27,605 [INFO] ADCParametersView:116 -                Rank 1 : false
2025-09-07 13:39:27,605 [INFO] ADCParametersView:116 -                Rank 1 : false
2025-09-07 13:39:27,605 [INFO] ADCParametersView:116 -                Rank 1 : false
2025-09-07 13:39:27,605 [INFO] ADCParametersView:116 -                Rank 1 : false
2025-09-07 13:39:27,606 [INFO] ADCParametersView:116 -                Rank 1 : false
2025-09-07 13:39:27,606 [INFO] ADCParametersView:116 -                Rank 1 : false
2025-09-07 13:39:27,618 [INFO] ADCParametersView:116 -                Rank 1 : false
2025-09-07 13:39:27,754 [INFO] ADCParametersView:116 -                Rank 1 : false
2025-09-07 13:39:27,754 [INFO] ADCParametersView:116 -                Rank 1 : false
2025-09-07 13:39:27,754 [INFO] ADCParametersView:116 -                Rank 1 : false
2025-09-07 13:39:27,754 [INFO] ADCParametersView:116 -                Rank 1 : false
2025-09-07 13:39:27,755 [INFO] ADCParametersView:116 -                Rank 1 : false
2025-09-07 13:39:27,755 [INFO] ADCParametersView:116 -                Rank 1 : false
2025-09-07 13:39:27,755 [INFO] ADCParametersView:116 -                Rank 1 : false
2025-09-07 13:39:27,755 [INFO] ADCParametersView:116 -                Rank 1 : false
2025-09-07 13:39:27,755 [INFO] ADCParametersView:116 -                Rank 1 : false
2025-09-07 13:39:27,755 [INFO] ADCParametersView:116 -                Rank 1 : false
2025-09-07 13:39:27,755 [INFO] ADCParametersView:116 -                Rank 1 : false
2025-09-07 13:39:27,755 [INFO] ADCParametersView:116 -                Rank 1 : false
2025-09-07 13:39:27,755 [INFO] ADCParametersView:116 -                Rank 1 : false
2025-09-07 13:39:27,756 [INFO] ADCParametersView:116 -                Rank 1 : false
2025-09-07 13:39:27,756 [INFO] ADCParametersView:116 -                Rank 1 : false
2025-09-07 13:39:27,756 [INFO] ADCParametersView:116 -                Rank 1 : false
2025-09-07 13:39:27,756 [INFO] ADCParametersView:116 -                Rank 1 : false
2025-09-07 13:39:27,756 [INFO] ADCParametersView:116 -                Rank 1 : false
2025-09-07 13:39:27,756 [INFO] ADCParametersView:116 -                Rank 1 : false
2025-09-07 13:39:27,756 [INFO] ADCParametersView:116 -                Rank 1 : false
2025-09-07 13:39:27,756 [INFO] ADCParametersView:116 -                Rank 1 : false
2025-09-07 13:39:27,768 [INFO] ADCParametersView:116 -                Rank 1 : false
2025-09-07 13:39:27,798 [INFO] ADCParametersView:116 -                Rank 1 : false
2025-09-07 13:39:27,798 [INFO] ADCParametersView:116 -                Rank 1 : false
2025-09-07 13:39:27,798 [INFO] ADCParametersView:116 -                Rank 1 : false
2025-09-07 13:39:27,798 [INFO] ADCParametersView:116 -                Rank 1 : false
2025-09-07 13:39:27,798 [INFO] ADCParametersView:116 -                Rank 1 : false
2025-09-07 13:39:27,799 [INFO] ADCParametersView:116 -                Rank 1 : false
2025-09-07 13:39:27,799 [INFO] ADCParametersView:116 -                Rank 1 : false
2025-09-07 13:39:27,799 [INFO] ADCParametersView:116 -                Rank 1 : false
2025-09-07 13:39:27,799 [INFO] ADCParametersView:116 -                Rank 1 : false
2025-09-07 13:39:27,799 [INFO] ADCParametersView:116 -                Rank 1 : false
2025-09-07 13:39:27,799 [INFO] ADCParametersView:116 -                Rank 1 : false
2025-09-07 13:39:27,799 [INFO] ADCParametersView:116 -                Rank 1 : false
2025-09-07 13:39:27,799 [INFO] ADCParametersView:116 -                Rank 1 : false
2025-09-07 13:39:27,799 [INFO] ADCParametersView:116 -                Rank 1 : false
2025-09-07 13:39:27,799 [INFO] ADCParametersView:116 -                Rank 1 : false
2025-09-07 13:39:27,800 [INFO] ADCParametersView:116 -                Rank 1 : false
2025-09-07 13:39:27,800 [INFO] ADCParametersView:116 -                Rank 1 : false
2025-09-07 13:39:27,800 [INFO] ADCParametersView:116 -                Rank 1 : false
2025-09-07 13:39:27,800 [INFO] ADCParametersView:116 -                Rank 1 : false
2025-09-07 13:39:27,800 [INFO] ADCParametersView:116 -                Rank 1 : false
2025-09-07 13:39:27,800 [INFO] ADCParametersView:116 -                Rank 1 : false
2025-09-07 13:39:27,812 [INFO] ADCParametersView:116 -                Rank 1 : false
2025-09-07 13:39:40,160 [INFO] ADCParametersView:116 -                Rank 1 : false
2025-09-07 13:39:40,160 [INFO] ADCParametersView:116 -                Rank 1 : false
2025-09-07 13:39:40,160 [INFO] ADCParametersView:116 -                Rank 1 : false
2025-09-07 13:39:40,161 [INFO] ADCParametersView:116 -                Rank 1 : false
2025-09-07 13:39:40,161 [INFO] ADCParametersView:116 -                Rank 1 : false
2025-09-07 13:39:40,161 [INFO] ADCParametersView:116 -                Rank 1 : false
2025-09-07 13:39:40,161 [INFO] ADCParametersView:116 -                Rank 1 : false
2025-09-07 13:39:40,161 [INFO] ADCParametersView:116 -                Rank 1 : false
2025-09-07 13:39:40,161 [INFO] ADCParametersView:116 -                Rank 1 : false
2025-09-07 13:39:40,161 [INFO] ADCParametersView:116 -                Rank 1 : false
2025-09-07 13:39:40,161 [INFO] ADCParametersView:116 -                Rank 1 : false
2025-09-07 13:39:40,162 [INFO] ADCParametersView:116 -                Rank 1 : false
2025-09-07 13:39:40,162 [INFO] ADCParametersView:116 -                Rank 1 : false
2025-09-07 13:39:40,162 [INFO] ADCParametersView:116 -                Rank 1 : false
2025-09-07 13:39:40,162 [INFO] ADCParametersView:116 -                Rank 1 : false
2025-09-07 13:39:40,162 [INFO] ADCParametersView:116 -                Rank 1 : false
2025-09-07 13:39:40,162 [INFO] ADCParametersView:116 -                Rank 1 : false
2025-09-07 13:39:40,162 [INFO] ADCParametersView:116 -                Rank 1 : false
2025-09-07 13:39:40,162 [INFO] ADCParametersView:116 -                Rank 1 : false
2025-09-07 13:39:40,162 [INFO] ADCParametersView:116 -                Rank 1 : false
2025-09-07 13:39:40,162 [INFO] ADCParametersView:116 -                Rank 1 : false
2025-09-07 13:39:40,172 [INFO] ADCParametersView:116 -                Rank 1 : false
2025-09-07 13:39:52,289 [INFO] UtilMem:75 - End SaveConfig() Used Memory: 643405600 Bytes (943718400)
2025-09-07 13:39:53,173 [INFO] UtilMem:75 - End SaveConfig() Used Memory: 661231392 Bytes (943718400)
2025-09-07 13:39:55,046 [INFO] UtilMem:75 - End SaveConfig() Used Memory: 822189856 Bytes (943718400)
2025-09-07 13:39:55,445 [INFO] BlockDiagram:2775 - set Specific Code input for plugin: SPI
2025-09-07 13:39:55,451 [INFO] BlockDiagram:2775 - set Specific Code input for plugin: IWDG
2025-09-07 13:39:55,451 [INFO] BlockDiagram:2775 - set Specific Code input for plugin: DAC
2025-09-07 13:39:55,451 [INFO] BlockDiagram:2775 - set Specific Code input for plugin: TIM1_8G4
2025-09-07 13:39:55,451 [INFO] BlockDiagram:2775 - set Specific Code input for plugin: TIM1_8G4
2025-09-07 13:39:55,451 [INFO] BlockDiagram:2775 - set Specific Code input for plugin: TIM1_8G4
2025-09-07 13:39:55,451 [INFO] BlockDiagram:2775 - set Specific Code input for plugin: TIM1_8G4
2025-09-07 13:39:55,451 [INFO] BlockDiagram:2775 - set Specific Code input for plugin: ADC
2025-09-07 13:39:55,451 [INFO] BlockDiagram:2775 - set Specific Code input for plugin: SYS
2025-09-07 13:39:55,451 [INFO] BlockDiagram:2775 - set Specific Code input for plugin: ADC
2025-09-07 13:39:55,451 [INFO] BlockDiagram:2775 - set Specific Code input for plugin: RCC
2025-09-07 13:39:55,451 [INFO] BlockDiagram:2775 - set Specific Code input for plugin: I2C
2025-09-07 13:39:55,451 [INFO] BlockDiagram:2775 - set Specific Code input for plugin: RTC
2025-09-07 13:39:55,451 [INFO] BlockDiagram:2775 - set Specific Code input for plugin: NVIC
2025-09-07 13:39:55,451 [INFO] BlockDiagram:2775 - set Specific Code input for plugin: USART
2025-09-07 13:39:55,451 [INFO] BlockDiagram:2775 - set Specific Code input for plugin: USART
2025-09-07 13:39:55,451 [INFO] BlockDiagram:2775 - set Specific Code input for plugin: UART
2025-09-07 13:39:55,452 [INFO] BlockDiagram:2775 - set Specific Code input for plugin: GPIO
2025-09-07 13:39:55,453 [INFO] CodeGenerator:892 - code generatio: config db path: C:\ST\STM32CubeIDE_1.19.0\STM32CubeIDE\plugins\com.st.stm32cube.common.mx_6.15.0.202507011659\\db\
2025-09-07 13:39:55,497 [WARN] IP:2250 - OutPut1 not found: check if there is a RefParameter without a condition.
2025-09-07 13:39:55,498 [WARN] IP:2250 - OutPut2 not found: check if there is a RefParameter without a condition.
2025-09-07 13:39:55,498 [WARN] IP:2250 - OutPut3 not found: check if there is a RefParameter without a condition.
2025-09-07 13:39:55,710 [INFO] CodeEngine:265 - oldGeneratedFile, E:\projects\DevelopmentLevelCode\LineMonitorUART\LineMonitorUART\MXTmpFiles\license.tmp_save
2025-09-07 13:39:55,965 [INFO] CodeEngine:289 - Generated code: E:\projects\DevelopmentLevelCode\LineMonitorUART\LineMonitorUART\MXTmpFiles\license.tmp
2025-09-07 13:39:56,063 [INFO] CodeEngine:265 - oldGeneratedFile, E:\projects\DevelopmentLevelCode\LineMonitorUART\LineMonitorUART\MXTmpFiles\gpio.tmp_save
2025-09-07 13:39:56,202 [INFO] CodeEngine:289 - Generated code: E:\projects\DevelopmentLevelCode\LineMonitorUART\LineMonitorUART\MXTmpFiles\gpio.tmp
2025-09-07 13:39:57,559 [INFO] CodeEngine:265 - oldGeneratedFile, E:\projects\DevelopmentLevelCode\LineMonitorUART\LineMonitorUART\Core\Src\stm32g4xx_it.c_save
2025-09-07 13:39:57,843 [INFO] CodeEngine:289 - Generated code: E:\projects\DevelopmentLevelCode\LineMonitorUART\LineMonitorUART\Core\Src\stm32g4xx_it.c
2025-09-07 13:39:57,848 [INFO] CodeEngine:265 - oldGeneratedFile, E:\projects\DevelopmentLevelCode\LineMonitorUART\LineMonitorUART\Core\Inc\stm32g4xx_it.h_save
2025-09-07 13:39:57,930 [INFO] CodeEngine:289 - Generated code: E:\projects\DevelopmentLevelCode\LineMonitorUART\LineMonitorUART\Core\Inc\stm32g4xx_it.h
2025-09-07 13:39:57,945 [INFO] CodeEngine:265 - oldGeneratedFile, E:\projects\DevelopmentLevelCode\LineMonitorUART\LineMonitorUART\Core\Src\stm32g4xx_hal_msp.c_save
2025-09-07 13:39:58,096 [INFO] CodeEngine:289 - Generated code: E:\projects\DevelopmentLevelCode\LineMonitorUART\LineMonitorUART\Core\Src\stm32g4xx_hal_msp.c
2025-09-07 13:39:58,100 [INFO] CodeEngine:265 - oldGeneratedFile, E:\projects\DevelopmentLevelCode\LineMonitorUART\LineMonitorUART\MXTmpFiles\system.tmp_save
2025-09-07 13:39:58,177 [INFO] CodeEngine:289 - Generated code: E:\projects\DevelopmentLevelCode\LineMonitorUART\LineMonitorUART\MXTmpFiles\system.tmp
2025-09-07 13:39:58,185 [INFO] CodeEngine:321 - oldGeneratedFile, E:\projects\DevelopmentLevelCode\LineMonitorUART\LineMonitorUART\Core\Inc\stm32g4xx_hal_conf.h_save
2025-09-07 13:39:58,254 [INFO] CodeEngine:345 - Generated code: E:\projects\DevelopmentLevelCode\LineMonitorUART\LineMonitorUART\Core\Inc\stm32g4xx_hal_conf.h
2025-09-07 13:39:58,270 [WARN] IPConfigManager:3238 - Warning: the RefConfig RCC_CommonPeriphClockConfig is not available in your config.xml file
2025-09-07 13:39:58,274 [WARN] IPConfigManager:3811 - IP not found : TIM
2025-09-07 13:39:58,275 [WARN] CodeGenerator:4259 - IP not found : null
2025-09-07 13:39:58,282 [INFO] CodeEngine:265 - oldGeneratedFile, E:\projects\DevelopmentLevelCode\LineMonitorUART\LineMonitorUART\Core\Inc\main.h_save
2025-09-07 13:39:58,376 [INFO] CodeEngine:289 - Generated code: E:\projects\DevelopmentLevelCode\LineMonitorUART\LineMonitorUART\Core\Inc\main.h
2025-09-07 13:39:58,382 [INFO] CodeEngine:265 - oldGeneratedFile, E:\projects\DevelopmentLevelCode\LineMonitorUART\LineMonitorUART\Core\Src\main.c_save
2025-09-07 13:39:58,563 [INFO] CodeEngine:289 - Generated code: E:\projects\DevelopmentLevelCode\LineMonitorUART\LineMonitorUART\Core\Src\main.c
2025-09-07 13:39:59,001 [INFO] ProjectBuilder:3606 - Time for Copy HAL[1] : 163mS.
2025-09-07 13:39:59,004 [INFO] ProjectBuilder:5216 - Project Generator version: 4.7.0-B52
2025-09-07 13:39:59,090 [INFO] ConfigFileManager:1595 - The Die is : DIE468
2025-09-07 13:40:00,064 [INFO] ProjectBuilder:5496 - Time for Generating toolchain IDE Files: 1060mS.
2025-09-07 13:40:00,064 [INFO] ProjectBuilder:3463 - Time for Copy CMSIS : 0mS.
2025-09-07 13:40:00,066 [INFO] ProjectBuilder:3463 - Time for Copy CMSIS : 0mS.
2025-09-07 14:14:21,728 [INFO] ADCParametersView:116 -                Rank 1 : false
2025-09-07 14:14:21,731 [INFO] ADCParametersView:116 -                Rank 1 : false
2025-09-07 14:14:21,731 [INFO] ADCParametersView:116 -                Rank 1 : false
2025-09-07 14:14:21,731 [INFO] ADCParametersView:116 -                Rank 1 : false
2025-09-07 14:14:21,731 [INFO] ADCParametersView:116 -                Rank 1 : false
2025-09-07 14:14:21,732 [INFO] ADCParametersView:116 -                Rank 1 : false
2025-09-07 14:14:21,732 [INFO] ADCParametersView:116 -                Rank 1 : false
2025-09-07 14:14:21,732 [INFO] ADCParametersView:116 -                Rank 1 : false
2025-09-07 14:14:21,732 [INFO] ADCParametersView:116 -                Rank 1 : false
2025-09-07 14:14:21,732 [INFO] ADCParametersView:116 -                Rank 1 : false
2025-09-07 14:14:21,732 [INFO] ADCParametersView:116 -                Rank 1 : false
2025-09-07 14:14:21,732 [INFO] ADCParametersView:116 -                Rank 1 : false
2025-09-07 14:14:21,732 [INFO] ADCParametersView:116 -                Rank 1 : false
2025-09-07 14:14:21,732 [INFO] ADCParametersView:116 -                Rank 1 : false
2025-09-07 14:14:21,733 [INFO] ADCParametersView:116 -                Rank 1 : false
2025-09-07 14:14:21,733 [INFO] ADCParametersView:116 -                Rank 1 : false
2025-09-07 14:14:21,733 [INFO] ADCParametersView:116 -                Rank 1 : false
2025-09-07 14:14:21,733 [INFO] ADCParametersView:116 -                Rank 1 : false
2025-09-07 14:14:21,733 [INFO] ADCParametersView:116 -                Rank 1 : false
2025-09-07 14:14:21,733 [INFO] ADCParametersView:116 -                Rank 1 : false
2025-09-07 14:14:21,733 [INFO] ADCParametersView:116 -                Rank 1 : false
2025-09-07 14:14:21,747 [INFO] ADCParametersView:116 -                Rank 1 : false
2025-09-07 14:14:21,783 [INFO] ADCParametersView:116 -                Rank 1 : false
2025-09-07 14:14:21,784 [INFO] ADCParametersView:116 -                Rank 1 : false
2025-09-07 14:14:21,784 [INFO] ADCParametersView:116 -                Rank 1 : false
2025-09-07 14:14:21,784 [INFO] ADCParametersView:116 -                Rank 1 : false
2025-09-07 14:14:21,784 [INFO] ADCParametersView:116 -                Rank 1 : false
2025-09-07 14:14:21,784 [INFO] ADCParametersView:116 -                Rank 1 : false
2025-09-07 14:14:21,784 [INFO] ADCParametersView:116 -                Rank 1 : false
2025-09-07 14:14:21,785 [INFO] ADCParametersView:116 -                Rank 1 : false
2025-09-07 14:14:21,785 [INFO] ADCParametersView:116 -                Rank 1 : false
2025-09-07 14:14:21,785 [INFO] ADCParametersView:116 -                Rank 1 : false
2025-09-07 14:14:21,785 [INFO] ADCParametersView:116 -                Rank 1 : false
2025-09-07 14:14:21,785 [INFO] ADCParametersView:116 -                Rank 1 : false
2025-09-07 14:14:21,785 [INFO] ADCParametersView:116 -                Rank 1 : false
2025-09-07 14:14:21,785 [INFO] ADCParametersView:116 -                Rank 1 : false
2025-09-07 14:14:21,785 [INFO] ADCParametersView:116 -                Rank 1 : false
2025-09-07 14:14:21,785 [INFO] ADCParametersView:116 -                Rank 1 : false
2025-09-07 14:14:21,785 [INFO] ADCParametersView:116 -                Rank 1 : false
2025-09-07 14:14:21,785 [INFO] ADCParametersView:116 -                Rank 1 : false
2025-09-07 14:14:21,785 [INFO] ADCParametersView:116 -                Rank 1 : false
2025-09-07 14:14:21,785 [INFO] ADCParametersView:116 -                Rank 1 : false
2025-09-07 14:14:21,785 [INFO] ADCParametersView:116 -                Rank 1 : false
2025-09-07 14:14:21,796 [INFO] ADCParametersView:116 -                Rank 1 : false
2025-09-07 14:14:21,856 [INFO] ADCParametersView:116 -                Rank 1 : false
2025-09-07 14:14:21,858 [INFO] ADCParametersView:116 -                Rank 1 : false
2025-09-07 14:14:21,858 [INFO] ADCParametersView:116 -                Rank 1 : false
2025-09-07 14:14:21,858 [INFO] ADCParametersView:116 -                Rank 1 : false
2025-09-07 14:14:21,858 [INFO] ADCParametersView:116 -                Rank 1 : false
2025-09-07 14:14:21,859 [INFO] ADCParametersView:116 -                Rank 1 : false
2025-09-07 14:14:21,859 [INFO] ADCParametersView:116 -                Rank 1 : false
2025-09-07 14:14:21,859 [INFO] ADCParametersView:116 -                Rank 1 : false
2025-09-07 14:14:21,859 [INFO] ADCParametersView:116 -                Rank 1 : false
2025-09-07 14:14:21,859 [INFO] ADCParametersView:116 -                Rank 1 : false
2025-09-07 14:14:21,859 [INFO] ADCParametersView:116 -                Rank 1 : false
2025-09-07 14:14:21,859 [INFO] ADCParametersView:116 -                Rank 1 : false
2025-09-07 14:14:21,859 [INFO] ADCParametersView:116 -                Rank 1 : false
2025-09-07 14:14:21,859 [INFO] ADCParametersView:116 -                Rank 1 : false
2025-09-07 14:14:21,859 [INFO] ADCParametersView:116 -                Rank 1 : false
2025-09-07 14:14:21,859 [INFO] ADCParametersView:116 -                Rank 1 : false
2025-09-07 14:14:21,859 [INFO] ADCParametersView:116 -                Rank 1 : false
2025-09-07 14:14:21,860 [INFO] ADCParametersView:116 -                Rank 1 : false
2025-09-07 14:14:21,860 [INFO] ADCParametersView:116 -                Rank 1 : false
2025-09-07 14:14:21,860 [INFO] ADCParametersView:116 -                Rank 1 : false
2025-09-07 14:14:21,860 [INFO] ADCParametersView:116 -                Rank 1 : false
2025-09-07 14:14:21,870 [INFO] ADCParametersView:116 -                Rank 1 : false
2025-09-07 14:14:21,899 [INFO] ADCParametersView:116 -                Rank 1 : false
2025-09-07 14:14:21,900 [INFO] ADCParametersView:116 -                Rank 1 : false
2025-09-07 14:14:21,901 [INFO] ADCParametersView:116 -                Rank 1 : false
2025-09-07 14:14:21,901 [INFO] ADCParametersView:116 -                Rank 1 : false
2025-09-07 14:14:21,901 [INFO] ADCParametersView:116 -                Rank 1 : false
2025-09-07 14:14:21,901 [INFO] ADCParametersView:116 -                Rank 1 : false
2025-09-07 14:14:21,901 [INFO] ADCParametersView:116 -                Rank 1 : false
2025-09-07 14:14:21,901 [INFO] ADCParametersView:116 -                Rank 1 : false
2025-09-07 14:14:21,901 [INFO] ADCParametersView:116 -                Rank 1 : false
2025-09-07 14:14:21,901 [INFO] ADCParametersView:116 -                Rank 1 : false
2025-09-07 14:14:21,901 [INFO] ADCParametersView:116 -                Rank 1 : false
2025-09-07 14:14:21,901 [INFO] ADCParametersView:116 -                Rank 1 : false
2025-09-07 14:14:21,901 [INFO] ADCParametersView:116 -                Rank 1 : false
2025-09-07 14:14:21,901 [INFO] ADCParametersView:116 -                Rank 1 : false
2025-09-07 14:14:21,901 [INFO] ADCParametersView:116 -                Rank 1 : false
2025-09-07 14:14:21,901 [INFO] ADCParametersView:116 -                Rank 1 : false
2025-09-07 14:14:21,901 [INFO] ADCParametersView:116 -                Rank 1 : false
2025-09-07 14:14:21,902 [INFO] ADCParametersView:116 -                Rank 1 : false
2025-09-07 14:14:21,902 [INFO] ADCParametersView:116 -                Rank 1 : false
2025-09-07 14:14:21,902 [INFO] ADCParametersView:116 -                Rank 1 : false
2025-09-07 14:14:21,902 [INFO] ADCParametersView:116 -                Rank 1 : false
2025-09-07 14:14:21,911 [INFO] ADCParametersView:116 -                Rank 1 : false
2025-09-07 14:14:22,055 [INFO] ADCParametersView:116 -                Rank 1 : false
2025-09-07 14:14:22,056 [INFO] ADCParametersView:116 -                Rank 1 : false
2025-09-07 14:14:22,056 [INFO] ADCParametersView:116 -                Rank 1 : false
2025-09-07 14:14:22,056 [INFO] ADCParametersView:116 -                Rank 1 : false
2025-09-07 14:14:22,056 [INFO] ADCParametersView:116 -                Rank 1 : false
2025-09-07 14:14:22,056 [INFO] ADCParametersView:116 -                Rank 1 : false
2025-09-07 14:14:22,056 [INFO] ADCParametersView:116 -                Rank 1 : false
2025-09-07 14:14:22,056 [INFO] ADCParametersView:116 -                Rank 1 : false
2025-09-07 14:14:22,056 [INFO] ADCParametersView:116 -                Rank 1 : false
2025-09-07 14:14:22,057 [INFO] ADCParametersView:116 -                Rank 1 : false
2025-09-07 14:14:22,057 [INFO] ADCParametersView:116 -                Rank 1 : false
2025-09-07 14:14:22,057 [INFO] ADCParametersView:116 -                Rank 1 : false
2025-09-07 14:14:22,057 [INFO] ADCParametersView:116 -                Rank 1 : false
2025-09-07 14:14:22,057 [INFO] ADCParametersView:116 -                Rank 1 : false
2025-09-07 14:14:22,057 [INFO] ADCParametersView:116 -                Rank 1 : false
2025-09-07 14:14:22,057 [INFO] ADCParametersView:116 -                Rank 1 : false
2025-09-07 14:14:22,057 [INFO] ADCParametersView:116 -                Rank 1 : false
2025-09-07 14:14:22,057 [INFO] ADCParametersView:116 -                Rank 1 : false
2025-09-07 14:14:22,057 [INFO] ADCParametersView:116 -                Rank 1 : false
2025-09-07 14:14:22,057 [INFO] ADCParametersView:116 -                Rank 1 : false
2025-09-07 14:14:22,057 [INFO] ADCParametersView:116 -                Rank 1 : false
2025-09-07 14:14:22,067 [INFO] ADCParametersView:116 -                Rank 1 : false
2025-09-07 14:14:22,097 [INFO] ADCParametersView:116 -                Rank 1 : false
2025-09-07 14:14:22,099 [INFO] ADCParametersView:116 -                Rank 1 : false
2025-09-07 14:14:22,099 [INFO] ADCParametersView:116 -                Rank 1 : false
2025-09-07 14:14:22,099 [INFO] ADCParametersView:116 -                Rank 1 : false
2025-09-07 14:14:22,099 [INFO] ADCParametersView:116 -                Rank 1 : false
2025-09-07 14:14:22,099 [INFO] ADCParametersView:116 -                Rank 1 : false
2025-09-07 14:14:22,099 [INFO] ADCParametersView:116 -                Rank 1 : false
2025-09-07 14:14:22,099 [INFO] ADCParametersView:116 -                Rank 1 : false
2025-09-07 14:14:22,100 [INFO] ADCParametersView:116 -                Rank 1 : false
2025-09-07 14:14:22,100 [INFO] ADCParametersView:116 -                Rank 1 : false
2025-09-07 14:14:22,100 [INFO] ADCParametersView:116 -                Rank 1 : false
2025-09-07 14:14:22,100 [INFO] ADCParametersView:116 -                Rank 1 : false
2025-09-07 14:14:22,100 [INFO] ADCParametersView:116 -                Rank 1 : false
2025-09-07 14:14:22,100 [INFO] ADCParametersView:116 -                Rank 1 : false
2025-09-07 14:14:22,100 [INFO] ADCParametersView:116 -                Rank 1 : false
2025-09-07 14:14:22,100 [INFO] ADCParametersView:116 -                Rank 1 : false
2025-09-07 14:14:22,100 [INFO] ADCParametersView:116 -                Rank 1 : false
2025-09-07 14:14:22,100 [INFO] ADCParametersView:116 -                Rank 1 : false
2025-09-07 14:14:22,100 [INFO] ADCParametersView:116 -                Rank 1 : false
2025-09-07 14:14:22,100 [INFO] ADCParametersView:116 -                Rank 1 : false
2025-09-07 14:14:22,100 [INFO] ADCParametersView:116 -                Rank 1 : false
2025-09-07 14:14:22,111 [INFO] ADCParametersView:116 -                Rank 1 : false
2025-09-07 14:14:24,324 [INFO] ADCParametersView:116 -                Rank 1 : false
2025-09-07 14:14:24,325 [INFO] ADCParametersView:116 -                Rank 1 : false
2025-09-07 14:14:24,325 [INFO] ADCParametersView:116 -                Rank 1 : false
2025-09-07 14:14:24,325 [INFO] ADCParametersView:116 -                Rank 1 : false
2025-09-07 14:14:24,325 [INFO] ADCParametersView:116 -                Rank 1 : false
2025-09-07 14:14:24,325 [INFO] ADCParametersView:116 -                Rank 1 : false
2025-09-07 14:14:24,325 [INFO] ADCParametersView:116 -                Rank 1 : false
2025-09-07 14:14:24,325 [INFO] ADCParametersView:116 -                Rank 1 : false
2025-09-07 14:14:24,326 [INFO] ADCParametersView:116 -                Rank 1 : false
2025-09-07 14:14:24,326 [INFO] ADCParametersView:116 -                Rank 1 : false
2025-09-07 14:14:24,326 [INFO] ADCParametersView:116 -                Rank 1 : false
2025-09-07 14:14:24,326 [INFO] ADCParametersView:116 -                Rank 1 : false
2025-09-07 14:14:24,326 [INFO] ADCParametersView:116 -                Rank 1 : false
2025-09-07 14:14:24,326 [INFO] ADCParametersView:116 -                Rank 1 : false
2025-09-07 14:14:24,326 [INFO] ADCParametersView:116 -                Rank 1 : false
2025-09-07 14:14:24,326 [INFO] ADCParametersView:116 -                Rank 1 : false
2025-09-07 14:14:24,326 [INFO] ADCParametersView:116 -                Rank 1 : false
2025-09-07 14:14:24,326 [INFO] ADCParametersView:116 -                Rank 1 : false
2025-09-07 14:14:24,326 [INFO] ADCParametersView:116 -                Rank 1 : false
2025-09-07 14:14:24,326 [INFO] ADCParametersView:116 -                Rank 1 : false
2025-09-07 14:14:24,326 [INFO] ADCParametersView:116 -                Rank 1 : false
2025-09-07 14:14:24,335 [INFO] ADCParametersView:116 -                Rank 1 : false
2025-09-07 14:14:24,358 [INFO] ADCParametersView:116 -                Rank 1 : false
2025-09-07 14:14:24,359 [INFO] ADCParametersView:116 -                Rank 1 : false
2025-09-07 14:14:24,359 [INFO] ADCParametersView:116 -                Rank 1 : false
2025-09-07 14:14:24,359 [INFO] ADCParametersView:116 -                Rank 1 : false
2025-09-07 14:14:24,359 [INFO] ADCParametersView:116 -                Rank 1 : false
2025-09-07 14:14:24,359 [INFO] ADCParametersView:116 -                Rank 1 : false
2025-09-07 14:14:24,359 [INFO] ADCParametersView:116 -                Rank 1 : false
2025-09-07 14:14:24,359 [INFO] ADCParametersView:116 -                Rank 1 : false
2025-09-07 14:14:24,359 [INFO] ADCParametersView:116 -                Rank 1 : false
2025-09-07 14:14:24,359 [INFO] ADCParametersView:116 -                Rank 1 : false
2025-09-07 14:14:24,359 [INFO] ADCParametersView:116 -                Rank 1 : false
2025-09-07 14:14:24,359 [INFO] ADCParametersView:116 -                Rank 1 : false
2025-09-07 14:14:24,359 [INFO] ADCParametersView:116 -                Rank 1 : false
2025-09-07 14:14:24,359 [INFO] ADCParametersView:116 -                Rank 1 : false
2025-09-07 14:14:24,359 [INFO] ADCParametersView:116 -                Rank 1 : false
2025-09-07 14:14:24,359 [INFO] ADCParametersView:116 -                Rank 1 : false
2025-09-07 14:14:24,359 [INFO] ADCParametersView:116 -                Rank 1 : false
2025-09-07 14:14:24,359 [INFO] ADCParametersView:116 -                Rank 1 : false
2025-09-07 14:14:24,360 [INFO] ADCParametersView:116 -                Rank 1 : false
2025-09-07 14:14:24,360 [INFO] ADCParametersView:116 -                Rank 1 : false
2025-09-07 14:14:24,360 [INFO] ADCParametersView:116 -                Rank 1 : false
2025-09-07 14:14:24,368 [INFO] ADCParametersView:116 -                Rank 1 : false
2025-09-07 14:14:24,441 [INFO] ADCParametersView:116 -                Rank 1 : false
2025-09-07 14:14:24,442 [INFO] ADCParametersView:116 -                Rank 1 : false
2025-09-07 14:14:24,442 [INFO] ADCParametersView:116 -                Rank 1 : false
2025-09-07 14:14:24,442 [INFO] ADCParametersView:116 -                Rank 1 : false
2025-09-07 14:14:24,442 [INFO] ADCParametersView:116 -                Rank 1 : false
2025-09-07 14:14:24,443 [INFO] ADCParametersView:116 -                Rank 1 : false
2025-09-07 14:14:24,443 [INFO] ADCParametersView:116 -                Rank 1 : false
2025-09-07 14:14:24,443 [INFO] ADCParametersView:116 -                Rank 1 : false
2025-09-07 14:14:24,443 [INFO] ADCParametersView:116 -                Rank 1 : false
2025-09-07 14:14:24,443 [INFO] ADCParametersView:116 -                Rank 1 : false
2025-09-07 14:14:24,443 [INFO] ADCParametersView:116 -                Rank 1 : false
2025-09-07 14:14:24,443 [INFO] ADCParametersView:116 -                Rank 1 : false
2025-09-07 14:14:24,443 [INFO] ADCParametersView:116 -                Rank 1 : false
2025-09-07 14:14:24,443 [INFO] ADCParametersView:116 -                Rank 1 : false
2025-09-07 14:14:24,443 [INFO] ADCParametersView:116 -                Rank 1 : false
2025-09-07 14:14:24,443 [INFO] ADCParametersView:116 -                Rank 1 : false
2025-09-07 14:14:24,443 [INFO] ADCParametersView:116 -                Rank 1 : false
2025-09-07 14:14:24,443 [INFO] ADCParametersView:116 -                Rank 1 : false
2025-09-07 14:14:24,443 [INFO] ADCParametersView:116 -                Rank 1 : false
2025-09-07 14:14:24,443 [INFO] ADCParametersView:116 -                Rank 1 : false
2025-09-07 14:14:24,443 [INFO] ADCParametersView:116 -                Rank 1 : false
2025-09-07 14:14:24,453 [INFO] ADCParametersView:116 -                Rank 1 : false
2025-09-07 14:14:24,479 [INFO] ADCParametersView:116 -                Rank 1 : false
2025-09-07 14:14:24,481 [INFO] ADCParametersView:116 -                Rank 1 : false
2025-09-07 14:14:24,481 [INFO] ADCParametersView:116 -                Rank 1 : false
2025-09-07 14:14:24,481 [INFO] ADCParametersView:116 -                Rank 1 : false
2025-09-07 14:14:24,481 [INFO] ADCParametersView:116 -                Rank 1 : false
2025-09-07 14:14:24,481 [INFO] ADCParametersView:116 -                Rank 1 : false
2025-09-07 14:14:24,481 [INFO] ADCParametersView:116 -                Rank 1 : false
2025-09-07 14:14:24,481 [INFO] ADCParametersView:116 -                Rank 1 : false
2025-09-07 14:14:24,481 [INFO] ADCParametersView:116 -                Rank 1 : false
2025-09-07 14:14:24,481 [INFO] ADCParametersView:116 -                Rank 1 : false
2025-09-07 14:14:24,481 [INFO] ADCParametersView:116 -                Rank 1 : false
2025-09-07 14:14:24,481 [INFO] ADCParametersView:116 -                Rank 1 : false
2025-09-07 14:14:24,481 [INFO] ADCParametersView:116 -                Rank 1 : false
2025-09-07 14:14:24,481 [INFO] ADCParametersView:116 -                Rank 1 : false
2025-09-07 14:14:24,481 [INFO] ADCParametersView:116 -                Rank 1 : false
2025-09-07 14:14:24,481 [INFO] ADCParametersView:116 -                Rank 1 : false
2025-09-07 14:14:24,481 [INFO] ADCParametersView:116 -                Rank 1 : false
2025-09-07 14:14:24,481 [INFO] ADCParametersView:116 -                Rank 1 : false
2025-09-07 14:14:24,481 [INFO] ADCParametersView:116 -                Rank 1 : false
2025-09-07 14:14:24,482 [INFO] ADCParametersView:116 -                Rank 1 : false
2025-09-07 14:14:24,482 [INFO] ADCParametersView:116 -                Rank 1 : false
2025-09-07 14:14:24,490 [INFO] ADCParametersView:116 -                Rank 1 : false
2025-09-07 14:14:24,604 [INFO] ADCParametersView:116 -                Rank 1 : false
2025-09-07 14:14:24,605 [INFO] ADCParametersView:116 -                Rank 1 : false
2025-09-07 14:14:24,605 [INFO] ADCParametersView:116 -                Rank 1 : false
2025-09-07 14:14:24,605 [INFO] ADCParametersView:116 -                Rank 1 : false
2025-09-07 14:14:24,605 [INFO] ADCParametersView:116 -                Rank 1 : false
2025-09-07 14:14:24,605 [INFO] ADCParametersView:116 -                Rank 1 : false
2025-09-07 14:14:24,605 [INFO] ADCParametersView:116 -                Rank 1 : false
2025-09-07 14:14:24,605 [INFO] ADCParametersView:116 -                Rank 1 : false
2025-09-07 14:14:24,605 [INFO] ADCParametersView:116 -                Rank 1 : false
2025-09-07 14:14:24,605 [INFO] ADCParametersView:116 -                Rank 1 : false
2025-09-07 14:14:24,605 [INFO] ADCParametersView:116 -                Rank 1 : false
2025-09-07 14:14:24,605 [INFO] ADCParametersView:116 -                Rank 1 : false
2025-09-07 14:14:24,605 [INFO] ADCParametersView:116 -                Rank 1 : false
2025-09-07 14:14:24,605 [INFO] ADCParametersView:116 -                Rank 1 : false
2025-09-07 14:14:24,605 [INFO] ADCParametersView:116 -                Rank 1 : false
2025-09-07 14:14:24,605 [INFO] ADCParametersView:116 -                Rank 1 : false
2025-09-07 14:14:24,605 [INFO] ADCParametersView:116 -                Rank 1 : false
2025-09-07 14:14:24,605 [INFO] ADCParametersView:116 -                Rank 1 : false
2025-09-07 14:14:24,606 [INFO] ADCParametersView:116 -                Rank 1 : false
2025-09-07 14:14:24,606 [INFO] ADCParametersView:116 -                Rank 1 : false
2025-09-07 14:14:24,606 [INFO] ADCParametersView:116 -                Rank 1 : false
2025-09-07 14:14:24,615 [INFO] ADCParametersView:116 -                Rank 1 : false
2025-09-07 14:14:24,638 [INFO] ADCParametersView:116 -                Rank 1 : false
2025-09-07 14:14:24,639 [INFO] ADCParametersView:116 -                Rank 1 : false
2025-09-07 14:14:24,639 [INFO] ADCParametersView:116 -                Rank 1 : false
2025-09-07 14:14:24,640 [INFO] ADCParametersView:116 -                Rank 1 : false
2025-09-07 14:14:24,640 [INFO] ADCParametersView:116 -                Rank 1 : false
2025-09-07 14:14:24,640 [INFO] ADCParametersView:116 -                Rank 1 : false
2025-09-07 14:14:24,640 [INFO] ADCParametersView:116 -                Rank 1 : false
2025-09-07 14:14:24,640 [INFO] ADCParametersView:116 -                Rank 1 : false
2025-09-07 14:14:24,640 [INFO] ADCParametersView:116 -                Rank 1 : false
2025-09-07 14:14:24,640 [INFO] ADCParametersView:116 -                Rank 1 : false
2025-09-07 14:14:24,640 [INFO] ADCParametersView:116 -                Rank 1 : false
2025-09-07 14:14:24,640 [INFO] ADCParametersView:116 -                Rank 1 : false
2025-09-07 14:14:24,640 [INFO] ADCParametersView:116 -                Rank 1 : false
2025-09-07 14:14:24,640 [INFO] ADCParametersView:116 -                Rank 1 : false
2025-09-07 14:14:24,640 [INFO] ADCParametersView:116 -                Rank 1 : false
2025-09-07 14:14:24,640 [INFO] ADCParametersView:116 -                Rank 1 : false
2025-09-07 14:14:24,640 [INFO] ADCParametersView:116 -                Rank 1 : false
2025-09-07 14:14:24,640 [INFO] ADCParametersView:116 -                Rank 1 : false
2025-09-07 14:14:24,640 [INFO] ADCParametersView:116 -                Rank 1 : false
2025-09-07 14:14:24,640 [INFO] ADCParametersView:116 -                Rank 1 : false
2025-09-07 14:14:24,640 [INFO] ADCParametersView:116 -                Rank 1 : false
2025-09-07 14:14:24,652 [INFO] ADCParametersView:116 -                Rank 1 : false
2025-09-07 14:14:41,319 [INFO] UtilMem:75 - End SaveConfig() Used Memory: 505979184 Bytes (943718400)
2025-09-07 14:14:42,362 [INFO] UtilMem:75 - End SaveConfig() Used Memory: 524853552 Bytes (943718400)
2025-09-07 14:14:43,322 [INFO] UtilMem:75 - End SaveConfig() Used Memory: 595634480 Bytes (943718400)
2025-09-07 14:14:43,503 [INFO] BlockDiagram:2775 - set Specific Code input for plugin: SPI
2025-09-07 14:14:43,503 [INFO] BlockDiagram:2775 - set Specific Code input for plugin: IWDG
2025-09-07 14:14:43,503 [INFO] BlockDiagram:2775 - set Specific Code input for plugin: DAC
2025-09-07 14:14:43,503 [INFO] BlockDiagram:2775 - set Specific Code input for plugin: TIM1_8G4
2025-09-07 14:14:43,503 [INFO] BlockDiagram:2775 - set Specific Code input for plugin: TIM1_8G4
2025-09-07 14:14:43,503 [INFO] BlockDiagram:2775 - set Specific Code input for plugin: TIM1_8G4
2025-09-07 14:14:43,503 [INFO] BlockDiagram:2775 - set Specific Code input for plugin: TIM1_8G4
2025-09-07 14:14:43,503 [INFO] BlockDiagram:2775 - set Specific Code input for plugin: ADC
2025-09-07 14:14:43,503 [INFO] BlockDiagram:2775 - set Specific Code input for plugin: SYS
2025-09-07 14:14:43,503 [INFO] BlockDiagram:2775 - set Specific Code input for plugin: ADC
2025-09-07 14:14:43,503 [INFO] BlockDiagram:2775 - set Specific Code input for plugin: RCC
2025-09-07 14:14:43,503 [INFO] BlockDiagram:2775 - set Specific Code input for plugin: I2C
2025-09-07 14:14:43,503 [INFO] BlockDiagram:2775 - set Specific Code input for plugin: RTC
2025-09-07 14:14:43,503 [INFO] BlockDiagram:2775 - set Specific Code input for plugin: NVIC
2025-09-07 14:14:43,503 [INFO] BlockDiagram:2775 - set Specific Code input for plugin: USART
2025-09-07 14:14:43,503 [INFO] BlockDiagram:2775 - set Specific Code input for plugin: USART
2025-09-07 14:14:43,503 [INFO] BlockDiagram:2775 - set Specific Code input for plugin: UART
2025-09-07 14:14:43,504 [INFO] BlockDiagram:2775 - set Specific Code input for plugin: GPIO
2025-09-07 14:14:43,504 [INFO] CodeGenerator:892 - code generatio: config db path: C:\ST\STM32CubeIDE_1.19.0\STM32CubeIDE\plugins\com.st.stm32cube.common.mx_6.15.0.202507011659\\db\
2025-09-07 14:14:43,536 [WARN] IP:2250 - OutPut1 not found: check if there is a RefParameter without a condition.
2025-09-07 14:14:43,536 [WARN] IP:2250 - OutPut2 not found: check if there is a RefParameter without a condition.
2025-09-07 14:14:43,536 [WARN] IP:2250 - OutPut3 not found: check if there is a RefParameter without a condition.
2025-09-07 14:14:43,771 [INFO] CodeEngine:265 - oldGeneratedFile, E:\projects\DevelopmentLevelCode\LineMonitorUART\LineMonitorUART\MXTmpFiles\license.tmp_save
2025-09-07 14:14:44,080 [INFO] CodeEngine:289 - Generated code: E:\projects\DevelopmentLevelCode\LineMonitorUART\LineMonitorUART\MXTmpFiles\license.tmp
2025-09-07 14:14:44,195 [INFO] CodeEngine:265 - oldGeneratedFile, E:\projects\DevelopmentLevelCode\LineMonitorUART\LineMonitorUART\MXTmpFiles\gpio.tmp_save
2025-09-07 14:14:44,343 [INFO] CodeEngine:289 - Generated code: E:\projects\DevelopmentLevelCode\LineMonitorUART\LineMonitorUART\MXTmpFiles\gpio.tmp
2025-09-07 14:14:45,580 [INFO] CodeEngine:265 - oldGeneratedFile, E:\projects\DevelopmentLevelCode\LineMonitorUART\LineMonitorUART\Core\Src\stm32g4xx_it.c_save
2025-09-07 14:14:45,808 [INFO] CodeEngine:289 - Generated code: E:\projects\DevelopmentLevelCode\LineMonitorUART\LineMonitorUART\Core\Src\stm32g4xx_it.c
2025-09-07 14:14:45,814 [INFO] CodeEngine:265 - oldGeneratedFile, E:\projects\DevelopmentLevelCode\LineMonitorUART\LineMonitorUART\Core\Inc\stm32g4xx_it.h_save
2025-09-07 14:14:45,881 [INFO] CodeEngine:289 - Generated code: E:\projects\DevelopmentLevelCode\LineMonitorUART\LineMonitorUART\Core\Inc\stm32g4xx_it.h
2025-09-07 14:14:45,895 [INFO] CodeEngine:265 - oldGeneratedFile, E:\projects\DevelopmentLevelCode\LineMonitorUART\LineMonitorUART\Core\Src\stm32g4xx_hal_msp.c_save
2025-09-07 14:14:46,036 [INFO] CodeEngine:289 - Generated code: E:\projects\DevelopmentLevelCode\LineMonitorUART\LineMonitorUART\Core\Src\stm32g4xx_hal_msp.c
2025-09-07 14:14:46,041 [INFO] CodeEngine:265 - oldGeneratedFile, E:\projects\DevelopmentLevelCode\LineMonitorUART\LineMonitorUART\MXTmpFiles\system.tmp_save
2025-09-07 14:14:46,102 [INFO] CodeEngine:289 - Generated code: E:\projects\DevelopmentLevelCode\LineMonitorUART\LineMonitorUART\MXTmpFiles\system.tmp
2025-09-07 14:14:46,110 [INFO] CodeEngine:321 - oldGeneratedFile, E:\projects\DevelopmentLevelCode\LineMonitorUART\LineMonitorUART\Core\Inc\stm32g4xx_hal_conf.h_save
2025-09-07 14:14:46,175 [INFO] CodeEngine:345 - Generated code: E:\projects\DevelopmentLevelCode\LineMonitorUART\LineMonitorUART\Core\Inc\stm32g4xx_hal_conf.h
2025-09-07 14:14:46,192 [WARN] IPConfigManager:3238 - Warning: the RefConfig RCC_CommonPeriphClockConfig is not available in your config.xml file
2025-09-07 14:14:46,196 [WARN] IPConfigManager:3811 - IP not found : TIM
2025-09-07 14:14:46,198 [WARN] CodeGenerator:4259 - IP not found : null
2025-09-07 14:14:46,205 [INFO] CodeEngine:265 - oldGeneratedFile, E:\projects\DevelopmentLevelCode\LineMonitorUART\LineMonitorUART\Core\Inc\main.h_save
2025-09-07 14:14:46,293 [INFO] CodeEngine:289 - Generated code: E:\projects\DevelopmentLevelCode\LineMonitorUART\LineMonitorUART\Core\Inc\main.h
2025-09-07 14:14:46,299 [INFO] CodeEngine:265 - oldGeneratedFile, E:\projects\DevelopmentLevelCode\LineMonitorUART\LineMonitorUART\Core\Src\main.c_save
2025-09-07 14:14:46,472 [INFO] CodeEngine:289 - Generated code: E:\projects\DevelopmentLevelCode\LineMonitorUART\LineMonitorUART\Core\Src\main.c
2025-09-07 14:14:47,028 [INFO] ProjectBuilder:3606 - Time for Copy HAL[1] : 242mS.
2025-09-07 14:14:47,032 [INFO] ProjectBuilder:5216 - Project Generator version: 4.7.0-B52
2025-09-07 14:14:47,125 [INFO] ConfigFileManager:1595 - The Die is : DIE468
2025-09-07 14:14:48,065 [INFO] ProjectBuilder:5496 - Time for Generating toolchain IDE Files: 1032mS.
2025-09-07 14:14:48,065 [INFO] ProjectBuilder:3463 - Time for Copy CMSIS : 0mS.
2025-09-07 14:14:48,068 [INFO] ProjectBuilder:3463 - Time for Copy CMSIS : 1mS.
2025-09-07 14:17:17,302 [INFO] ADCParametersView:116 -                Rank 1 : true
2025-09-07 14:18:00,385 [INFO] SpinnerEditorADC:65 - is string kkkk
2025-09-07 14:18:05,413 [INFO] ParamManager:905 - [Generic UI] PropertyChangeEvent: TAB_STATUS_CHANGED , "dont care", "never mind"
2025-09-07 14:18:05,423 [INFO] ADCParametersView:116 -                Rank 1 : true
2025-09-07 14:18:05,425 [INFO] ADCParametersView:116 -                Rank 1 : true
2025-09-07 14:18:05,425 [INFO] ADCParametersView:116 -                Rank 1 : true
2025-09-07 14:18:05,427 [INFO] ADCParametersView:116 -                Rank 1 : true
2025-09-07 14:18:05,427 [INFO] ADCParametersView:116 -                Rank 1 : true
2025-09-07 14:18:05,427 [INFO] ADCParametersView:116 -                Rank 1 : true
2025-09-07 14:18:05,427 [INFO] ADCParametersView:116 -                Rank 1 : true
2025-09-07 14:18:05,427 [INFO] ADCParametersView:116 -                Rank 1 : true
2025-09-07 14:18:05,427 [INFO] ADCParametersView:116 -                Rank 1 : true
2025-09-07 14:18:05,427 [INFO] ADCParametersView:116 -                Rank 1 : true
2025-09-07 14:18:05,427 [INFO] ADCParametersView:116 -                Rank 1 : true
2025-09-07 14:18:05,427 [INFO] ADCParametersView:116 -                Rank 1 : true
2025-09-07 14:18:05,427 [INFO] ADCParametersView:116 -                Rank 1 : true
2025-09-07 14:18:05,427 [INFO] ADCParametersView:116 -                Rank 1 : true
2025-09-07 14:18:05,427 [INFO] ADCParametersView:116 -                Rank 1 : true
2025-09-07 14:18:05,427 [INFO] ADCParametersView:116 -                Rank 1 : true
2025-09-07 14:18:05,427 [INFO] ADCParametersView:116 -                Rank 1 : true
2025-09-07 14:18:05,427 [INFO] ADCParametersView:116 -                Rank 1 : true
2025-09-07 14:18:05,427 [INFO] ADCParametersView:116 -                Rank 1 : true
2025-09-07 14:18:05,427 [INFO] ADCParametersView:116 -                Rank 1 : true
2025-09-07 14:18:05,427 [INFO] ADCParametersView:116 -                Rank 1 : true
2025-09-07 14:18:05,439 [INFO] ParamManager:905 - [Generic UI] PropertyChangeEvent: TAB_STATUS_CHANGED , "dont care", "never mind"
2025-09-07 14:18:05,448 [INFO] ADCParametersView:116 -                Rank 1 : true
2025-09-07 14:18:05,449 [INFO] ADCParametersView:116 -                Rank 1 : true
2025-09-07 14:18:05,449 [INFO] ADCParametersView:116 -        *      Rank 2 : false
2025-09-07 14:18:05,494 [INFO] ADCParametersView:116 -                Rank 1 : true
2025-09-07 14:18:05,494 [INFO] ADCParametersView:116 -        *      Rank 2 : false
2025-09-07 14:18:05,496 [INFO] ADCParametersView:116 -                Rank 1 : true
2025-09-07 14:18:05,496 [INFO] ADCParametersView:116 -        *      Rank 2 : false
2025-09-07 14:18:05,496 [INFO] ADCParametersView:116 -                Rank 1 : true
2025-09-07 14:18:05,496 [INFO] ADCParametersView:116 -        *      Rank 2 : false
2025-09-07 14:18:05,496 [INFO] ADCParametersView:116 -                Rank 1 : true
2025-09-07 14:18:05,496 [INFO] ADCParametersView:116 -        *      Rank 2 : false
2025-09-07 14:18:05,497 [INFO] ADCParametersView:116 -                Rank 1 : true
2025-09-07 14:18:05,497 [INFO] ADCParametersView:116 -        *      Rank 2 : false
2025-09-07 14:18:05,497 [INFO] ADCParametersView:116 -                Rank 1 : true
2025-09-07 14:18:05,497 [INFO] ADCParametersView:116 -        *      Rank 2 : false
2025-09-07 14:18:05,497 [INFO] ADCParametersView:116 -                Rank 1 : true
2025-09-07 14:18:05,497 [INFO] ADCParametersView:116 -        *      Rank 2 : false
2025-09-07 14:18:05,497 [INFO] ADCParametersView:116 -                Rank 1 : true
2025-09-07 14:18:05,497 [INFO] ADCParametersView:116 -        *      Rank 2 : false
2025-09-07 14:18:05,497 [INFO] ADCParametersView:116 -                Rank 1 : true
2025-09-07 14:18:05,497 [INFO] ADCParametersView:116 -        *      Rank 2 : false
2025-09-07 14:18:05,497 [INFO] ADCParametersView:116 -                Rank 1 : true
2025-09-07 14:18:05,497 [INFO] ADCParametersView:116 -        *      Rank 2 : false
2025-09-07 14:18:05,497 [INFO] ADCParametersView:116 -                Rank 1 : true
2025-09-07 14:18:05,497 [INFO] ADCParametersView:116 -        *      Rank 2 : false
2025-09-07 14:18:05,497 [INFO] ADCParametersView:116 -                Rank 1 : true
2025-09-07 14:18:05,498 [INFO] ADCParametersView:116 -        *      Rank 2 : false
2025-09-07 14:18:05,498 [INFO] ADCParametersView:116 -                Rank 1 : true
2025-09-07 14:18:05,498 [INFO] ADCParametersView:116 -        *      Rank 2 : false
2025-09-07 14:18:05,498 [INFO] ADCParametersView:116 -                Rank 1 : true
2025-09-07 14:18:05,498 [INFO] ADCParametersView:116 -        *      Rank 2 : false
2025-09-07 14:18:05,498 [INFO] ADCParametersView:116 -                Rank 1 : true
2025-09-07 14:18:05,498 [INFO] ADCParametersView:116 -        *      Rank 2 : false
2025-09-07 14:18:05,498 [INFO] ADCParametersView:116 -                Rank 1 : true
2025-09-07 14:18:05,498 [INFO] ADCParametersView:116 -        *      Rank 2 : false
2025-09-07 14:18:05,498 [INFO] ADCParametersView:116 -                Rank 1 : true
2025-09-07 14:18:05,498 [INFO] ADCParametersView:116 -        *      Rank 2 : false
2025-09-07 14:18:05,498 [INFO] ADCParametersView:116 -                Rank 1 : true
2025-09-07 14:18:05,498 [INFO] ADCParametersView:116 -        *      Rank 2 : false
2025-09-07 14:18:05,498 [INFO] ADCParametersView:116 -                Rank 1 : true
2025-09-07 14:18:05,498 [INFO] ADCParametersView:116 -        *      Rank 2 : false
2025-09-07 14:18:05,498 [INFO] ADCParametersView:116 -                Rank 1 : true
2025-09-07 14:18:05,498 [INFO] ADCParametersView:116 -        *      Rank 2 : false
2025-09-07 14:18:05,498 [INFO] ADCParametersView:116 -                Rank 1 : true
2025-09-07 14:18:05,498 [INFO] ADCParametersView:116 -        *      Rank 2 : false
2025-09-07 14:18:05,498 [INFO] ADCParametersView:116 -        *      Rank 2 : false
2025-09-07 14:18:05,521 [INFO] ADCParametersView:116 -                Rank 1 : true
2025-09-07 14:18:05,521 [INFO] ADCParametersView:116 -                Rank 1 : true
2025-09-07 14:18:05,521 [INFO] ADCParametersView:116 -        *      Rank 2 : false
2025-09-07 14:18:05,688 [INFO] NvicIntPanel:101 - NVIC parent = com.st.microxplorer.plugins.ip.nvic.MultiNvicIntPanel[,0,0,0x0,invalid,layout=javax.swing.BoxLayout,alignmentX=0.0,alignmentY=0.0,border=,flags=9,maximumSize=,minimumSize=,preferredSize=]
2025-09-07 14:18:05,875 [INFO] NvicIntPanel:101 - NVIC parent = com.st.microxplorer.plugins.ip.nvic.MultiNvicIntPanel[,0,0,0x0,invalid,layout=javax.swing.BoxLayout,alignmentX=0.0,alignmentY=0.0,border=,flags=9,maximumSize=,minimumSize=,preferredSize=]
2025-09-07 14:18:06,077 [INFO] ParamManager:905 - [Generic UI] PropertyChangeEvent: TAB_STATUS_CHANGED , "dont care", "never mind"
2025-09-07 14:18:06,121 [INFO] NvicIntPanel:101 - NVIC parent = com.st.microxplorer.plugins.ip.nvic.MultiNvicIntPanel[,0,0,0x0,invalid,layout=javax.swing.BoxLayout,alignmentX=0.0,alignmentY=0.0,border=,flags=9,maximumSize=,minimumSize=,preferredSize=]
2025-09-07 14:18:06,405 [INFO] ParamManager:905 - [Generic UI] PropertyChangeEvent: TAB_STATUS_CHANGED , "dont care", "never mind"
2025-09-07 14:18:06,438 [INFO] NvicIntPanel:101 - NVIC parent = com.st.microxplorer.plugins.ip.nvic.MultiNvicIntPanel[,0,0,0x0,invalid,layout=javax.swing.BoxLayout,alignmentX=0.0,alignmentY=0.0,border=,flags=9,maximumSize=,minimumSize=,preferredSize=]
2025-09-07 14:18:06,597 [INFO] NvicIntPanel:101 - NVIC parent = com.st.microxplorer.plugins.ip.nvic.MultiNvicIntPanel[,0,0,0x0,invalid,layout=javax.swing.BoxLayout,alignmentX=0.0,alignmentY=0.0,border=,flags=9,maximumSize=,minimumSize=,preferredSize=]
2025-09-07 14:18:06,777 [INFO] ParamManager:905 - [Generic UI] PropertyChangeEvent: TAB_STATUS_CHANGED , "dont care", "never mind"
2025-09-07 14:18:06,806 [INFO] NvicIntPanel:101 - NVIC parent = com.st.microxplorer.plugins.ip.nvic.MultiNvicIntPanel[,0,0,0x0,invalid,layout=javax.swing.BoxLayout,alignmentX=0.0,alignmentY=0.0,border=,flags=9,maximumSize=,minimumSize=,preferredSize=]
2025-09-07 14:18:06,942 [INFO] ParamManager:905 - [Generic UI] PropertyChangeEvent: TAB_STATUS_CHANGED , "dont care", "never mind"
2025-09-07 14:18:06,970 [INFO] NvicIntPanel:101 - NVIC parent = com.st.microxplorer.plugins.ip.nvic.MultiNvicIntPanel[,0,0,0x0,invalid,layout=javax.swing.BoxLayout,alignmentX=0.0,alignmentY=0.0,border=,flags=9,maximumSize=,minimumSize=,preferredSize=]
2025-09-07 14:18:07,125 [INFO] NvicIntPanel:101 - NVIC parent = com.st.microxplorer.plugins.ip.nvic.MultiNvicIntPanel[,0,0,0x0,invalid,layout=javax.swing.BoxLayout,alignmentX=0.0,alignmentY=0.0,border=,flags=9,maximumSize=,minimumSize=,preferredSize=]
2025-09-07 14:18:07,251 [INFO] ParamManager:905 - [Generic UI] PropertyChangeEvent: TAB_STATUS_CHANGED , "dont care", "never mind"
2025-09-07 14:18:07,274 [INFO] NvicIntPanel:101 - NVIC parent = com.st.microxplorer.plugins.ip.nvic.MultiNvicIntPanel[,0,0,0x0,invalid,layout=javax.swing.BoxLayout,alignmentX=0.0,alignmentY=0.0,border=,flags=9,maximumSize=,minimumSize=,preferredSize=]
2025-09-07 14:18:07,450 [INFO] ParamManager:905 - [Generic UI] PropertyChangeEvent: TAB_STATUS_CHANGED , "dont care", "never mind"
2025-09-07 14:18:07,481 [INFO] NvicIntPanel:101 - NVIC parent = com.st.microxplorer.plugins.ip.nvic.MultiNvicIntPanel[,0,0,0x0,invalid,layout=javax.swing.BoxLayout,alignmentX=0.0,alignmentY=0.0,border=,flags=9,maximumSize=,minimumSize=,preferredSize=]
2025-09-07 14:18:07,605 [INFO] NvicIntPanel:101 - NVIC parent = com.st.microxplorer.plugins.ip.nvic.MultiNvicIntPanel[,0,0,0x0,invalid,layout=javax.swing.BoxLayout,alignmentX=0.0,alignmentY=0.0,border=,flags=9,maximumSize=,minimumSize=,preferredSize=]
2025-09-07 14:18:07,744 [INFO] ParamManager:905 - [Generic UI] PropertyChangeEvent: TAB_STATUS_CHANGED , "dont care", "never mind"
2025-09-07 14:18:07,765 [INFO] NvicIntPanel:101 - NVIC parent = com.st.microxplorer.plugins.ip.nvic.MultiNvicIntPanel[,0,0,0x0,invalid,layout=javax.swing.BoxLayout,alignmentX=0.0,alignmentY=0.0,border=,flags=9,maximumSize=,minimumSize=,preferredSize=]
2025-09-07 14:18:07,895 [INFO] ParamManager:905 - [Generic UI] PropertyChangeEvent: TAB_STATUS_CHANGED , "dont care", "never mind"
2025-09-07 14:18:07,916 [INFO] NvicIntPanel:101 - NVIC parent = com.st.microxplorer.plugins.ip.nvic.MultiNvicIntPanel[,0,0,0x0,invalid,layout=javax.swing.BoxLayout,alignmentX=0.0,alignmentY=0.0,border=,flags=9,maximumSize=,minimumSize=,preferredSize=]
2025-09-07 14:18:08,110 [INFO] NvicIntPanel:101 - NVIC parent = com.st.microxplorer.plugins.ip.nvic.MultiNvicIntPanel[,0,0,0x0,invalid,layout=javax.swing.BoxLayout,alignmentX=0.0,alignmentY=0.0,border=,flags=9,maximumSize=,minimumSize=,preferredSize=]
2025-09-07 14:18:08,283 [INFO] NvicIntPanel:101 - NVIC parent = com.st.microxplorer.plugins.ip.nvic.MultiNvicIntPanel[,0,0,0x0,invalid,layout=javax.swing.BoxLayout,alignmentX=0.0,alignmentY=0.0,border=,flags=9,maximumSize=,minimumSize=,preferredSize=]
2025-09-07 14:18:08,311 [INFO] ADCParametersView:116 -                Rank 1 : true
2025-09-07 14:18:08,312 [INFO] ADCParametersView:116 -        *      Rank 2 : false
2025-09-07 14:18:08,313 [INFO] ADCParametersView:116 -                Rank 1 : true
2025-09-07 14:18:08,313 [INFO] ADCParametersView:116 -        *      Rank 2 : false
2025-09-07 14:18:08,313 [INFO] ADCParametersView:116 -                Rank 1 : true
2025-09-07 14:18:08,313 [INFO] ADCParametersView:116 -        *      Rank 2 : false
2025-09-07 14:18:08,313 [INFO] ADCParametersView:116 -                Rank 1 : true
2025-09-07 14:18:08,313 [INFO] ADCParametersView:116 -        *      Rank 2 : false
2025-09-07 14:18:08,313 [INFO] ADCParametersView:116 -                Rank 1 : true
2025-09-07 14:18:08,313 [INFO] ADCParametersView:116 -        *      Rank 2 : false
2025-09-07 14:18:08,314 [INFO] ADCParametersView:116 -                Rank 1 : true
2025-09-07 14:18:08,314 [INFO] ADCParametersView:116 -        *      Rank 2 : false
2025-09-07 14:18:08,314 [INFO] ADCParametersView:116 -                Rank 1 : true
2025-09-07 14:18:08,314 [INFO] ADCParametersView:116 -        *      Rank 2 : false
2025-09-07 14:18:08,314 [INFO] ADCParametersView:116 -                Rank 1 : true
2025-09-07 14:18:08,314 [INFO] ADCParametersView:116 -        *      Rank 2 : false
2025-09-07 14:18:08,314 [INFO] ADCParametersView:116 -                Rank 1 : true
2025-09-07 14:18:08,314 [INFO] ADCParametersView:116 -        *      Rank 2 : false
2025-09-07 14:18:08,314 [INFO] ADCParametersView:116 -                Rank 1 : true
2025-09-07 14:18:08,314 [INFO] ADCParametersView:116 -        *      Rank 2 : false
2025-09-07 14:18:08,314 [INFO] ADCParametersView:116 -                Rank 1 : true
2025-09-07 14:18:08,314 [INFO] ADCParametersView:116 -        *      Rank 2 : false
2025-09-07 14:18:08,314 [INFO] ADCParametersView:116 -                Rank 1 : true
2025-09-07 14:18:08,314 [INFO] ADCParametersView:116 -        *      Rank 2 : false
2025-09-07 14:18:08,314 [INFO] ADCParametersView:116 -                Rank 1 : true
2025-09-07 14:18:08,314 [INFO] ADCParametersView:116 -        *      Rank 2 : false
2025-09-07 14:18:08,314 [INFO] ADCParametersView:116 -                Rank 1 : true
2025-09-07 14:18:08,314 [INFO] ADCParametersView:116 -        *      Rank 2 : false
2025-09-07 14:18:08,314 [INFO] ADCParametersView:116 -                Rank 1 : true
2025-09-07 14:18:08,315 [INFO] ADCParametersView:116 -        *      Rank 2 : false
2025-09-07 14:18:08,315 [INFO] ADCParametersView:116 -                Rank 1 : true
2025-09-07 14:18:08,315 [INFO] ADCParametersView:116 -        *      Rank 2 : false
2025-09-07 14:18:08,315 [INFO] ADCParametersView:116 -                Rank 1 : true
2025-09-07 14:18:08,315 [INFO] ADCParametersView:116 -        *      Rank 2 : false
2025-09-07 14:18:08,315 [INFO] ADCParametersView:116 -                Rank 1 : true
2025-09-07 14:18:08,315 [INFO] ADCParametersView:116 -        *      Rank 2 : false
2025-09-07 14:18:08,315 [INFO] ADCParametersView:116 -                Rank 1 : true
2025-09-07 14:18:08,315 [INFO] ADCParametersView:116 -        *      Rank 2 : false
2025-09-07 14:18:08,315 [INFO] ADCParametersView:116 -                Rank 1 : true
2025-09-07 14:18:08,315 [INFO] ADCParametersView:116 -        *      Rank 2 : false
2025-09-07 14:18:08,315 [INFO] ADCParametersView:116 -                Rank 1 : true
2025-09-07 14:18:08,315 [INFO] ADCParametersView:116 -        *      Rank 2 : false
2025-09-07 14:18:08,315 [INFO] ADCParametersView:116 -        *      Rank 2 : false
2025-09-07 14:18:08,340 [INFO] ADCParametersView:116 -                Rank 1 : true
2025-09-07 14:18:08,340 [INFO] ADCParametersView:116 -                Rank 1 : true
2025-09-07 14:18:08,340 [INFO] ADCParametersView:116 -        *      Rank 2 : false
2025-09-07 14:18:08,341 [INFO] ADCParametersView:116 -                Rank 1 : true
2025-09-07 14:18:08,341 [INFO] ADCParametersView:116 -        *      Rank 2 : false
2025-09-07 14:18:08,341 [INFO] ADCParametersView:116 -        *      Rank 3 : false
2025-09-07 14:18:08,341 [INFO] ADCParametersView:116 -                Rank 1 : true
2025-09-07 14:18:08,341 [INFO] ADCParametersView:116 -        *      Rank 2 : false
2025-09-07 14:18:08,341 [INFO] ADCParametersView:116 -        *      Rank 3 : false
2025-09-07 14:18:08,341 [INFO] ADCParametersView:116 -        *      Rank 4 : false
2025-09-07 14:18:08,341 [INFO] ADCParametersView:116 -                Rank 1 : true
2025-09-07 14:18:08,341 [INFO] ADCParametersView:116 -        *      Rank 2 : false
2025-09-07 14:18:08,341 [INFO] ADCParametersView:116 -        *      Rank 3 : false
2025-09-07 14:18:08,341 [INFO] ADCParametersView:116 -        *      Rank 4 : false
2025-09-07 14:18:08,341 [INFO] ADCParametersView:116 -        *      Rank 5 : false
2025-09-07 14:18:08,341 [INFO] ADCParametersView:116 -                Rank 1 : true
2025-09-07 14:18:08,341 [INFO] ADCParametersView:116 -        *      Rank 2 : false
2025-09-07 14:18:08,341 [INFO] ADCParametersView:116 -        *      Rank 3 : false
2025-09-07 14:18:08,342 [INFO] ADCParametersView:116 -        *      Rank 4 : false
2025-09-07 14:18:08,342 [INFO] ADCParametersView:116 -        *      Rank 5 : false
2025-09-07 14:18:08,342 [INFO] ADCParametersView:116 -        *      Rank 6 : false
2025-09-07 14:18:08,346 [INFO] SpinnerEditorADC:65 - is string kkkk
2025-09-07 14:18:08,387 [INFO] ADCParametersView:116 -                Rank 1 : true
2025-09-07 14:18:08,387 [INFO] ADCParametersView:116 -        *      Rank 2 : false
2025-09-07 14:18:08,387 [INFO] ADCParametersView:116 -        *      Rank 3 : false
2025-09-07 14:18:08,387 [INFO] ADCParametersView:116 -        *      Rank 4 : false
2025-09-07 14:18:08,387 [INFO] ADCParametersView:116 -        *      Rank 5 : false
2025-09-07 14:18:08,387 [INFO] ADCParametersView:116 -        *      Rank 6 : false
2025-09-07 14:18:08,388 [INFO] ADCParametersView:116 -                Rank 1 : true
2025-09-07 14:18:08,388 [INFO] ADCParametersView:116 -        *      Rank 2 : false
2025-09-07 14:18:08,388 [INFO] ADCParametersView:116 -        *      Rank 3 : false
2025-09-07 14:18:08,388 [INFO] ADCParametersView:116 -        *      Rank 4 : false
2025-09-07 14:18:08,389 [INFO] ADCParametersView:116 -        *      Rank 5 : false
2025-09-07 14:18:08,389 [INFO] ADCParametersView:116 -        *      Rank 6 : false
2025-09-07 14:18:08,389 [INFO] ADCParametersView:116 -                Rank 1 : true
2025-09-07 14:18:08,389 [INFO] ADCParametersView:116 -        *      Rank 2 : false
2025-09-07 14:18:08,389 [INFO] ADCParametersView:116 -        *      Rank 3 : false
2025-09-07 14:18:08,389 [INFO] ADCParametersView:116 -        *      Rank 4 : false
2025-09-07 14:18:08,389 [INFO] ADCParametersView:116 -        *      Rank 5 : false
2025-09-07 14:18:08,389 [INFO] ADCParametersView:116 -        *      Rank 6 : false
2025-09-07 14:18:08,389 [INFO] ADCParametersView:116 -                Rank 1 : true
2025-09-07 14:18:08,389 [INFO] ADCParametersView:116 -        *      Rank 2 : false
2025-09-07 14:18:08,389 [INFO] ADCParametersView:116 -        *      Rank 3 : false
2025-09-07 14:18:08,389 [INFO] ADCParametersView:116 -        *      Rank 4 : false
2025-09-07 14:18:08,389 [INFO] ADCParametersView:116 -        *      Rank 5 : false
2025-09-07 14:18:08,389 [INFO] ADCParametersView:116 -        *      Rank 6 : false
2025-09-07 14:18:08,389 [INFO] ADCParametersView:116 -                Rank 1 : true
2025-09-07 14:18:08,389 [INFO] ADCParametersView:116 -        *      Rank 2 : false
2025-09-07 14:18:08,389 [INFO] ADCParametersView:116 -        *      Rank 3 : false
2025-09-07 14:18:08,389 [INFO] ADCParametersView:116 -        *      Rank 4 : false
2025-09-07 14:18:08,389 [INFO] ADCParametersView:116 -        *      Rank 5 : false
2025-09-07 14:18:08,389 [INFO] ADCParametersView:116 -        *      Rank 6 : false
2025-09-07 14:18:08,389 [INFO] ADCParametersView:116 -                Rank 1 : true
2025-09-07 14:18:08,389 [INFO] ADCParametersView:116 -        *      Rank 2 : false
2025-09-07 14:18:08,389 [INFO] ADCParametersView:116 -        *      Rank 3 : false
2025-09-07 14:18:08,389 [INFO] ADCParametersView:116 -        *      Rank 4 : false
2025-09-07 14:18:08,389 [INFO] ADCParametersView:116 -        *      Rank 5 : false
2025-09-07 14:18:08,389 [INFO] ADCParametersView:116 -        *      Rank 6 : false
2025-09-07 14:18:08,389 [INFO] ADCParametersView:116 -                Rank 1 : true
2025-09-07 14:18:08,389 [INFO] ADCParametersView:116 -        *      Rank 2 : false
2025-09-07 14:18:08,389 [INFO] ADCParametersView:116 -        *      Rank 3 : false
2025-09-07 14:18:08,389 [INFO] ADCParametersView:116 -        *      Rank 4 : false
2025-09-07 14:18:08,389 [INFO] ADCParametersView:116 -        *      Rank 5 : false
2025-09-07 14:18:08,389 [INFO] ADCParametersView:116 -        *      Rank 6 : false
2025-09-07 14:18:08,389 [INFO] ADCParametersView:116 -                Rank 1 : true
2025-09-07 14:18:08,390 [INFO] ADCParametersView:116 -        *      Rank 2 : false
2025-09-07 14:18:08,390 [INFO] ADCParametersView:116 -        *      Rank 3 : false
2025-09-07 14:18:08,390 [INFO] ADCParametersView:116 -        *      Rank 4 : false
2025-09-07 14:18:08,390 [INFO] ADCParametersView:116 -        *      Rank 5 : false
2025-09-07 14:18:08,390 [INFO] ADCParametersView:116 -        *      Rank 6 : false
2025-09-07 14:18:08,390 [INFO] ADCParametersView:116 -                Rank 1 : true
2025-09-07 14:18:08,390 [INFO] ADCParametersView:116 -        *      Rank 2 : false
2025-09-07 14:18:08,390 [INFO] ADCParametersView:116 -        *      Rank 3 : false
2025-09-07 14:18:08,390 [INFO] ADCParametersView:116 -        *      Rank 4 : false
2025-09-07 14:18:08,390 [INFO] ADCParametersView:116 -        *      Rank 5 : false
2025-09-07 14:18:08,390 [INFO] ADCParametersView:116 -        *      Rank 6 : false
2025-09-07 14:18:08,390 [INFO] ADCParametersView:116 -                Rank 1 : true
2025-09-07 14:18:08,390 [INFO] ADCParametersView:116 -        *      Rank 2 : false
2025-09-07 14:18:08,390 [INFO] ADCParametersView:116 -        *      Rank 3 : false
2025-09-07 14:18:08,390 [INFO] ADCParametersView:116 -        *      Rank 4 : false
2025-09-07 14:18:08,390 [INFO] ADCParametersView:116 -        *      Rank 5 : false
2025-09-07 14:18:08,390 [INFO] ADCParametersView:116 -        *      Rank 6 : false
2025-09-07 14:18:08,390 [INFO] ADCParametersView:116 -                Rank 1 : true
2025-09-07 14:18:08,390 [INFO] ADCParametersView:116 -        *      Rank 2 : false
2025-09-07 14:18:08,390 [INFO] ADCParametersView:116 -        *      Rank 3 : false
2025-09-07 14:18:08,390 [INFO] ADCParametersView:116 -        *      Rank 4 : false
2025-09-07 14:18:08,390 [INFO] ADCParametersView:116 -        *      Rank 5 : false
2025-09-07 14:18:08,390 [INFO] ADCParametersView:116 -        *      Rank 6 : false
2025-09-07 14:18:08,390 [INFO] ADCParametersView:116 -                Rank 1 : true
2025-09-07 14:18:08,390 [INFO] ADCParametersView:116 -        *      Rank 2 : false
2025-09-07 14:18:08,390 [INFO] ADCParametersView:116 -        *      Rank 3 : false
2025-09-07 14:18:08,390 [INFO] ADCParametersView:116 -        *      Rank 4 : false
2025-09-07 14:18:08,390 [INFO] ADCParametersView:116 -        *      Rank 5 : false
2025-09-07 14:18:08,390 [INFO] ADCParametersView:116 -        *      Rank 6 : false
2025-09-07 14:18:08,390 [INFO] ADCParametersView:116 -                Rank 1 : true
2025-09-07 14:18:08,390 [INFO] ADCParametersView:116 -        *      Rank 2 : false
2025-09-07 14:18:08,390 [INFO] ADCParametersView:116 -        *      Rank 3 : false
2025-09-07 14:18:08,390 [INFO] ADCParametersView:116 -        *      Rank 4 : false
2025-09-07 14:18:08,390 [INFO] ADCParametersView:116 -        *      Rank 5 : false
2025-09-07 14:18:08,391 [INFO] ADCParametersView:116 -        *      Rank 6 : false
2025-09-07 14:18:08,391 [INFO] ADCParametersView:116 -                Rank 1 : true
2025-09-07 14:18:08,391 [INFO] ADCParametersView:116 -        *      Rank 2 : false
2025-09-07 14:18:08,391 [INFO] ADCParametersView:116 -        *      Rank 3 : false
2025-09-07 14:18:08,391 [INFO] ADCParametersView:116 -        *      Rank 4 : false
2025-09-07 14:18:08,391 [INFO] ADCParametersView:116 -        *      Rank 5 : false
2025-09-07 14:18:08,391 [INFO] ADCParametersView:116 -        *      Rank 6 : false
2025-09-07 14:18:08,391 [INFO] ADCParametersView:116 -                Rank 1 : true
2025-09-07 14:18:08,391 [INFO] ADCParametersView:116 -        *      Rank 2 : false
2025-09-07 14:18:08,391 [INFO] ADCParametersView:116 -        *      Rank 3 : false
2025-09-07 14:18:08,391 [INFO] ADCParametersView:116 -        *      Rank 4 : false
2025-09-07 14:18:08,391 [INFO] ADCParametersView:116 -        *      Rank 5 : false
2025-09-07 14:18:08,391 [INFO] ADCParametersView:116 -        *      Rank 6 : false
2025-09-07 14:18:08,391 [INFO] ADCParametersView:116 -                Rank 1 : true
2025-09-07 14:18:08,391 [INFO] ADCParametersView:116 -        *      Rank 2 : false
2025-09-07 14:18:08,391 [INFO] ADCParametersView:116 -        *      Rank 3 : false
2025-09-07 14:18:08,391 [INFO] ADCParametersView:116 -        *      Rank 4 : false
2025-09-07 14:18:08,391 [INFO] ADCParametersView:116 -        *      Rank 5 : false
2025-09-07 14:18:08,391 [INFO] ADCParametersView:116 -        *      Rank 6 : false
2025-09-07 14:18:08,391 [INFO] ADCParametersView:116 -                Rank 1 : true
2025-09-07 14:18:08,391 [INFO] ADCParametersView:116 -        *      Rank 2 : false
2025-09-07 14:18:08,391 [INFO] ADCParametersView:116 -        *      Rank 3 : false
2025-09-07 14:18:08,391 [INFO] ADCParametersView:116 -        *      Rank 4 : false
2025-09-07 14:18:08,391 [INFO] ADCParametersView:116 -        *      Rank 5 : false
2025-09-07 14:18:08,391 [INFO] ADCParametersView:116 -        *      Rank 6 : false
2025-09-07 14:18:08,391 [INFO] ADCParametersView:116 -                Rank 1 : true
2025-09-07 14:18:08,391 [INFO] ADCParametersView:116 -        *      Rank 2 : false
2025-09-07 14:18:08,391 [INFO] ADCParametersView:116 -        *      Rank 3 : false
2025-09-07 14:18:08,391 [INFO] ADCParametersView:116 -        *      Rank 4 : false
2025-09-07 14:18:08,391 [INFO] ADCParametersView:116 -        *      Rank 5 : false
2025-09-07 14:18:08,391 [INFO] ADCParametersView:116 -        *      Rank 6 : false
2025-09-07 14:18:08,391 [INFO] ADCParametersView:116 -                Rank 1 : true
2025-09-07 14:18:08,391 [INFO] ADCParametersView:116 -        *      Rank 2 : false
2025-09-07 14:18:08,391 [INFO] ADCParametersView:116 -        *      Rank 3 : false
2025-09-07 14:18:08,391 [INFO] ADCParametersView:116 -        *      Rank 4 : false
2025-09-07 14:18:08,391 [INFO] ADCParametersView:116 -        *      Rank 5 : false
2025-09-07 14:18:08,392 [INFO] ADCParametersView:116 -        *      Rank 6 : false
2025-09-07 14:18:08,392 [INFO] ADCParametersView:116 -                Rank 1 : true
2025-09-07 14:18:08,392 [INFO] ADCParametersView:116 -        *      Rank 2 : false
2025-09-07 14:18:08,392 [INFO] ADCParametersView:116 -        *      Rank 3 : false
2025-09-07 14:18:08,392 [INFO] ADCParametersView:116 -        *      Rank 4 : false
2025-09-07 14:18:08,392 [INFO] ADCParametersView:116 -        *      Rank 5 : false
2025-09-07 14:18:08,392 [INFO] ADCParametersView:116 -        *      Rank 6 : false
2025-09-07 14:18:08,392 [INFO] ADCParametersView:116 -                Rank 1 : true
2025-09-07 14:18:08,392 [INFO] ADCParametersView:116 -        *      Rank 2 : false
2025-09-07 14:18:08,392 [INFO] ADCParametersView:116 -        *      Rank 3 : false
2025-09-07 14:18:08,392 [INFO] ADCParametersView:116 -        *      Rank 4 : false
2025-09-07 14:18:08,392 [INFO] ADCParametersView:116 -        *      Rank 5 : false
2025-09-07 14:18:08,392 [INFO] ADCParametersView:116 -        *      Rank 6 : false
2025-09-07 14:18:08,392 [INFO] ADCParametersView:116 -        *      Rank 2 : false
2025-09-07 14:18:08,392 [INFO] ADCParametersView:116 -        *      Rank 3 : false
2025-09-07 14:18:08,392 [INFO] ADCParametersView:116 -        *      Rank 4 : false
2025-09-07 14:18:08,392 [INFO] ADCParametersView:116 -        *      Rank 5 : false
2025-09-07 14:18:08,392 [INFO] ADCParametersView:116 -        *      Rank 6 : false
2025-09-07 14:18:08,392 [INFO] ADCParametersView:116 -        *      Rank 3 : false
2025-09-07 14:18:08,392 [INFO] ADCParametersView:116 -        *      Rank 4 : false
2025-09-07 14:18:08,392 [INFO] ADCParametersView:116 -        *      Rank 5 : false
2025-09-07 14:18:08,392 [INFO] ADCParametersView:116 -        *      Rank 6 : false
2025-09-07 14:18:08,392 [INFO] ADCParametersView:116 -        *      Rank 4 : false
2025-09-07 14:18:08,392 [INFO] ADCParametersView:116 -        *      Rank 5 : false
2025-09-07 14:18:08,392 [INFO] ADCParametersView:116 -        *      Rank 6 : false
2025-09-07 14:18:08,392 [INFO] ADCParametersView:116 -        *      Rank 5 : false
2025-09-07 14:18:08,392 [INFO] ADCParametersView:116 -        *      Rank 6 : false
2025-09-07 14:18:08,392 [INFO] ADCParametersView:116 -        *      Rank 6 : false
2025-09-07 14:18:08,419 [INFO] ADCParametersView:116 -                Rank 1 : true
2025-09-07 14:18:08,419 [INFO] ADCParametersView:116 -                Rank 1 : true
2025-09-07 14:18:08,419 [INFO] ADCParametersView:116 -                Rank 2 : false
2025-09-07 14:18:08,420 [INFO] ADCParametersView:116 -                Rank 1 : true
2025-09-07 14:18:08,420 [INFO] ADCParametersView:116 -                Rank 2 : false
2025-09-07 14:18:08,420 [INFO] ADCParametersView:116 -                Rank 3 : false
2025-09-07 14:18:08,420 [INFO] ADCParametersView:116 -                Rank 1 : true
2025-09-07 14:18:08,420 [INFO] ADCParametersView:116 -                Rank 2 : false
2025-09-07 14:18:08,420 [INFO] ADCParametersView:116 -                Rank 3 : false
2025-09-07 14:18:08,420 [INFO] ADCParametersView:116 -                Rank 4 : false
2025-09-07 14:18:08,420 [INFO] ADCParametersView:116 -                Rank 1 : true
2025-09-07 14:18:08,420 [INFO] ADCParametersView:116 -                Rank 2 : false
2025-09-07 14:18:08,420 [INFO] ADCParametersView:116 -                Rank 3 : false
2025-09-07 14:18:08,420 [INFO] ADCParametersView:116 -                Rank 4 : false
2025-09-07 14:18:08,420 [INFO] ADCParametersView:116 -                Rank 5 : false
2025-09-07 14:18:08,420 [INFO] ADCParametersView:116 -                Rank 1 : true
2025-09-07 14:18:08,420 [INFO] ADCParametersView:116 -                Rank 2 : false
2025-09-07 14:18:08,422 [INFO] ADCParametersView:116 -                Rank 3 : false
2025-09-07 14:18:08,422 [INFO] ADCParametersView:116 -                Rank 4 : false
2025-09-07 14:18:08,422 [INFO] ADCParametersView:116 -                Rank 5 : false
2025-09-07 14:18:08,422 [INFO] ADCParametersView:116 -                Rank 6 : false
2025-09-07 14:18:08,428 [INFO] SpinnerEditorADC:65 - is string kkkk
2025-09-07 14:18:08,441 [INFO] ADCParametersView:116 -                Rank 1 : true
2025-09-07 14:18:08,441 [INFO] ADCParametersView:116 -                Rank 2 : false
2025-09-07 14:18:08,441 [INFO] ADCParametersView:116 -                Rank 3 : false
2025-09-07 14:18:08,441 [INFO] ADCParametersView:116 -                Rank 4 : false
2025-09-07 14:18:08,441 [INFO] ADCParametersView:116 -                Rank 5 : false
2025-09-07 14:18:08,441 [INFO] ADCParametersView:116 -                Rank 6 : false
2025-09-07 14:18:08,443 [INFO] ADCParametersView:116 -                Rank 1 : true
2025-09-07 14:18:08,443 [INFO] ADCParametersView:116 -                Rank 2 : false
2025-09-07 14:18:08,443 [INFO] ADCParametersView:116 -                Rank 3 : false
2025-09-07 14:18:08,443 [INFO] ADCParametersView:116 -                Rank 4 : false
2025-09-07 14:18:08,443 [INFO] ADCParametersView:116 -                Rank 5 : false
2025-09-07 14:18:08,443 [INFO] ADCParametersView:116 -                Rank 6 : false
2025-09-07 14:18:08,443 [INFO] ADCParametersView:116 -                Rank 1 : true
2025-09-07 14:18:08,443 [INFO] ADCParametersView:116 -                Rank 2 : false
2025-09-07 14:18:08,443 [INFO] ADCParametersView:116 -                Rank 3 : false
2025-09-07 14:18:08,443 [INFO] ADCParametersView:116 -                Rank 4 : false
2025-09-07 14:18:08,443 [INFO] ADCParametersView:116 -                Rank 5 : false
2025-09-07 14:18:08,443 [INFO] ADCParametersView:116 -                Rank 6 : false
2025-09-07 14:18:08,445 [INFO] ADCParametersView:116 -                Rank 1 : true
2025-09-07 14:18:08,445 [INFO] ADCParametersView:116 -                Rank 2 : false
2025-09-07 14:18:08,445 [INFO] ADCParametersView:116 -                Rank 3 : false
2025-09-07 14:18:08,445 [INFO] ADCParametersView:116 -                Rank 4 : false
2025-09-07 14:18:08,445 [INFO] ADCParametersView:116 -                Rank 5 : false
2025-09-07 14:18:08,445 [INFO] ADCParametersView:116 -                Rank 6 : false
2025-09-07 14:18:08,445 [INFO] ADCParametersView:116 -                Rank 1 : true
2025-09-07 14:18:08,445 [INFO] ADCParametersView:116 -                Rank 2 : false
2025-09-07 14:18:08,445 [INFO] ADCParametersView:116 -                Rank 3 : false
2025-09-07 14:18:08,445 [INFO] ADCParametersView:116 -                Rank 4 : false
2025-09-07 14:18:08,445 [INFO] ADCParametersView:116 -                Rank 5 : false
2025-09-07 14:18:08,445 [INFO] ADCParametersView:116 -                Rank 6 : false
2025-09-07 14:18:08,445 [INFO] ADCParametersView:116 -                Rank 1 : true
2025-09-07 14:18:08,445 [INFO] ADCParametersView:116 -                Rank 2 : false
2025-09-07 14:18:08,445 [INFO] ADCParametersView:116 -                Rank 3 : false
2025-09-07 14:18:08,445 [INFO] ADCParametersView:116 -                Rank 4 : false
2025-09-07 14:18:08,445 [INFO] ADCParametersView:116 -                Rank 5 : false
2025-09-07 14:18:08,445 [INFO] ADCParametersView:116 -                Rank 6 : false
2025-09-07 14:18:08,445 [INFO] ADCParametersView:116 -                Rank 1 : true
2025-09-07 14:18:08,445 [INFO] ADCParametersView:116 -                Rank 2 : false
2025-09-07 14:18:08,445 [INFO] ADCParametersView:116 -                Rank 3 : false
2025-09-07 14:18:08,445 [INFO] ADCParametersView:116 -                Rank 4 : false
2025-09-07 14:18:08,445 [INFO] ADCParametersView:116 -                Rank 5 : false
2025-09-07 14:18:08,445 [INFO] ADCParametersView:116 -                Rank 6 : false
2025-09-07 14:18:08,446 [INFO] ADCParametersView:116 -                Rank 1 : true
2025-09-07 14:18:08,446 [INFO] ADCParametersView:116 -                Rank 2 : false
2025-09-07 14:18:08,446 [INFO] ADCParametersView:116 -                Rank 3 : false
2025-09-07 14:18:08,446 [INFO] ADCParametersView:116 -                Rank 4 : false
2025-09-07 14:18:08,446 [INFO] ADCParametersView:116 -                Rank 5 : false
2025-09-07 14:18:08,446 [INFO] ADCParametersView:116 -                Rank 6 : false
2025-09-07 14:18:08,446 [INFO] ADCParametersView:116 -                Rank 1 : true
2025-09-07 14:18:08,446 [INFO] ADCParametersView:116 -                Rank 2 : false
2025-09-07 14:18:08,446 [INFO] ADCParametersView:116 -                Rank 3 : false
2025-09-07 14:18:08,446 [INFO] ADCParametersView:116 -                Rank 4 : false
2025-09-07 14:18:08,446 [INFO] ADCParametersView:116 -                Rank 5 : false
2025-09-07 14:18:08,446 [INFO] ADCParametersView:116 -                Rank 6 : false
2025-09-07 14:18:08,446 [INFO] ADCParametersView:116 -                Rank 1 : true
2025-09-07 14:18:08,446 [INFO] ADCParametersView:116 -                Rank 2 : false
2025-09-07 14:18:08,446 [INFO] ADCParametersView:116 -                Rank 3 : false
2025-09-07 14:18:08,446 [INFO] ADCParametersView:116 -                Rank 4 : false
2025-09-07 14:18:08,446 [INFO] ADCParametersView:116 -                Rank 5 : false
2025-09-07 14:18:08,446 [INFO] ADCParametersView:116 -                Rank 6 : false
2025-09-07 14:18:08,446 [INFO] ADCParametersView:116 -                Rank 1 : true
2025-09-07 14:18:08,446 [INFO] ADCParametersView:116 -                Rank 2 : false
2025-09-07 14:18:08,446 [INFO] ADCParametersView:116 -                Rank 3 : false
2025-09-07 14:18:08,446 [INFO] ADCParametersView:116 -                Rank 4 : false
2025-09-07 14:18:08,446 [INFO] ADCParametersView:116 -                Rank 5 : false
2025-09-07 14:18:08,446 [INFO] ADCParametersView:116 -                Rank 6 : false
2025-09-07 14:18:08,446 [INFO] ADCParametersView:116 -                Rank 1 : true
2025-09-07 14:18:08,446 [INFO] ADCParametersView:116 -                Rank 2 : false
2025-09-07 14:18:08,446 [INFO] ADCParametersView:116 -                Rank 3 : false
2025-09-07 14:18:08,446 [INFO] ADCParametersView:116 -                Rank 4 : false
2025-09-07 14:18:08,446 [INFO] ADCParametersView:116 -                Rank 5 : false
2025-09-07 14:18:08,446 [INFO] ADCParametersView:116 -                Rank 6 : false
2025-09-07 14:18:08,446 [INFO] ADCParametersView:116 -                Rank 1 : true
2025-09-07 14:18:08,446 [INFO] ADCParametersView:116 -                Rank 2 : false
2025-09-07 14:18:08,446 [INFO] ADCParametersView:116 -                Rank 3 : false
2025-09-07 14:18:08,446 [INFO] ADCParametersView:116 -                Rank 4 : false
2025-09-07 14:18:08,446 [INFO] ADCParametersView:116 -                Rank 5 : false
2025-09-07 14:18:08,446 [INFO] ADCParametersView:116 -                Rank 6 : false
2025-09-07 14:18:08,447 [INFO] ADCParametersView:116 -                Rank 1 : true
2025-09-07 14:18:08,447 [INFO] ADCParametersView:116 -                Rank 2 : false
2025-09-07 14:18:08,447 [INFO] ADCParametersView:116 -                Rank 3 : false
2025-09-07 14:18:08,447 [INFO] ADCParametersView:116 -                Rank 4 : false
2025-09-07 14:18:08,447 [INFO] ADCParametersView:116 -                Rank 5 : false
2025-09-07 14:18:08,447 [INFO] ADCParametersView:116 -                Rank 6 : false
2025-09-07 14:18:08,447 [INFO] ADCParametersView:116 -                Rank 1 : true
2025-09-07 14:18:08,447 [INFO] ADCParametersView:116 -                Rank 2 : false
2025-09-07 14:18:08,447 [INFO] ADCParametersView:116 -                Rank 3 : false
2025-09-07 14:18:08,447 [INFO] ADCParametersView:116 -                Rank 4 : false
2025-09-07 14:18:08,447 [INFO] ADCParametersView:116 -                Rank 5 : false
2025-09-07 14:18:08,447 [INFO] ADCParametersView:116 -                Rank 6 : false
2025-09-07 14:18:08,447 [INFO] ADCParametersView:116 -                Rank 1 : true
2025-09-07 14:18:08,447 [INFO] ADCParametersView:116 -                Rank 2 : false
2025-09-07 14:18:08,447 [INFO] ADCParametersView:116 -                Rank 3 : false
2025-09-07 14:18:08,447 [INFO] ADCParametersView:116 -                Rank 4 : false
2025-09-07 14:18:08,447 [INFO] ADCParametersView:116 -                Rank 5 : false
2025-09-07 14:18:08,447 [INFO] ADCParametersView:116 -                Rank 6 : false
2025-09-07 14:18:08,447 [INFO] ADCParametersView:116 -                Rank 1 : true
2025-09-07 14:18:08,447 [INFO] ADCParametersView:116 -                Rank 2 : false
2025-09-07 14:18:08,447 [INFO] ADCParametersView:116 -                Rank 3 : false
2025-09-07 14:18:08,447 [INFO] ADCParametersView:116 -                Rank 4 : false
2025-09-07 14:18:08,447 [INFO] ADCParametersView:116 -                Rank 5 : false
2025-09-07 14:18:08,447 [INFO] ADCParametersView:116 -                Rank 6 : false
2025-09-07 14:18:08,447 [INFO] ADCParametersView:116 -                Rank 1 : true
2025-09-07 14:18:08,447 [INFO] ADCParametersView:116 -                Rank 2 : false
2025-09-07 14:18:08,447 [INFO] ADCParametersView:116 -                Rank 3 : false
2025-09-07 14:18:08,447 [INFO] ADCParametersView:116 -                Rank 4 : false
2025-09-07 14:18:08,447 [INFO] ADCParametersView:116 -                Rank 5 : false
2025-09-07 14:18:08,447 [INFO] ADCParametersView:116 -                Rank 6 : false
2025-09-07 14:18:08,447 [INFO] ADCParametersView:116 -                Rank 1 : true
2025-09-07 14:18:08,447 [INFO] ADCParametersView:116 -                Rank 2 : false
2025-09-07 14:18:08,447 [INFO] ADCParametersView:116 -                Rank 3 : false
2025-09-07 14:18:08,447 [INFO] ADCParametersView:116 -                Rank 4 : false
2025-09-07 14:18:08,448 [INFO] ADCParametersView:116 -                Rank 5 : false
2025-09-07 14:18:08,448 [INFO] ADCParametersView:116 -                Rank 6 : false
2025-09-07 14:18:08,448 [INFO] ADCParametersView:116 -                Rank 1 : true
2025-09-07 14:18:08,448 [INFO] ADCParametersView:116 -                Rank 2 : false
2025-09-07 14:18:08,448 [INFO] ADCParametersView:116 -                Rank 3 : false
2025-09-07 14:18:08,448 [INFO] ADCParametersView:116 -                Rank 4 : false
2025-09-07 14:18:08,448 [INFO] ADCParametersView:116 -                Rank 5 : false
2025-09-07 14:18:08,448 [INFO] ADCParametersView:116 -                Rank 6 : false
2025-09-07 14:18:08,448 [INFO] ADCParametersView:116 -                Rank 1 : true
2025-09-07 14:18:08,448 [INFO] ADCParametersView:116 -                Rank 2 : false
2025-09-07 14:18:08,448 [INFO] ADCParametersView:116 -                Rank 3 : false
2025-09-07 14:18:08,448 [INFO] ADCParametersView:116 -                Rank 4 : false
2025-09-07 14:18:08,448 [INFO] ADCParametersView:116 -                Rank 5 : false
2025-09-07 14:18:08,448 [INFO] ADCParametersView:116 -                Rank 6 : false
2025-09-07 14:18:08,448 [INFO] ADCParametersView:116 -                Rank 2 : false
2025-09-07 14:18:08,448 [INFO] ADCParametersView:116 -                Rank 3 : false
2025-09-07 14:18:08,448 [INFO] ADCParametersView:116 -                Rank 4 : false
2025-09-07 14:18:08,448 [INFO] ADCParametersView:116 -                Rank 5 : false
2025-09-07 14:18:08,448 [INFO] ADCParametersView:116 -                Rank 6 : false
2025-09-07 14:18:08,448 [INFO] ADCParametersView:116 -                Rank 3 : false
2025-09-07 14:18:08,448 [INFO] ADCParametersView:116 -                Rank 4 : false
2025-09-07 14:18:08,448 [INFO] ADCParametersView:116 -                Rank 5 : false
2025-09-07 14:18:08,448 [INFO] ADCParametersView:116 -                Rank 6 : false
2025-09-07 14:18:08,448 [INFO] ADCParametersView:116 -                Rank 4 : false
2025-09-07 14:18:08,448 [INFO] ADCParametersView:116 -                Rank 5 : false
2025-09-07 14:18:08,448 [INFO] ADCParametersView:116 -                Rank 6 : false
2025-09-07 14:18:08,448 [INFO] ADCParametersView:116 -                Rank 5 : false
2025-09-07 14:18:08,448 [INFO] ADCParametersView:116 -                Rank 6 : false
2025-09-07 14:18:08,448 [INFO] ADCParametersView:116 -                Rank 6 : false
2025-09-07 14:18:08,478 [INFO] ADCParametersView:116 -                Rank 1 : true
2025-09-07 14:18:08,478 [INFO] ADCParametersView:116 -                Rank 1 : true
2025-09-07 14:18:08,478 [INFO] ADCParametersView:116 -                Rank 2 : false
2025-09-07 14:18:08,478 [INFO] ADCParametersView:116 -                Rank 1 : true
2025-09-07 14:18:08,478 [INFO] ADCParametersView:116 -                Rank 2 : false
2025-09-07 14:18:08,478 [INFO] ADCParametersView:116 -                Rank 3 : false
2025-09-07 14:18:08,478 [INFO] ADCParametersView:116 -                Rank 1 : true
2025-09-07 14:18:08,478 [INFO] ADCParametersView:116 -                Rank 2 : false
2025-09-07 14:18:08,478 [INFO] ADCParametersView:116 -                Rank 3 : false
2025-09-07 14:18:08,478 [INFO] ADCParametersView:116 -                Rank 4 : false
2025-09-07 14:18:08,479 [INFO] ADCParametersView:116 -                Rank 1 : true
2025-09-07 14:18:08,479 [INFO] ADCParametersView:116 -                Rank 2 : false
2025-09-07 14:18:08,479 [INFO] ADCParametersView:116 -                Rank 3 : false
2025-09-07 14:18:08,479 [INFO] ADCParametersView:116 -                Rank 4 : false
2025-09-07 14:18:08,479 [INFO] ADCParametersView:116 -                Rank 5 : false
2025-09-07 14:18:08,479 [INFO] ADCParametersView:116 -                Rank 1 : true
2025-09-07 14:18:08,479 [INFO] ADCParametersView:116 -                Rank 2 : false
2025-09-07 14:18:08,479 [INFO] ADCParametersView:116 -                Rank 3 : false
2025-09-07 14:18:08,479 [INFO] ADCParametersView:116 -                Rank 4 : false
2025-09-07 14:18:08,479 [INFO] ADCParametersView:116 -                Rank 5 : false
2025-09-07 14:18:08,479 [INFO] ADCParametersView:116 -                Rank 6 : false
2025-09-07 14:18:09,854 [INFO] SpinnerEditorADC:65 - is string kkkk
2025-09-07 14:18:18,443 [INFO] NvicIntPanel:101 - NVIC parent = com.st.microxplorer.plugins.ip.nvic.MultiNvicIntPanel[,0,0,0x0,invalid,layout=javax.swing.BoxLayout,alignmentX=0.0,alignmentY=0.0,border=,flags=9,maximumSize=,minimumSize=,preferredSize=]
2025-09-07 14:18:18,464 [INFO] ADCParametersView:116 -                Rank 1 : true
2025-09-07 14:18:18,464 [INFO] ADCParametersView:116 -                Rank 2 : false
2025-09-07 14:18:18,464 [INFO] ADCParametersView:116 -                Rank 3 : false
2025-09-07 14:18:18,464 [INFO] ADCParametersView:116 -                Rank 4 : false
2025-09-07 14:18:18,464 [INFO] ADCParametersView:116 -                Rank 5 : false
2025-09-07 14:18:18,464 [INFO] ADCParametersView:116 -                Rank 6 : false
2025-09-07 14:18:18,465 [INFO] ADCParametersView:116 -                Rank 1 : true
2025-09-07 14:18:18,465 [INFO] ADCParametersView:116 -                Rank 2 : false
2025-09-07 14:18:18,465 [INFO] ADCParametersView:116 -                Rank 3 : false
2025-09-07 14:18:18,465 [INFO] ADCParametersView:116 -                Rank 4 : false
2025-09-07 14:18:18,465 [INFO] ADCParametersView:116 -                Rank 5 : false
2025-09-07 14:18:18,465 [INFO] ADCParametersView:116 -                Rank 6 : false
2025-09-07 14:18:18,465 [INFO] ADCParametersView:116 -                Rank 1 : true
2025-09-07 14:18:18,465 [INFO] ADCParametersView:116 -                Rank 2 : false
2025-09-07 14:18:18,465 [INFO] ADCParametersView:116 -                Rank 3 : false
2025-09-07 14:18:18,465 [INFO] ADCParametersView:116 -                Rank 4 : false
2025-09-07 14:18:18,465 [INFO] ADCParametersView:116 -                Rank 5 : false
2025-09-07 14:18:18,465 [INFO] ADCParametersView:116 -                Rank 6 : false
2025-09-07 14:18:18,465 [INFO] ADCParametersView:116 -                Rank 1 : true
2025-09-07 14:18:18,465 [INFO] ADCParametersView:116 -                Rank 2 : false
2025-09-07 14:18:18,465 [INFO] ADCParametersView:116 -                Rank 3 : false
2025-09-07 14:18:18,465 [INFO] ADCParametersView:116 -                Rank 4 : false
2025-09-07 14:18:18,465 [INFO] ADCParametersView:116 -                Rank 5 : false
2025-09-07 14:18:18,465 [INFO] ADCParametersView:116 -                Rank 6 : false
2025-09-07 14:18:18,465 [INFO] ADCParametersView:116 -                Rank 1 : true
2025-09-07 14:18:18,465 [INFO] ADCParametersView:116 -                Rank 2 : false
2025-09-07 14:18:18,465 [INFO] ADCParametersView:116 -                Rank 3 : false
2025-09-07 14:18:18,465 [INFO] ADCParametersView:116 -                Rank 4 : false
2025-09-07 14:18:18,465 [INFO] ADCParametersView:116 -                Rank 5 : false
2025-09-07 14:18:18,465 [INFO] ADCParametersView:116 -                Rank 6 : false
2025-09-07 14:18:18,465 [INFO] ADCParametersView:116 -                Rank 1 : true
2025-09-07 14:18:18,465 [INFO] ADCParametersView:116 -                Rank 2 : false
2025-09-07 14:18:18,465 [INFO] ADCParametersView:116 -                Rank 3 : false
2025-09-07 14:18:18,465 [INFO] ADCParametersView:116 -                Rank 4 : false
2025-09-07 14:18:18,465 [INFO] ADCParametersView:116 -                Rank 5 : false
2025-09-07 14:18:18,465 [INFO] ADCParametersView:116 -                Rank 6 : false
2025-09-07 14:18:18,466 [INFO] ADCParametersView:116 -                Rank 1 : true
2025-09-07 14:18:18,466 [INFO] ADCParametersView:116 -                Rank 2 : false
2025-09-07 14:18:18,466 [INFO] ADCParametersView:116 -                Rank 3 : false
2025-09-07 14:18:18,466 [INFO] ADCParametersView:116 -                Rank 4 : false
2025-09-07 14:18:18,466 [INFO] ADCParametersView:116 -                Rank 5 : false
2025-09-07 14:18:18,466 [INFO] ADCParametersView:116 -                Rank 6 : false
2025-09-07 14:18:18,466 [INFO] ADCParametersView:116 -                Rank 1 : true
2025-09-07 14:18:18,466 [INFO] ADCParametersView:116 -                Rank 2 : false
2025-09-07 14:18:18,466 [INFO] ADCParametersView:116 -                Rank 3 : false
2025-09-07 14:18:18,466 [INFO] ADCParametersView:116 -                Rank 4 : false
2025-09-07 14:18:18,466 [INFO] ADCParametersView:116 -                Rank 5 : false
2025-09-07 14:18:18,466 [INFO] ADCParametersView:116 -                Rank 6 : false
2025-09-07 14:18:18,466 [INFO] ADCParametersView:116 -                Rank 1 : true
2025-09-07 14:18:18,466 [INFO] ADCParametersView:116 -                Rank 2 : false
2025-09-07 14:18:18,466 [INFO] ADCParametersView:116 -                Rank 3 : false
2025-09-07 14:18:18,466 [INFO] ADCParametersView:116 -                Rank 4 : false
2025-09-07 14:18:18,466 [INFO] ADCParametersView:116 -                Rank 5 : false
2025-09-07 14:18:18,466 [INFO] ADCParametersView:116 -                Rank 6 : false
2025-09-07 14:18:18,466 [INFO] ADCParametersView:116 -                Rank 1 : true
2025-09-07 14:18:18,466 [INFO] ADCParametersView:116 -                Rank 2 : false
2025-09-07 14:18:18,466 [INFO] ADCParametersView:116 -                Rank 3 : false
2025-09-07 14:18:18,467 [INFO] ADCParametersView:116 -                Rank 4 : false
2025-09-07 14:18:18,467 [INFO] ADCParametersView:116 -                Rank 5 : false
2025-09-07 14:18:18,467 [INFO] ADCParametersView:116 -                Rank 6 : false
2025-09-07 14:18:18,467 [INFO] ADCParametersView:116 -                Rank 1 : true
2025-09-07 14:18:18,467 [INFO] ADCParametersView:116 -                Rank 2 : false
2025-09-07 14:18:18,467 [INFO] ADCParametersView:116 -                Rank 3 : false
2025-09-07 14:18:18,467 [INFO] ADCParametersView:116 -                Rank 4 : false
2025-09-07 14:18:18,467 [INFO] ADCParametersView:116 -                Rank 5 : false
2025-09-07 14:18:18,467 [INFO] ADCParametersView:116 -                Rank 6 : false
2025-09-07 14:18:18,467 [INFO] ADCParametersView:116 -                Rank 1 : true
2025-09-07 14:18:18,467 [INFO] ADCParametersView:116 -                Rank 2 : false
2025-09-07 14:18:18,467 [INFO] ADCParametersView:116 -                Rank 3 : false
2025-09-07 14:18:18,467 [INFO] ADCParametersView:116 -                Rank 4 : false
2025-09-07 14:18:18,467 [INFO] ADCParametersView:116 -                Rank 5 : false
2025-09-07 14:18:18,467 [INFO] ADCParametersView:116 -                Rank 6 : false
2025-09-07 14:18:18,467 [INFO] ADCParametersView:116 -                Rank 1 : true
2025-09-07 14:18:18,467 [INFO] ADCParametersView:116 -                Rank 2 : false
2025-09-07 14:18:18,467 [INFO] ADCParametersView:116 -                Rank 3 : false
2025-09-07 14:18:18,467 [INFO] ADCParametersView:116 -                Rank 4 : false
2025-09-07 14:18:18,467 [INFO] ADCParametersView:116 -                Rank 5 : false
2025-09-07 14:18:18,467 [INFO] ADCParametersView:116 -                Rank 6 : false
2025-09-07 14:18:18,467 [INFO] ADCParametersView:116 -                Rank 1 : true
2025-09-07 14:18:18,467 [INFO] ADCParametersView:116 -                Rank 2 : false
2025-09-07 14:18:18,467 [INFO] ADCParametersView:116 -                Rank 3 : false
2025-09-07 14:18:18,467 [INFO] ADCParametersView:116 -                Rank 4 : false
2025-09-07 14:18:18,467 [INFO] ADCParametersView:116 -                Rank 5 : false
2025-09-07 14:18:18,467 [INFO] ADCParametersView:116 -                Rank 6 : false
2025-09-07 14:18:18,467 [INFO] ADCParametersView:116 -                Rank 1 : true
2025-09-07 14:18:18,467 [INFO] ADCParametersView:116 -                Rank 2 : false
2025-09-07 14:18:18,467 [INFO] ADCParametersView:116 -                Rank 3 : false
2025-09-07 14:18:18,467 [INFO] ADCParametersView:116 -                Rank 4 : false
2025-09-07 14:18:18,467 [INFO] ADCParametersView:116 -                Rank 5 : false
2025-09-07 14:18:18,467 [INFO] ADCParametersView:116 -                Rank 6 : false
2025-09-07 14:18:18,467 [INFO] ADCParametersView:116 -                Rank 1 : true
2025-09-07 14:18:18,467 [INFO] ADCParametersView:116 -                Rank 2 : false
2025-09-07 14:18:18,467 [INFO] ADCParametersView:116 -                Rank 3 : false
2025-09-07 14:18:18,467 [INFO] ADCParametersView:116 -                Rank 4 : false
2025-09-07 14:18:18,467 [INFO] ADCParametersView:116 -                Rank 5 : false
2025-09-07 14:18:18,467 [INFO] ADCParametersView:116 -                Rank 6 : false
2025-09-07 14:18:18,468 [INFO] ADCParametersView:116 -                Rank 1 : true
2025-09-07 14:18:18,468 [INFO] ADCParametersView:116 -                Rank 2 : false
2025-09-07 14:18:18,468 [INFO] ADCParametersView:116 -                Rank 3 : false
2025-09-07 14:18:18,468 [INFO] ADCParametersView:116 -                Rank 4 : false
2025-09-07 14:18:18,468 [INFO] ADCParametersView:116 -                Rank 5 : false
2025-09-07 14:18:18,468 [INFO] ADCParametersView:116 -                Rank 6 : false
2025-09-07 14:18:18,468 [INFO] ADCParametersView:116 -                Rank 1 : true
2025-09-07 14:18:18,468 [INFO] ADCParametersView:116 -                Rank 2 : false
2025-09-07 14:18:18,468 [INFO] ADCParametersView:116 -                Rank 3 : false
2025-09-07 14:18:18,468 [INFO] ADCParametersView:116 -                Rank 4 : false
2025-09-07 14:18:18,468 [INFO] ADCParametersView:116 -                Rank 5 : false
2025-09-07 14:18:18,468 [INFO] ADCParametersView:116 -                Rank 6 : false
2025-09-07 14:18:18,468 [INFO] ADCParametersView:116 -                Rank 1 : true
2025-09-07 14:18:18,468 [INFO] ADCParametersView:116 -                Rank 2 : false
2025-09-07 14:18:18,468 [INFO] ADCParametersView:116 -                Rank 3 : false
2025-09-07 14:18:18,468 [INFO] ADCParametersView:116 -                Rank 4 : false
2025-09-07 14:18:18,468 [INFO] ADCParametersView:116 -                Rank 5 : false
2025-09-07 14:18:18,468 [INFO] ADCParametersView:116 -                Rank 6 : false
2025-09-07 14:18:18,468 [INFO] ADCParametersView:116 -                Rank 1 : true
2025-09-07 14:18:18,468 [INFO] ADCParametersView:116 -                Rank 2 : false
2025-09-07 14:18:18,468 [INFO] ADCParametersView:116 -                Rank 3 : false
2025-09-07 14:18:18,468 [INFO] ADCParametersView:116 -                Rank 4 : false
2025-09-07 14:18:18,468 [INFO] ADCParametersView:116 -                Rank 5 : false
2025-09-07 14:18:18,469 [INFO] ADCParametersView:116 -                Rank 6 : false
2025-09-07 14:18:18,469 [INFO] ADCParametersView:116 -                Rank 1 : true
2025-09-07 14:18:18,469 [INFO] ADCParametersView:116 -                Rank 2 : false
2025-09-07 14:18:18,469 [INFO] ADCParametersView:116 -                Rank 3 : false
2025-09-07 14:18:18,469 [INFO] ADCParametersView:116 -                Rank 4 : false
2025-09-07 14:18:18,469 [INFO] ADCParametersView:116 -                Rank 5 : false
2025-09-07 14:18:18,469 [INFO] ADCParametersView:116 -                Rank 6 : false
2025-09-07 14:18:18,469 [INFO] ADCParametersView:116 -                Rank 2 : false
2025-09-07 14:18:18,469 [INFO] ADCParametersView:116 -                Rank 3 : false
2025-09-07 14:18:18,469 [INFO] ADCParametersView:116 -                Rank 4 : false
2025-09-07 14:18:18,469 [INFO] ADCParametersView:116 -                Rank 5 : false
2025-09-07 14:18:18,469 [INFO] ADCParametersView:116 -                Rank 6 : false
2025-09-07 14:18:18,469 [INFO] ADCParametersView:116 -                Rank 3 : false
2025-09-07 14:18:18,469 [INFO] ADCParametersView:116 -                Rank 4 : false
2025-09-07 14:18:18,469 [INFO] ADCParametersView:116 -                Rank 5 : false
2025-09-07 14:18:18,469 [INFO] ADCParametersView:116 -                Rank 6 : false
2025-09-07 14:18:18,469 [INFO] ADCParametersView:116 -                Rank 4 : false
2025-09-07 14:18:18,469 [INFO] ADCParametersView:116 -                Rank 5 : false
2025-09-07 14:18:18,469 [INFO] ADCParametersView:116 -                Rank 6 : false
2025-09-07 14:18:18,469 [INFO] ADCParametersView:116 -                Rank 5 : false
2025-09-07 14:18:18,469 [INFO] ADCParametersView:116 -                Rank 6 : false
2025-09-07 14:18:18,469 [INFO] ADCParametersView:116 -                Rank 6 : false
2025-09-07 14:18:18,482 [INFO] ADCParametersView:116 -                Rank 1 : true
2025-09-07 14:18:18,482 [INFO] ADCParametersView:116 -                Rank 1 : true
2025-09-07 14:18:18,482 [INFO] ADCParametersView:116 -                Rank 2 : false
2025-09-07 14:18:18,483 [INFO] ADCParametersView:116 -                Rank 1 : true
2025-09-07 14:18:18,483 [INFO] ADCParametersView:116 -                Rank 2 : false
2025-09-07 14:18:18,483 [INFO] ADCParametersView:116 -                Rank 3 : false
2025-09-07 14:18:41,707 [INFO] NvicIntPanel:101 - NVIC parent = com.st.microxplorer.plugins.ip.nvic.MultiNvicIntPanel[,0,0,0x0,invalid,layout=javax.swing.BoxLayout,alignmentX=0.0,alignmentY=0.0,border=,flags=9,maximumSize=,minimumSize=,preferredSize=]
2025-09-07 14:18:41,746 [INFO] ADCParametersView:116 -                Rank 1 : true
2025-09-07 14:18:41,746 [INFO] ADCParametersView:116 -                Rank 2 : false
2025-09-07 14:18:41,746 [INFO] ADCParametersView:116 -                Rank 3 : false
2025-09-07 14:18:41,748 [INFO] ADCParametersView:116 -                Rank 1 : true
2025-09-07 14:18:41,748 [INFO] ADCParametersView:116 -                Rank 2 : false
2025-09-07 14:18:41,748 [INFO] ADCParametersView:116 -                Rank 3 : false
2025-09-07 14:18:41,748 [INFO] ADCParametersView:116 -                Rank 1 : true
2025-09-07 14:18:41,748 [INFO] ADCParametersView:116 -                Rank 2 : false
2025-09-07 14:18:41,748 [INFO] ADCParametersView:116 -                Rank 3 : false
2025-09-07 14:18:41,748 [INFO] ADCParametersView:116 -                Rank 1 : true
2025-09-07 14:18:41,748 [INFO] ADCParametersView:116 -                Rank 2 : false
2025-09-07 14:18:41,748 [INFO] ADCParametersView:116 -                Rank 3 : false
2025-09-07 14:18:41,748 [INFO] ADCParametersView:116 -                Rank 1 : true
2025-09-07 14:18:41,748 [INFO] ADCParametersView:116 -                Rank 2 : false
2025-09-07 14:18:41,748 [INFO] ADCParametersView:116 -                Rank 3 : false
2025-09-07 14:18:41,748 [INFO] ADCParametersView:116 -                Rank 1 : true
2025-09-07 14:18:41,748 [INFO] ADCParametersView:116 -                Rank 2 : false
2025-09-07 14:18:41,748 [INFO] ADCParametersView:116 -                Rank 3 : false
2025-09-07 14:18:41,748 [INFO] ADCParametersView:116 -                Rank 1 : true
2025-09-07 14:18:41,748 [INFO] ADCParametersView:116 -                Rank 2 : false
2025-09-07 14:18:41,748 [INFO] ADCParametersView:116 -                Rank 3 : false
2025-09-07 14:18:41,748 [INFO] ADCParametersView:116 -                Rank 1 : true
2025-09-07 14:18:41,748 [INFO] ADCParametersView:116 -                Rank 2 : false
2025-09-07 14:18:41,748 [INFO] ADCParametersView:116 -                Rank 3 : false
2025-09-07 14:18:41,749 [INFO] ADCParametersView:116 -                Rank 1 : true
2025-09-07 14:18:41,749 [INFO] ADCParametersView:116 -                Rank 2 : false
2025-09-07 14:18:41,749 [INFO] ADCParametersView:116 -                Rank 3 : false
2025-09-07 14:18:41,749 [INFO] ADCParametersView:116 -                Rank 1 : true
2025-09-07 14:18:41,749 [INFO] ADCParametersView:116 -                Rank 2 : false
2025-09-07 14:18:41,749 [INFO] ADCParametersView:116 -                Rank 3 : false
2025-09-07 14:18:41,749 [INFO] ADCParametersView:116 -                Rank 1 : true
2025-09-07 14:18:41,749 [INFO] ADCParametersView:116 -                Rank 2 : false
2025-09-07 14:18:41,749 [INFO] ADCParametersView:116 -                Rank 3 : false
2025-09-07 14:18:41,749 [INFO] ADCParametersView:116 -                Rank 1 : true
2025-09-07 14:18:41,749 [INFO] ADCParametersView:116 -                Rank 2 : false
2025-09-07 14:18:41,749 [INFO] ADCParametersView:116 -                Rank 3 : false
2025-09-07 14:18:41,770 [INFO] ADCParametersView:116 -                Rank 1 : true
2025-09-07 14:18:41,770 [INFO] ADCParametersView:116 -                Rank 2 : false
2025-09-07 14:18:41,770 [INFO] ADCParametersView:116 -                Rank 3 : false
2025-09-07 14:18:41,770 [INFO] ADCParametersView:116 -                Rank 1 : true
2025-09-07 14:18:41,770 [INFO] ADCParametersView:116 -                Rank 2 : false
2025-09-07 14:18:41,770 [INFO] ADCParametersView:116 -                Rank 3 : false
2025-09-07 14:18:41,770 [INFO] ADCParametersView:116 -                Rank 1 : true
2025-09-07 14:18:41,770 [INFO] ADCParametersView:116 -                Rank 2 : false
2025-09-07 14:18:41,770 [INFO] ADCParametersView:116 -                Rank 3 : false
2025-09-07 14:18:41,770 [INFO] ADCParametersView:116 -                Rank 1 : true
2025-09-07 14:18:41,770 [INFO] ADCParametersView:116 -                Rank 2 : false
2025-09-07 14:18:41,771 [INFO] ADCParametersView:116 -                Rank 3 : false
2025-09-07 14:18:41,771 [INFO] ADCParametersView:116 -                Rank 1 : true
2025-09-07 14:18:41,771 [INFO] ADCParametersView:116 -                Rank 2 : false
2025-09-07 14:18:41,771 [INFO] ADCParametersView:116 -                Rank 3 : false
2025-09-07 14:18:41,771 [INFO] ADCParametersView:116 -                Rank 1 : true
2025-09-07 14:18:41,771 [INFO] ADCParametersView:116 -                Rank 2 : false
2025-09-07 14:18:41,771 [INFO] ADCParametersView:116 -                Rank 3 : false
2025-09-07 14:18:41,771 [INFO] ADCParametersView:116 -                Rank 1 : true
2025-09-07 14:18:41,771 [INFO] ADCParametersView:116 -                Rank 2 : false
2025-09-07 14:18:41,771 [INFO] ADCParametersView:116 -                Rank 3 : false
2025-09-07 14:18:41,771 [INFO] ADCParametersView:116 -                Rank 1 : true
2025-09-07 14:18:41,771 [INFO] ADCParametersView:116 -                Rank 2 : false
2025-09-07 14:18:41,771 [INFO] ADCParametersView:116 -                Rank 3 : false
2025-09-07 14:18:41,771 [INFO] ADCParametersView:116 -                Rank 1 : true
2025-09-07 14:18:41,771 [INFO] ADCParametersView:116 -                Rank 2 : false
2025-09-07 14:18:41,771 [INFO] ADCParametersView:116 -                Rank 3 : false
2025-09-07 14:18:41,771 [INFO] ADCParametersView:116 -                Rank 2 : false
2025-09-07 14:18:41,771 [INFO] ADCParametersView:116 -                Rank 3 : false
2025-09-07 14:18:41,772 [INFO] ADCParametersView:116 -                Rank 3 : false
2025-09-07 14:18:41,787 [INFO] ADCParametersView:116 -                Rank 1 : true
2025-09-07 14:18:41,787 [INFO] ADCParametersView:116 -                Rank 1 : true
2025-09-07 14:18:41,787 [INFO] ADCParametersView:116 -                Rank 2 : false
2025-09-07 14:18:41,787 [INFO] ADCParametersView:116 -                Rank 1 : true
2025-09-07 14:18:41,789 [INFO] ADCParametersView:116 -                Rank 2 : false
2025-09-07 14:18:41,789 [INFO] ADCParametersView:116 -                Rank 3 : false
2025-09-07 14:18:44,435 [INFO] ADCParametersView:116 -                Rank 1 : true
2025-09-07 14:18:44,435 [INFO] ADCParametersView:116 -                Rank 2 : true
2025-09-07 14:18:44,435 [INFO] ADCParametersView:116 -                Rank 3 : false
2025-09-07 14:18:46,894 [INFO] NvicIntPanel:101 - NVIC parent = com.st.microxplorer.plugins.ip.nvic.MultiNvicIntPanel[,0,0,0x0,invalid,layout=javax.swing.BoxLayout,alignmentX=0.0,alignmentY=0.0,border=,flags=9,maximumSize=,minimumSize=,preferredSize=]
2025-09-07 14:18:46,916 [INFO] ADCParametersView:116 -                Rank 1 : true
2025-09-07 14:18:46,916 [INFO] ADCParametersView:116 -                Rank 2 : true
2025-09-07 14:18:46,916 [INFO] ADCParametersView:116 -                Rank 3 : false
2025-09-07 14:18:46,917 [INFO] ADCParametersView:116 -                Rank 1 : true
2025-09-07 14:18:46,917 [INFO] ADCParametersView:116 -                Rank 2 : true
2025-09-07 14:18:46,917 [INFO] ADCParametersView:116 -                Rank 3 : false
2025-09-07 14:18:46,917 [INFO] ADCParametersView:116 -                Rank 1 : true
2025-09-07 14:18:46,917 [INFO] ADCParametersView:116 -                Rank 2 : true
2025-09-07 14:18:46,917 [INFO] ADCParametersView:116 -                Rank 3 : false
2025-09-07 14:18:46,917 [INFO] ADCParametersView:116 -                Rank 1 : true
2025-09-07 14:18:46,917 [INFO] ADCParametersView:116 -                Rank 2 : true
2025-09-07 14:18:46,917 [INFO] ADCParametersView:116 -                Rank 3 : false
2025-09-07 14:18:46,917 [INFO] ADCParametersView:116 -                Rank 1 : true
2025-09-07 14:18:46,917 [INFO] ADCParametersView:116 -                Rank 2 : true
2025-09-07 14:18:46,917 [INFO] ADCParametersView:116 -                Rank 3 : false
2025-09-07 14:18:46,917 [INFO] ADCParametersView:116 -                Rank 1 : true
2025-09-07 14:18:46,917 [INFO] ADCParametersView:116 -                Rank 2 : true
2025-09-07 14:18:46,917 [INFO] ADCParametersView:116 -                Rank 3 : false
2025-09-07 14:18:46,917 [INFO] ADCParametersView:116 -                Rank 1 : true
2025-09-07 14:18:46,917 [INFO] ADCParametersView:116 -                Rank 2 : true
2025-09-07 14:18:46,917 [INFO] ADCParametersView:116 -                Rank 3 : false
2025-09-07 14:18:46,917 [INFO] ADCParametersView:116 -                Rank 1 : true
2025-09-07 14:18:46,917 [INFO] ADCParametersView:116 -                Rank 2 : true
2025-09-07 14:18:46,917 [INFO] ADCParametersView:116 -                Rank 3 : false
2025-09-07 14:18:46,917 [INFO] ADCParametersView:116 -                Rank 1 : true
2025-09-07 14:18:46,918 [INFO] ADCParametersView:116 -                Rank 2 : true
2025-09-07 14:18:46,918 [INFO] ADCParametersView:116 -                Rank 3 : false
2025-09-07 14:18:46,918 [INFO] ADCParametersView:116 -                Rank 1 : true
2025-09-07 14:18:46,918 [INFO] ADCParametersView:116 -                Rank 2 : true
2025-09-07 14:18:46,918 [INFO] ADCParametersView:116 -                Rank 3 : false
2025-09-07 14:18:46,918 [INFO] ADCParametersView:116 -                Rank 1 : true
2025-09-07 14:18:46,918 [INFO] ADCParametersView:116 -                Rank 2 : true
2025-09-07 14:18:46,918 [INFO] ADCParametersView:116 -                Rank 3 : false
2025-09-07 14:18:46,918 [INFO] ADCParametersView:116 -                Rank 1 : true
2025-09-07 14:18:46,918 [INFO] ADCParametersView:116 -                Rank 2 : true
2025-09-07 14:18:46,918 [INFO] ADCParametersView:116 -                Rank 3 : false
2025-09-07 14:18:46,918 [INFO] ADCParametersView:116 -                Rank 1 : true
2025-09-07 14:18:46,918 [INFO] ADCParametersView:116 -                Rank 2 : true
2025-09-07 14:18:46,918 [INFO] ADCParametersView:116 -                Rank 3 : false
2025-09-07 14:18:46,919 [INFO] ADCParametersView:116 -                Rank 1 : true
2025-09-07 14:18:46,919 [INFO] ADCParametersView:116 -                Rank 2 : true
2025-09-07 14:18:46,919 [INFO] ADCParametersView:116 -                Rank 3 : false
2025-09-07 14:18:46,919 [INFO] ADCParametersView:116 -                Rank 1 : true
2025-09-07 14:18:46,919 [INFO] ADCParametersView:116 -                Rank 2 : true
2025-09-07 14:18:46,919 [INFO] ADCParametersView:116 -                Rank 3 : false
2025-09-07 14:18:46,919 [INFO] ADCParametersView:116 -                Rank 1 : true
2025-09-07 14:18:46,919 [INFO] ADCParametersView:116 -                Rank 2 : true
2025-09-07 14:18:46,919 [INFO] ADCParametersView:116 -                Rank 3 : false
2025-09-07 14:18:46,919 [INFO] ADCParametersView:116 -                Rank 1 : true
2025-09-07 14:18:46,919 [INFO] ADCParametersView:116 -                Rank 2 : true
2025-09-07 14:18:46,919 [INFO] ADCParametersView:116 -                Rank 3 : false
2025-09-07 14:18:46,919 [INFO] ADCParametersView:116 -                Rank 1 : true
2025-09-07 14:18:46,919 [INFO] ADCParametersView:116 -                Rank 2 : true
2025-09-07 14:18:46,919 [INFO] ADCParametersView:116 -                Rank 3 : false
2025-09-07 14:18:46,919 [INFO] ADCParametersView:116 -                Rank 1 : true
2025-09-07 14:18:46,919 [INFO] ADCParametersView:116 -                Rank 2 : true
2025-09-07 14:18:46,919 [INFO] ADCParametersView:116 -                Rank 3 : false
2025-09-07 14:18:46,919 [INFO] ADCParametersView:116 -                Rank 1 : true
2025-09-07 14:18:46,919 [INFO] ADCParametersView:116 -                Rank 2 : true
2025-09-07 14:18:46,919 [INFO] ADCParametersView:116 -                Rank 3 : false
2025-09-07 14:18:46,919 [INFO] ADCParametersView:116 -                Rank 1 : true
2025-09-07 14:18:46,919 [INFO] ADCParametersView:116 -                Rank 2 : true
2025-09-07 14:18:46,919 [INFO] ADCParametersView:116 -                Rank 3 : false
2025-09-07 14:18:46,919 [INFO] ADCParametersView:116 -                Rank 2 : true
2025-09-07 14:18:46,919 [INFO] ADCParametersView:116 -                Rank 3 : false
2025-09-07 14:18:46,920 [INFO] ADCParametersView:116 -                Rank 3 : false
2025-09-07 14:18:46,930 [INFO] ADCParametersView:116 -                Rank 1 : true
2025-09-07 14:18:46,930 [INFO] ADCParametersView:116 -                Rank 1 : true
2025-09-07 14:18:46,930 [INFO] ADCParametersView:116 -                Rank 2 : true
2025-09-07 14:18:46,930 [INFO] ADCParametersView:116 -                Rank 1 : true
2025-09-07 14:18:46,930 [INFO] ADCParametersView:116 -                Rank 2 : true
2025-09-07 14:18:46,930 [INFO] ADCParametersView:116 -                Rank 3 : false
2025-09-07 14:18:49,389 [INFO] NvicIntPanel:101 - NVIC parent = com.st.microxplorer.plugins.ip.nvic.MultiNvicIntPanel[,0,0,0x0,invalid,layout=javax.swing.BoxLayout,alignmentX=0.0,alignmentY=0.0,border=,flags=9,maximumSize=,minimumSize=,preferredSize=]
2025-09-07 14:18:49,412 [INFO] ADCParametersView:116 -                Rank 1 : true
2025-09-07 14:18:49,412 [INFO] ADCParametersView:116 -                Rank 2 : true
2025-09-07 14:18:49,412 [INFO] ADCParametersView:116 -                Rank 3 : false
2025-09-07 14:18:49,413 [INFO] ADCParametersView:116 -                Rank 1 : true
2025-09-07 14:18:49,413 [INFO] ADCParametersView:116 -                Rank 2 : true
2025-09-07 14:18:49,413 [INFO] ADCParametersView:116 -                Rank 3 : false
2025-09-07 14:18:49,413 [INFO] ADCParametersView:116 -                Rank 1 : true
2025-09-07 14:18:49,413 [INFO] ADCParametersView:116 -                Rank 2 : true
2025-09-07 14:18:49,413 [INFO] ADCParametersView:116 -                Rank 3 : false
2025-09-07 14:18:49,413 [INFO] ADCParametersView:116 -                Rank 1 : true
2025-09-07 14:18:49,413 [INFO] ADCParametersView:116 -                Rank 2 : true
2025-09-07 14:18:49,413 [INFO] ADCParametersView:116 -                Rank 3 : false
2025-09-07 14:18:49,413 [INFO] ADCParametersView:116 -                Rank 1 : true
2025-09-07 14:18:49,413 [INFO] ADCParametersView:116 -                Rank 2 : true
2025-09-07 14:18:49,413 [INFO] ADCParametersView:116 -                Rank 3 : false
2025-09-07 14:18:49,413 [INFO] ADCParametersView:116 -                Rank 1 : true
2025-09-07 14:18:49,413 [INFO] ADCParametersView:116 -                Rank 2 : true
2025-09-07 14:18:49,413 [INFO] ADCParametersView:116 -                Rank 3 : false
2025-09-07 14:18:49,413 [INFO] ADCParametersView:116 -                Rank 1 : true
2025-09-07 14:18:49,413 [INFO] ADCParametersView:116 -                Rank 2 : true
2025-09-07 14:18:49,413 [INFO] ADCParametersView:116 -                Rank 3 : false
2025-09-07 14:18:49,413 [INFO] ADCParametersView:116 -                Rank 1 : true
2025-09-07 14:18:49,413 [INFO] ADCParametersView:116 -                Rank 2 : true
2025-09-07 14:18:49,413 [INFO] ADCParametersView:116 -                Rank 3 : false
2025-09-07 14:18:49,413 [INFO] ADCParametersView:116 -                Rank 1 : true
2025-09-07 14:18:49,413 [INFO] ADCParametersView:116 -                Rank 2 : true
2025-09-07 14:18:49,413 [INFO] ADCParametersView:116 -                Rank 3 : false
2025-09-07 14:18:49,413 [INFO] ADCParametersView:116 -                Rank 1 : true
2025-09-07 14:18:49,413 [INFO] ADCParametersView:116 -                Rank 2 : true
2025-09-07 14:18:49,413 [INFO] ADCParametersView:116 -                Rank 3 : false
2025-09-07 14:18:49,413 [INFO] ADCParametersView:116 -                Rank 1 : true
2025-09-07 14:18:49,413 [INFO] ADCParametersView:116 -                Rank 2 : true
2025-09-07 14:18:49,413 [INFO] ADCParametersView:116 -                Rank 3 : false
2025-09-07 14:18:49,413 [INFO] ADCParametersView:116 -                Rank 1 : true
2025-09-07 14:18:49,414 [INFO] ADCParametersView:116 -                Rank 2 : true
2025-09-07 14:18:49,414 [INFO] ADCParametersView:116 -                Rank 3 : false
2025-09-07 14:18:49,414 [INFO] ADCParametersView:116 -                Rank 1 : true
2025-09-07 14:18:49,414 [INFO] ADCParametersView:116 -                Rank 2 : true
2025-09-07 14:18:49,414 [INFO] ADCParametersView:116 -                Rank 3 : false
2025-09-07 14:18:49,414 [INFO] ADCParametersView:116 -                Rank 1 : true
2025-09-07 14:18:49,414 [INFO] ADCParametersView:116 -                Rank 2 : true
2025-09-07 14:18:49,414 [INFO] ADCParametersView:116 -                Rank 3 : false
2025-09-07 14:18:49,414 [INFO] ADCParametersView:116 -                Rank 1 : true
2025-09-07 14:18:49,414 [INFO] ADCParametersView:116 -                Rank 2 : true
2025-09-07 14:18:49,414 [INFO] ADCParametersView:116 -                Rank 3 : false
2025-09-07 14:18:49,414 [INFO] ADCParametersView:116 -                Rank 1 : true
2025-09-07 14:18:49,414 [INFO] ADCParametersView:116 -                Rank 2 : true
2025-09-07 14:18:49,414 [INFO] ADCParametersView:116 -                Rank 3 : false
2025-09-07 14:18:49,414 [INFO] ADCParametersView:116 -                Rank 1 : true
2025-09-07 14:18:49,414 [INFO] ADCParametersView:116 -                Rank 2 : true
2025-09-07 14:18:49,414 [INFO] ADCParametersView:116 -                Rank 3 : false
2025-09-07 14:18:49,414 [INFO] ADCParametersView:116 -                Rank 1 : true
2025-09-07 14:18:49,414 [INFO] ADCParametersView:116 -                Rank 2 : true
2025-09-07 14:18:49,414 [INFO] ADCParametersView:116 -                Rank 3 : false
2025-09-07 14:18:49,414 [INFO] ADCParametersView:116 -                Rank 1 : true
2025-09-07 14:18:49,414 [INFO] ADCParametersView:116 -                Rank 2 : true
2025-09-07 14:18:49,414 [INFO] ADCParametersView:116 -                Rank 3 : false
2025-09-07 14:18:49,414 [INFO] ADCParametersView:116 -                Rank 1 : true
2025-09-07 14:18:49,414 [INFO] ADCParametersView:116 -                Rank 2 : true
2025-09-07 14:18:49,415 [INFO] ADCParametersView:116 -                Rank 3 : false
2025-09-07 14:18:49,415 [INFO] ADCParametersView:116 -                Rank 1 : true
2025-09-07 14:18:49,415 [INFO] ADCParametersView:116 -                Rank 2 : true
2025-09-07 14:18:49,415 [INFO] ADCParametersView:116 -                Rank 3 : false
2025-09-07 14:18:49,415 [INFO] ADCParametersView:116 -                Rank 2 : true
2025-09-07 14:18:49,415 [INFO] ADCParametersView:116 -                Rank 3 : false
2025-09-07 14:18:49,415 [INFO] ADCParametersView:116 -                Rank 3 : false
2025-09-07 14:18:49,426 [INFO] ADCParametersView:116 -                Rank 1 : true
2025-09-07 14:18:49,427 [INFO] ADCParametersView:116 -                Rank 1 : true
2025-09-07 14:18:49,427 [INFO] ADCParametersView:116 -                Rank 2 : true
2025-09-07 14:18:49,427 [INFO] ADCParametersView:116 -                Rank 1 : true
2025-09-07 14:18:49,427 [INFO] ADCParametersView:116 -                Rank 2 : true
2025-09-07 14:18:49,427 [INFO] ADCParametersView:116 -                Rank 3 : false
2025-09-07 14:18:51,462 [INFO] ADCParametersView:116 -                Rank 1 : true
2025-09-07 14:18:51,462 [INFO] ADCParametersView:116 -                Rank 2 : true
2025-09-07 14:18:51,462 [INFO] ADCParametersView:116 -                Rank 3 : true
2025-09-07 14:18:55,543 [INFO] NvicIntPanel:101 - NVIC parent = com.st.microxplorer.plugins.ip.nvic.MultiNvicIntPanel[,0,0,0x0,invalid,layout=javax.swing.BoxLayout,alignmentX=0.0,alignmentY=0.0,border=,flags=9,maximumSize=,minimumSize=,preferredSize=]
2025-09-07 14:18:55,565 [INFO] ADCParametersView:116 -                Rank 1 : true
2025-09-07 14:18:55,565 [INFO] ADCParametersView:116 -                Rank 2 : true
2025-09-07 14:18:55,565 [INFO] ADCParametersView:116 -                Rank 3 : true
2025-09-07 14:18:55,567 [INFO] ADCParametersView:116 -                Rank 1 : true
2025-09-07 14:18:55,567 [INFO] ADCParametersView:116 -                Rank 2 : true
2025-09-07 14:18:55,567 [INFO] ADCParametersView:116 -                Rank 3 : true
2025-09-07 14:18:55,567 [INFO] ADCParametersView:116 -                Rank 1 : true
2025-09-07 14:18:55,567 [INFO] ADCParametersView:116 -                Rank 2 : true
2025-09-07 14:18:55,567 [INFO] ADCParametersView:116 -                Rank 3 : true
2025-09-07 14:18:55,567 [INFO] ADCParametersView:116 -                Rank 1 : true
2025-09-07 14:18:55,567 [INFO] ADCParametersView:116 -                Rank 2 : true
2025-09-07 14:18:55,567 [INFO] ADCParametersView:116 -                Rank 3 : true
2025-09-07 14:18:55,567 [INFO] ADCParametersView:116 -                Rank 1 : true
2025-09-07 14:18:55,567 [INFO] ADCParametersView:116 -                Rank 2 : true
2025-09-07 14:18:55,567 [INFO] ADCParametersView:116 -                Rank 3 : true
2025-09-07 14:18:55,567 [INFO] ADCParametersView:116 -                Rank 1 : true
2025-09-07 14:18:55,568 [INFO] ADCParametersView:116 -                Rank 2 : true
2025-09-07 14:18:55,568 [INFO] ADCParametersView:116 -                Rank 3 : true
2025-09-07 14:18:55,568 [INFO] ADCParametersView:116 -                Rank 1 : true
2025-09-07 14:18:55,568 [INFO] ADCParametersView:116 -                Rank 2 : true
2025-09-07 14:18:55,568 [INFO] ADCParametersView:116 -                Rank 3 : true
2025-09-07 14:18:55,568 [INFO] ADCParametersView:116 -                Rank 1 : true
2025-09-07 14:18:55,568 [INFO] ADCParametersView:116 -                Rank 2 : true
2025-09-07 14:18:55,568 [INFO] ADCParametersView:116 -                Rank 3 : true
2025-09-07 14:18:55,568 [INFO] ADCParametersView:116 -                Rank 1 : true
2025-09-07 14:18:55,568 [INFO] ADCParametersView:116 -                Rank 2 : true
2025-09-07 14:18:55,568 [INFO] ADCParametersView:116 -                Rank 3 : true
2025-09-07 14:18:55,568 [INFO] ADCParametersView:116 -                Rank 1 : true
2025-09-07 14:18:55,568 [INFO] ADCParametersView:116 -                Rank 2 : true
2025-09-07 14:18:55,568 [INFO] ADCParametersView:116 -                Rank 3 : true
2025-09-07 14:18:55,568 [INFO] ADCParametersView:116 -                Rank 1 : true
2025-09-07 14:18:55,568 [INFO] ADCParametersView:116 -                Rank 2 : true
2025-09-07 14:18:55,568 [INFO] ADCParametersView:116 -                Rank 3 : true
2025-09-07 14:18:55,568 [INFO] ADCParametersView:116 -                Rank 1 : true
2025-09-07 14:18:55,568 [INFO] ADCParametersView:116 -                Rank 2 : true
2025-09-07 14:18:55,568 [INFO] ADCParametersView:116 -                Rank 3 : true
2025-09-07 14:18:55,568 [INFO] ADCParametersView:116 -                Rank 1 : true
2025-09-07 14:18:55,568 [INFO] ADCParametersView:116 -                Rank 2 : true
2025-09-07 14:18:55,568 [INFO] ADCParametersView:116 -                Rank 3 : true
2025-09-07 14:18:55,568 [INFO] ADCParametersView:116 -                Rank 1 : true
2025-09-07 14:18:55,568 [INFO] ADCParametersView:116 -                Rank 2 : true
2025-09-07 14:18:55,568 [INFO] ADCParametersView:116 -                Rank 3 : true
2025-09-07 14:18:55,568 [INFO] ADCParametersView:116 -                Rank 1 : true
2025-09-07 14:18:55,568 [INFO] ADCParametersView:116 -                Rank 2 : true
2025-09-07 14:18:55,568 [INFO] ADCParametersView:116 -                Rank 3 : true
2025-09-07 14:18:55,568 [INFO] ADCParametersView:116 -                Rank 1 : true
2025-09-07 14:18:55,569 [INFO] ADCParametersView:116 -                Rank 2 : true
2025-09-07 14:18:55,569 [INFO] ADCParametersView:116 -                Rank 3 : true
2025-09-07 14:18:55,569 [INFO] ADCParametersView:116 -                Rank 1 : true
2025-09-07 14:18:55,569 [INFO] ADCParametersView:116 -                Rank 2 : true
2025-09-07 14:18:55,569 [INFO] ADCParametersView:116 -                Rank 3 : true
2025-09-07 14:18:55,569 [INFO] ADCParametersView:116 -                Rank 1 : true
2025-09-07 14:18:55,569 [INFO] ADCParametersView:116 -                Rank 2 : true
2025-09-07 14:18:55,569 [INFO] ADCParametersView:116 -                Rank 3 : true
2025-09-07 14:18:55,569 [INFO] ADCParametersView:116 -                Rank 1 : true
2025-09-07 14:18:55,569 [INFO] ADCParametersView:116 -                Rank 2 : true
2025-09-07 14:18:55,569 [INFO] ADCParametersView:116 -                Rank 3 : true
2025-09-07 14:18:55,569 [INFO] ADCParametersView:116 -                Rank 1 : true
2025-09-07 14:18:55,569 [INFO] ADCParametersView:116 -                Rank 2 : true
2025-09-07 14:18:55,569 [INFO] ADCParametersView:116 -                Rank 3 : true
2025-09-07 14:18:55,569 [INFO] ADCParametersView:116 -                Rank 1 : true
2025-09-07 14:18:55,569 [INFO] ADCParametersView:116 -                Rank 2 : true
2025-09-07 14:18:55,569 [INFO] ADCParametersView:116 -                Rank 3 : true
2025-09-07 14:18:55,569 [INFO] ADCParametersView:116 -                Rank 2 : true
2025-09-07 14:18:55,569 [INFO] ADCParametersView:116 -                Rank 3 : true
2025-09-07 14:18:55,569 [INFO] ADCParametersView:116 -                Rank 3 : true
2025-09-07 14:18:55,579 [INFO] ADCParametersView:116 -                Rank 1 : true
2025-09-07 14:18:55,579 [INFO] ADCParametersView:116 -                Rank 1 : true
2025-09-07 14:18:55,579 [INFO] ADCParametersView:116 -                Rank 2 : true
2025-09-07 14:18:55,580 [INFO] ADCParametersView:116 -                Rank 1 : true
2025-09-07 14:18:55,580 [INFO] ADCParametersView:116 -                Rank 2 : true
2025-09-07 14:18:55,580 [INFO] ADCParametersView:116 -                Rank 3 : true
2025-09-07 14:18:59,371 [INFO] NvicIntPanel:101 - NVIC parent = com.st.microxplorer.plugins.ip.nvic.MultiNvicIntPanel[,0,0,0x0,invalid,layout=javax.swing.BoxLayout,alignmentX=0.0,alignmentY=0.0,border=,flags=9,maximumSize=,minimumSize=,preferredSize=]
2025-09-07 14:18:59,396 [INFO] ADCParametersView:116 -                Rank 1 : true
2025-09-07 14:18:59,396 [INFO] ADCParametersView:116 -                Rank 2 : true
2025-09-07 14:18:59,396 [INFO] ADCParametersView:116 -                Rank 3 : true
2025-09-07 14:18:59,397 [INFO] ADCParametersView:116 -                Rank 1 : true
2025-09-07 14:18:59,397 [INFO] ADCParametersView:116 -                Rank 2 : true
2025-09-07 14:18:59,397 [INFO] ADCParametersView:116 -                Rank 3 : true
2025-09-07 14:18:59,397 [INFO] ADCParametersView:116 -                Rank 1 : true
2025-09-07 14:18:59,397 [INFO] ADCParametersView:116 -                Rank 2 : true
2025-09-07 14:18:59,397 [INFO] ADCParametersView:116 -                Rank 3 : true
2025-09-07 14:18:59,397 [INFO] ADCParametersView:116 -                Rank 1 : true
2025-09-07 14:18:59,397 [INFO] ADCParametersView:116 -                Rank 2 : true
2025-09-07 14:18:59,397 [INFO] ADCParametersView:116 -                Rank 3 : true
2025-09-07 14:18:59,397 [INFO] ADCParametersView:116 -                Rank 1 : true
2025-09-07 14:18:59,397 [INFO] ADCParametersView:116 -                Rank 2 : true
2025-09-07 14:18:59,397 [INFO] ADCParametersView:116 -                Rank 3 : true
2025-09-07 14:18:59,397 [INFO] ADCParametersView:116 -                Rank 1 : true
2025-09-07 14:18:59,397 [INFO] ADCParametersView:116 -                Rank 2 : true
2025-09-07 14:18:59,397 [INFO] ADCParametersView:116 -                Rank 3 : true
2025-09-07 14:18:59,397 [INFO] ADCParametersView:116 -                Rank 1 : true
2025-09-07 14:18:59,397 [INFO] ADCParametersView:116 -                Rank 2 : true
2025-09-07 14:18:59,397 [INFO] ADCParametersView:116 -                Rank 3 : true
2025-09-07 14:18:59,398 [INFO] ADCParametersView:116 -                Rank 1 : true
2025-09-07 14:18:59,398 [INFO] ADCParametersView:116 -                Rank 2 : true
2025-09-07 14:18:59,398 [INFO] ADCParametersView:116 -                Rank 3 : true
2025-09-07 14:18:59,398 [INFO] ADCParametersView:116 -                Rank 1 : true
2025-09-07 14:18:59,398 [INFO] ADCParametersView:116 -                Rank 2 : true
2025-09-07 14:18:59,398 [INFO] ADCParametersView:116 -                Rank 3 : true
2025-09-07 14:18:59,398 [INFO] ADCParametersView:116 -                Rank 1 : true
2025-09-07 14:18:59,398 [INFO] ADCParametersView:116 -                Rank 2 : true
2025-09-07 14:18:59,398 [INFO] ADCParametersView:116 -                Rank 3 : true
2025-09-07 14:18:59,398 [INFO] ADCParametersView:116 -                Rank 1 : true
2025-09-07 14:18:59,398 [INFO] ADCParametersView:116 -                Rank 2 : true
2025-09-07 14:18:59,398 [INFO] ADCParametersView:116 -                Rank 3 : true
2025-09-07 14:18:59,398 [INFO] ADCParametersView:116 -                Rank 1 : true
2025-09-07 14:18:59,398 [INFO] ADCParametersView:116 -                Rank 2 : true
2025-09-07 14:18:59,398 [INFO] ADCParametersView:116 -                Rank 3 : true
2025-09-07 14:18:59,398 [INFO] ADCParametersView:116 -                Rank 1 : true
2025-09-07 14:18:59,398 [INFO] ADCParametersView:116 -                Rank 2 : true
2025-09-07 14:18:59,398 [INFO] ADCParametersView:116 -                Rank 3 : true
2025-09-07 14:18:59,398 [INFO] ADCParametersView:116 -                Rank 1 : true
2025-09-07 14:18:59,398 [INFO] ADCParametersView:116 -                Rank 2 : true
2025-09-07 14:18:59,398 [INFO] ADCParametersView:116 -                Rank 3 : true
2025-09-07 14:18:59,398 [INFO] ADCParametersView:116 -                Rank 1 : true
2025-09-07 14:18:59,398 [INFO] ADCParametersView:116 -                Rank 2 : true
2025-09-07 14:18:59,398 [INFO] ADCParametersView:116 -                Rank 3 : true
2025-09-07 14:18:59,398 [INFO] ADCParametersView:116 -                Rank 1 : true
2025-09-07 14:18:59,398 [INFO] ADCParametersView:116 -                Rank 2 : true
2025-09-07 14:18:59,398 [INFO] ADCParametersView:116 -                Rank 3 : true
2025-09-07 14:18:59,398 [INFO] ADCParametersView:116 -                Rank 1 : true
2025-09-07 14:18:59,398 [INFO] ADCParametersView:116 -                Rank 2 : true
2025-09-07 14:18:59,398 [INFO] ADCParametersView:116 -                Rank 3 : true
2025-09-07 14:18:59,398 [INFO] ADCParametersView:116 -                Rank 1 : true
2025-09-07 14:18:59,398 [INFO] ADCParametersView:116 -                Rank 2 : true
2025-09-07 14:18:59,398 [INFO] ADCParametersView:116 -                Rank 3 : true
2025-09-07 14:18:59,398 [INFO] ADCParametersView:116 -                Rank 1 : true
2025-09-07 14:18:59,398 [INFO] ADCParametersView:116 -                Rank 2 : true
2025-09-07 14:18:59,398 [INFO] ADCParametersView:116 -                Rank 3 : true
2025-09-07 14:18:59,398 [INFO] ADCParametersView:116 -                Rank 1 : true
2025-09-07 14:18:59,398 [INFO] ADCParametersView:116 -                Rank 2 : true
2025-09-07 14:18:59,398 [INFO] ADCParametersView:116 -                Rank 3 : true
2025-09-07 14:18:59,399 [INFO] ADCParametersView:116 -                Rank 1 : true
2025-09-07 14:18:59,399 [INFO] ADCParametersView:116 -                Rank 2 : true
2025-09-07 14:18:59,399 [INFO] ADCParametersView:116 -                Rank 3 : true
2025-09-07 14:18:59,399 [INFO] ADCParametersView:116 -                Rank 2 : true
2025-09-07 14:18:59,399 [INFO] ADCParametersView:116 -                Rank 3 : true
2025-09-07 14:18:59,399 [INFO] ADCParametersView:116 -                Rank 3 : true
2025-09-07 14:18:59,422 [INFO] ADCParametersView:116 -                Rank 1 : true
2025-09-07 14:18:59,422 [INFO] ADCParametersView:116 -                Rank 1 : true
2025-09-07 14:18:59,422 [INFO] ADCParametersView:116 -                Rank 2 : true
2025-09-07 14:18:59,422 [INFO] ADCParametersView:116 -                Rank 1 : true
2025-09-07 14:18:59,423 [INFO] ADCParametersView:116 -                Rank 2 : true
2025-09-07 14:18:59,423 [INFO] ADCParametersView:116 -                Rank 3 : true
2025-09-07 14:19:02,597 [INFO] UtilMem:75 - End SaveConfig() Used Memory: 361193016 Bytes (943718400)
2025-09-07 14:19:03,193 [INFO] UtilMem:75 - End SaveConfig() Used Memory: 378492472 Bytes (943718400)
2025-09-07 14:19:04,148 [INFO] UtilMem:75 - End SaveConfig() Used Memory: 413095480 Bytes (943718400)
2025-09-07 14:19:04,313 [INFO] BlockDiagram:2775 - set Specific Code input for plugin: SPI
2025-09-07 14:19:04,313 [INFO] BlockDiagram:2775 - set Specific Code input for plugin: IWDG
2025-09-07 14:19:04,313 [INFO] BlockDiagram:2775 - set Specific Code input for plugin: DAC
2025-09-07 14:19:04,313 [INFO] BlockDiagram:2775 - set Specific Code input for plugin: TIM1_8G4
2025-09-07 14:19:04,313 [INFO] BlockDiagram:2775 - set Specific Code input for plugin: TIM1_8G4
2025-09-07 14:19:04,313 [INFO] BlockDiagram:2775 - set Specific Code input for plugin: TIM1_8G4
2025-09-07 14:19:04,313 [INFO] BlockDiagram:2775 - set Specific Code input for plugin: TIM1_8G4
2025-09-07 14:19:04,313 [INFO] BlockDiagram:2775 - set Specific Code input for plugin: ADC
2025-09-07 14:19:04,313 [INFO] BlockDiagram:2775 - set Specific Code input for plugin: SYS
2025-09-07 14:19:04,313 [INFO] BlockDiagram:2775 - set Specific Code input for plugin: ADC
2025-09-07 14:19:04,313 [INFO] BlockDiagram:2775 - set Specific Code input for plugin: RCC
2025-09-07 14:19:04,313 [INFO] BlockDiagram:2775 - set Specific Code input for plugin: I2C
2025-09-07 14:19:04,313 [INFO] BlockDiagram:2775 - set Specific Code input for plugin: RTC
2025-09-07 14:19:04,313 [INFO] BlockDiagram:2775 - set Specific Code input for plugin: NVIC
2025-09-07 14:19:04,313 [INFO] BlockDiagram:2775 - set Specific Code input for plugin: USART
2025-09-07 14:19:04,313 [INFO] BlockDiagram:2775 - set Specific Code input for plugin: USART
2025-09-07 14:19:04,313 [INFO] BlockDiagram:2775 - set Specific Code input for plugin: UART
2025-09-07 14:19:04,313 [INFO] BlockDiagram:2775 - set Specific Code input for plugin: GPIO
2025-09-07 14:19:04,314 [INFO] CodeGenerator:892 - code generatio: config db path: C:\ST\STM32CubeIDE_1.19.0\STM32CubeIDE\plugins\com.st.stm32cube.common.mx_6.15.0.202507011659\\db\
2025-09-07 14:19:04,345 [WARN] IP:2250 - OutPut1 not found: check if there is a RefParameter without a condition.
2025-09-07 14:19:04,345 [WARN] IP:2250 - OutPut2 not found: check if there is a RefParameter without a condition.
2025-09-07 14:19:04,345 [WARN] IP:2250 - OutPut3 not found: check if there is a RefParameter without a condition.
2025-09-07 14:19:04,510 [INFO] CodeEngine:265 - oldGeneratedFile, E:\projects\DevelopmentLevelCode\LineMonitorUART\LineMonitorUART\MXTmpFiles\license.tmp_save
2025-09-07 14:19:04,591 [INFO] CodeEngine:289 - Generated code: E:\projects\DevelopmentLevelCode\LineMonitorUART\LineMonitorUART\MXTmpFiles\license.tmp
2025-09-07 14:19:04,649 [INFO] CodeEngine:265 - oldGeneratedFile, E:\projects\DevelopmentLevelCode\LineMonitorUART\LineMonitorUART\MXTmpFiles\gpio.tmp_save
2025-09-07 14:19:04,725 [INFO] CodeEngine:289 - Generated code: E:\projects\DevelopmentLevelCode\LineMonitorUART\LineMonitorUART\MXTmpFiles\gpio.tmp
2025-09-07 14:19:05,615 [INFO] CodeEngine:265 - oldGeneratedFile, E:\projects\DevelopmentLevelCode\LineMonitorUART\LineMonitorUART\Core\Src\stm32g4xx_it.c_save
2025-09-07 14:19:05,671 [INFO] CodeEngine:289 - Generated code: E:\projects\DevelopmentLevelCode\LineMonitorUART\LineMonitorUART\Core\Src\stm32g4xx_it.c
2025-09-07 14:19:05,675 [INFO] CodeEngine:265 - oldGeneratedFile, E:\projects\DevelopmentLevelCode\LineMonitorUART\LineMonitorUART\Core\Inc\stm32g4xx_it.h_save
2025-09-07 14:19:05,725 [INFO] CodeEngine:289 - Generated code: E:\projects\DevelopmentLevelCode\LineMonitorUART\LineMonitorUART\Core\Inc\stm32g4xx_it.h
2025-09-07 14:19:05,735 [INFO] CodeEngine:265 - oldGeneratedFile, E:\projects\DevelopmentLevelCode\LineMonitorUART\LineMonitorUART\Core\Src\stm32g4xx_hal_msp.c_save
2025-09-07 14:19:05,814 [INFO] CodeEngine:289 - Generated code: E:\projects\DevelopmentLevelCode\LineMonitorUART\LineMonitorUART\Core\Src\stm32g4xx_hal_msp.c
2025-09-07 14:19:05,818 [INFO] CodeEngine:265 - oldGeneratedFile, E:\projects\DevelopmentLevelCode\LineMonitorUART\LineMonitorUART\MXTmpFiles\system.tmp_save
2025-09-07 14:19:05,872 [INFO] CodeEngine:289 - Generated code: E:\projects\DevelopmentLevelCode\LineMonitorUART\LineMonitorUART\MXTmpFiles\system.tmp
2025-09-07 14:19:05,879 [INFO] CodeEngine:321 - oldGeneratedFile, E:\projects\DevelopmentLevelCode\LineMonitorUART\LineMonitorUART\Core\Inc\stm32g4xx_hal_conf.h_save
2025-09-07 14:19:05,931 [INFO] CodeEngine:345 - Generated code: E:\projects\DevelopmentLevelCode\LineMonitorUART\LineMonitorUART\Core\Inc\stm32g4xx_hal_conf.h
2025-09-07 14:19:05,941 [WARN] IPConfigManager:3238 - Warning: the RefConfig RCC_CommonPeriphClockConfig is not available in your config.xml file
2025-09-07 14:19:05,944 [WARN] IPConfigManager:3811 - IP not found : TIM
2025-09-07 14:19:05,944 [WARN] CodeGenerator:4259 - IP not found : null
2025-09-07 14:19:05,968 [INFO] CodeEngine:265 - oldGeneratedFile, E:\projects\DevelopmentLevelCode\LineMonitorUART\LineMonitorUART\Core\Inc\main.h_save
2025-09-07 14:19:06,051 [INFO] CodeEngine:289 - Generated code: E:\projects\DevelopmentLevelCode\LineMonitorUART\LineMonitorUART\Core\Inc\main.h
2025-09-07 14:19:06,058 [INFO] CodeEngine:265 - oldGeneratedFile, E:\projects\DevelopmentLevelCode\LineMonitorUART\LineMonitorUART\Core\Src\main.c_save
2025-09-07 14:19:06,251 [INFO] CodeEngine:289 - Generated code: E:\projects\DevelopmentLevelCode\LineMonitorUART\LineMonitorUART\Core\Src\main.c
2025-09-07 14:19:06,525 [INFO] ProjectBuilder:3606 - Time for Copy HAL[1] : 122mS.
2025-09-07 14:19:06,528 [INFO] ProjectBuilder:5216 - Project Generator version: 4.7.0-B52
2025-09-07 14:19:06,599 [INFO] ConfigFileManager:1595 - The Die is : DIE468
2025-09-07 14:19:07,413 [INFO] ProjectBuilder:5496 - Time for Generating toolchain IDE Files: 885mS.
2025-09-07 14:19:07,414 [INFO] ProjectBuilder:3463 - Time for Copy CMSIS : 1mS.
2025-09-07 14:19:07,416 [INFO] ProjectBuilder:3463 - Time for Copy CMSIS : 0mS.
2025-09-07 14:19:44,819 [INFO] ADCParametersView:116 -                Rank 1 : false
2025-09-07 14:19:44,819 [INFO] ADCParametersView:116 -                Rank 2 : true
2025-09-07 14:19:44,819 [INFO] ADCParametersView:116 -                Rank 3 : true
2025-09-07 14:19:46,339 [INFO] ADCParametersView:116 -                Rank 1 : false
2025-09-07 14:19:46,339 [INFO] ADCParametersView:116 -                Rank 2 : false
2025-09-07 14:19:46,339 [INFO] ADCParametersView:116 -                Rank 3 : true
2025-09-07 14:19:47,577 [INFO] ADCParametersView:116 -                Rank 1 : false
2025-09-07 14:19:47,577 [INFO] ADCParametersView:116 -                Rank 2 : false
2025-09-07 14:19:47,577 [INFO] ADCParametersView:116 -                Rank 3 : false
2025-09-07 14:20:06,660 [INFO] NvicIntPanel:101 - NVIC parent = com.st.microxplorer.plugins.ip.nvic.MultiNvicIntPanel[,0,0,0x0,invalid,layout=javax.swing.BoxLayout,alignmentX=0.0,alignmentY=0.0,border=,flags=9,maximumSize=,minimumSize=,preferredSize=]
2025-09-07 14:20:06,747 [INFO] NvicIntPanel:101 - NVIC parent = com.st.microxplorer.plugins.ip.nvic.MultiNvicIntPanel[,0,0,0x0,invalid,layout=javax.swing.BoxLayout,alignmentX=0.0,alignmentY=0.0,border=,flags=9,maximumSize=,minimumSize=,preferredSize=]
2025-09-07 14:20:06,767 [INFO] ADCParametersView:116 -                Rank 1 : false
2025-09-07 14:20:06,767 [INFO] ADCParametersView:116 -                Rank 2 : false
2025-09-07 14:20:06,767 [INFO] ADCParametersView:116 -                Rank 3 : false
2025-09-07 14:20:06,768 [INFO] ADCParametersView:116 -                Rank 1 : false
2025-09-07 14:20:06,768 [INFO] ADCParametersView:116 -                Rank 2 : false
2025-09-07 14:20:06,768 [INFO] ADCParametersView:116 -                Rank 3 : false
2025-09-07 14:20:06,768 [INFO] ADCParametersView:116 -                Rank 1 : false
2025-09-07 14:20:06,768 [INFO] ADCParametersView:116 -                Rank 2 : false
2025-09-07 14:20:06,768 [INFO] ADCParametersView:116 -                Rank 3 : false
2025-09-07 14:20:06,768 [INFO] ADCParametersView:116 -                Rank 1 : false
2025-09-07 14:20:06,769 [INFO] ADCParametersView:116 -                Rank 2 : false
2025-09-07 14:20:06,769 [INFO] ADCParametersView:116 -                Rank 3 : false
2025-09-07 14:20:06,769 [INFO] ADCParametersView:116 -                Rank 1 : false
2025-09-07 14:20:06,769 [INFO] ADCParametersView:116 -                Rank 2 : false
2025-09-07 14:20:06,769 [INFO] ADCParametersView:116 -                Rank 3 : false
2025-09-07 14:20:06,769 [INFO] ADCParametersView:116 -                Rank 1 : false
2025-09-07 14:20:06,769 [INFO] ADCParametersView:116 -                Rank 2 : false
2025-09-07 14:20:06,769 [INFO] ADCParametersView:116 -                Rank 3 : false
2025-09-07 14:20:06,769 [INFO] ADCParametersView:116 -                Rank 1 : false
2025-09-07 14:20:06,769 [INFO] ADCParametersView:116 -                Rank 2 : false
2025-09-07 14:20:06,769 [INFO] ADCParametersView:116 -                Rank 3 : false
2025-09-07 14:20:06,769 [INFO] ADCParametersView:116 -                Rank 1 : false
2025-09-07 14:20:06,769 [INFO] ADCParametersView:116 -                Rank 2 : false
2025-09-07 14:20:06,769 [INFO] ADCParametersView:116 -                Rank 3 : false
2025-09-07 14:20:06,769 [INFO] ADCParametersView:116 -                Rank 1 : false
2025-09-07 14:20:06,769 [INFO] ADCParametersView:116 -                Rank 2 : false
2025-09-07 14:20:06,769 [INFO] ADCParametersView:116 -                Rank 3 : false
2025-09-07 14:20:06,769 [INFO] ADCParametersView:116 -                Rank 1 : false
2025-09-07 14:20:06,769 [INFO] ADCParametersView:116 -                Rank 2 : false
2025-09-07 14:20:06,769 [INFO] ADCParametersView:116 -                Rank 3 : false
2025-09-07 14:20:06,769 [INFO] ADCParametersView:116 -                Rank 1 : false
2025-09-07 14:20:06,769 [INFO] ADCParametersView:116 -                Rank 2 : false
2025-09-07 14:20:06,769 [INFO] ADCParametersView:116 -                Rank 3 : false
2025-09-07 14:20:06,769 [INFO] ADCParametersView:116 -                Rank 1 : false
2025-09-07 14:20:06,769 [INFO] ADCParametersView:116 -                Rank 2 : false
2025-09-07 14:20:06,769 [INFO] ADCParametersView:116 -                Rank 3 : false
2025-09-07 14:20:06,769 [INFO] ADCParametersView:116 -                Rank 1 : false
2025-09-07 14:20:06,769 [INFO] ADCParametersView:116 -                Rank 2 : false
2025-09-07 14:20:06,769 [INFO] ADCParametersView:116 -                Rank 3 : false
2025-09-07 14:20:06,769 [INFO] ADCParametersView:116 -                Rank 1 : false
2025-09-07 14:20:06,769 [INFO] ADCParametersView:116 -                Rank 2 : false
2025-09-07 14:20:06,769 [INFO] ADCParametersView:116 -                Rank 3 : false
2025-09-07 14:20:06,769 [INFO] ADCParametersView:116 -                Rank 1 : false
2025-09-07 14:20:06,769 [INFO] ADCParametersView:116 -                Rank 2 : false
2025-09-07 14:20:06,769 [INFO] ADCParametersView:116 -                Rank 3 : false
2025-09-07 14:20:06,769 [INFO] ADCParametersView:116 -                Rank 1 : false
2025-09-07 14:20:06,770 [INFO] ADCParametersView:116 -                Rank 2 : false
2025-09-07 14:20:06,770 [INFO] ADCParametersView:116 -                Rank 3 : false
2025-09-07 14:20:06,770 [INFO] ADCParametersView:116 -                Rank 1 : false
2025-09-07 14:20:06,770 [INFO] ADCParametersView:116 -                Rank 2 : false
2025-09-07 14:20:06,770 [INFO] ADCParametersView:116 -                Rank 3 : false
2025-09-07 14:20:06,770 [INFO] ADCParametersView:116 -                Rank 1 : false
2025-09-07 14:20:06,770 [INFO] ADCParametersView:116 -                Rank 2 : false
2025-09-07 14:20:06,770 [INFO] ADCParametersView:116 -                Rank 3 : false
2025-09-07 14:20:06,770 [INFO] ADCParametersView:116 -                Rank 1 : false
2025-09-07 14:20:06,770 [INFO] ADCParametersView:116 -                Rank 2 : false
2025-09-07 14:20:06,771 [INFO] ADCParametersView:116 -                Rank 3 : false
2025-09-07 14:20:06,771 [INFO] ADCParametersView:116 -                Rank 1 : false
2025-09-07 14:20:06,771 [INFO] ADCParametersView:116 -                Rank 2 : false
2025-09-07 14:20:06,771 [INFO] ADCParametersView:116 -                Rank 3 : false
2025-09-07 14:20:06,771 [INFO] ADCParametersView:116 -                Rank 1 : false
2025-09-07 14:20:06,771 [INFO] ADCParametersView:116 -                Rank 2 : false
2025-09-07 14:20:06,771 [INFO] ADCParametersView:116 -                Rank 3 : false
2025-09-07 14:20:06,771 [INFO] ADCParametersView:116 -                Rank 2 : false
2025-09-07 14:20:06,771 [INFO] ADCParametersView:116 -                Rank 3 : false
2025-09-07 14:20:06,771 [INFO] ADCParametersView:116 -                Rank 3 : false
2025-09-07 14:20:06,782 [INFO] ADCParametersView:116 -                Rank 1 : false
2025-09-07 14:20:06,782 [INFO] ADCParametersView:116 -                Rank 1 : false
2025-09-07 14:20:06,782 [INFO] ADCParametersView:116 -                Rank 2 : false
2025-09-07 14:20:06,782 [INFO] ADCParametersView:116 -                Rank 1 : false
2025-09-07 14:20:06,783 [INFO] ADCParametersView:116 -                Rank 2 : false
2025-09-07 14:20:06,783 [INFO] ADCParametersView:116 -                Rank 3 : false
2025-09-07 14:20:25,373 [INFO] UtilMem:75 - End SaveConfig() Used Memory: 685070256 Bytes (943718400)
2025-09-07 14:20:26,209 [INFO] UtilMem:75 - End SaveConfig() Used Memory: 702373808 Bytes (943718400)
2025-09-07 14:20:27,065 [INFO] UtilMem:75 - End SaveConfig() Used Memory: 735928240 Bytes (943718400)
2025-09-07 14:20:27,241 [INFO] BlockDiagram:2775 - set Specific Code input for plugin: SPI
2025-09-07 14:20:27,242 [INFO] BlockDiagram:2775 - set Specific Code input for plugin: IWDG
2025-09-07 14:20:27,242 [INFO] BlockDiagram:2775 - set Specific Code input for plugin: DAC
2025-09-07 14:20:27,242 [INFO] BlockDiagram:2775 - set Specific Code input for plugin: TIM1_8G4
2025-09-07 14:20:27,242 [INFO] BlockDiagram:2775 - set Specific Code input for plugin: TIM1_8G4
2025-09-07 14:20:27,242 [INFO] BlockDiagram:2775 - set Specific Code input for plugin: TIM1_8G4
2025-09-07 14:20:27,242 [INFO] BlockDiagram:2775 - set Specific Code input for plugin: TIM1_8G4
2025-09-07 14:20:27,242 [INFO] BlockDiagram:2775 - set Specific Code input for plugin: ADC
2025-09-07 14:20:27,242 [INFO] BlockDiagram:2775 - set Specific Code input for plugin: SYS
2025-09-07 14:20:27,242 [INFO] BlockDiagram:2775 - set Specific Code input for plugin: ADC
2025-09-07 14:20:27,242 [INFO] BlockDiagram:2775 - set Specific Code input for plugin: RCC
2025-09-07 14:20:27,242 [INFO] BlockDiagram:2775 - set Specific Code input for plugin: I2C
2025-09-07 14:20:27,242 [INFO] BlockDiagram:2775 - set Specific Code input for plugin: RTC
2025-09-07 14:20:27,242 [INFO] BlockDiagram:2775 - set Specific Code input for plugin: NVIC
2025-09-07 14:20:27,242 [INFO] BlockDiagram:2775 - set Specific Code input for plugin: USART
2025-09-07 14:20:27,242 [INFO] BlockDiagram:2775 - set Specific Code input for plugin: USART
2025-09-07 14:20:27,242 [INFO] BlockDiagram:2775 - set Specific Code input for plugin: UART
2025-09-07 14:20:27,243 [INFO] BlockDiagram:2775 - set Specific Code input for plugin: GPIO
2025-09-07 14:20:27,243 [INFO] CodeGenerator:892 - code generatio: config db path: C:\ST\STM32CubeIDE_1.19.0\STM32CubeIDE\plugins\com.st.stm32cube.common.mx_6.15.0.202507011659\\db\
2025-09-07 14:20:27,270 [WARN] IP:2250 - OutPut1 not found: check if there is a RefParameter without a condition.
2025-09-07 14:20:27,270 [WARN] IP:2250 - OutPut2 not found: check if there is a RefParameter without a condition.
2025-09-07 14:20:27,270 [WARN] IP:2250 - OutPut3 not found: check if there is a RefParameter without a condition.
2025-09-07 14:20:27,483 [INFO] CodeEngine:265 - oldGeneratedFile, E:\projects\DevelopmentLevelCode\LineMonitorUART\LineMonitorUART\MXTmpFiles\license.tmp_save
2025-09-07 14:20:27,547 [INFO] CodeEngine:289 - Generated code: E:\projects\DevelopmentLevelCode\LineMonitorUART\LineMonitorUART\MXTmpFiles\license.tmp
2025-09-07 14:20:27,615 [INFO] CodeEngine:265 - oldGeneratedFile, E:\projects\DevelopmentLevelCode\LineMonitorUART\LineMonitorUART\MXTmpFiles\gpio.tmp_save
2025-09-07 14:20:27,685 [INFO] CodeEngine:289 - Generated code: E:\projects\DevelopmentLevelCode\LineMonitorUART\LineMonitorUART\MXTmpFiles\gpio.tmp
2025-09-07 14:20:28,555 [INFO] CodeEngine:265 - oldGeneratedFile, E:\projects\DevelopmentLevelCode\LineMonitorUART\LineMonitorUART\Core\Src\stm32g4xx_it.c_save
2025-09-07 14:20:28,609 [INFO] CodeEngine:289 - Generated code: E:\projects\DevelopmentLevelCode\LineMonitorUART\LineMonitorUART\Core\Src\stm32g4xx_it.c
2025-09-07 14:20:28,613 [INFO] CodeEngine:265 - oldGeneratedFile, E:\projects\DevelopmentLevelCode\LineMonitorUART\LineMonitorUART\Core\Inc\stm32g4xx_it.h_save
2025-09-07 14:20:28,661 [INFO] CodeEngine:289 - Generated code: E:\projects\DevelopmentLevelCode\LineMonitorUART\LineMonitorUART\Core\Inc\stm32g4xx_it.h
2025-09-07 14:20:28,669 [INFO] CodeEngine:265 - oldGeneratedFile, E:\projects\DevelopmentLevelCode\LineMonitorUART\LineMonitorUART\Core\Src\stm32g4xx_hal_msp.c_save
2025-09-07 14:20:28,747 [INFO] CodeEngine:289 - Generated code: E:\projects\DevelopmentLevelCode\LineMonitorUART\LineMonitorUART\Core\Src\stm32g4xx_hal_msp.c
2025-09-07 14:20:28,750 [INFO] CodeEngine:265 - oldGeneratedFile, E:\projects\DevelopmentLevelCode\LineMonitorUART\LineMonitorUART\MXTmpFiles\system.tmp_save
2025-09-07 14:20:28,798 [INFO] CodeEngine:289 - Generated code: E:\projects\DevelopmentLevelCode\LineMonitorUART\LineMonitorUART\MXTmpFiles\system.tmp
2025-09-07 14:20:28,803 [INFO] CodeEngine:321 - oldGeneratedFile, E:\projects\DevelopmentLevelCode\LineMonitorUART\LineMonitorUART\Core\Inc\stm32g4xx_hal_conf.h_save
2025-09-07 14:20:28,853 [INFO] CodeEngine:345 - Generated code: E:\projects\DevelopmentLevelCode\LineMonitorUART\LineMonitorUART\Core\Inc\stm32g4xx_hal_conf.h
2025-09-07 14:20:28,862 [WARN] IPConfigManager:3238 - Warning: the RefConfig RCC_CommonPeriphClockConfig is not available in your config.xml file
2025-09-07 14:20:28,865 [WARN] IPConfigManager:3811 - IP not found : TIM
2025-09-07 14:20:28,866 [WARN] CodeGenerator:4259 - IP not found : null
2025-09-07 14:20:28,871 [INFO] CodeEngine:265 - oldGeneratedFile, E:\projects\DevelopmentLevelCode\LineMonitorUART\LineMonitorUART\Core\Inc\main.h_save
2025-09-07 14:20:28,921 [INFO] CodeEngine:289 - Generated code: E:\projects\DevelopmentLevelCode\LineMonitorUART\LineMonitorUART\Core\Inc\main.h
2025-09-07 14:20:28,926 [INFO] CodeEngine:265 - oldGeneratedFile, E:\projects\DevelopmentLevelCode\LineMonitorUART\LineMonitorUART\Core\Src\main.c_save
2025-09-07 14:20:29,063 [INFO] CodeEngine:289 - Generated code: E:\projects\DevelopmentLevelCode\LineMonitorUART\LineMonitorUART\Core\Src\main.c
2025-09-07 14:20:29,447 [INFO] ProjectBuilder:3606 - Time for Copy HAL[1] : 118mS.
2025-09-07 14:20:29,449 [INFO] ProjectBuilder:5216 - Project Generator version: 4.7.0-B52
2025-09-07 14:20:29,517 [INFO] ConfigFileManager:1595 - The Die is : DIE468
2025-09-07 14:20:30,218 [INFO] ProjectBuilder:5496 - Time for Generating toolchain IDE Files: 769mS.
2025-09-07 14:20:30,219 [INFO] ProjectBuilder:3463 - Time for Copy CMSIS : 0mS.
2025-09-07 14:20:30,222 [INFO] ProjectBuilder:3463 - Time for Copy CMSIS : 0mS.
2025-09-07 16:34:38,722 [INFO] ADCParametersView:116 -                Rank 1 : false
2025-09-07 16:34:38,723 [INFO] ADCParametersView:116 -                Rank 1 : false
2025-09-07 16:34:38,723 [INFO] ADCParametersView:116 -                Rank 1 : false
2025-09-07 16:34:38,725 [INFO] ADCParametersView:116 -                Rank 1 : false
2025-09-07 16:34:38,725 [INFO] ADCParametersView:116 -                Rank 1 : false
2025-09-07 16:34:38,726 [INFO] ADCParametersView:116 -                Rank 1 : false
2025-09-07 16:34:38,726 [INFO] ADCParametersView:116 -                Rank 1 : false
2025-09-07 16:34:38,727 [INFO] ADCParametersView:116 -                Rank 1 : false
2025-09-07 16:34:38,728 [INFO] ADCParametersView:116 -                Rank 1 : false
2025-09-07 16:34:38,728 [INFO] ADCParametersView:116 -                Rank 1 : false
2025-09-07 16:34:38,728 [INFO] ADCParametersView:116 -                Rank 1 : false
2025-09-07 16:34:38,729 [INFO] ADCParametersView:116 -                Rank 1 : false
2025-09-07 16:34:38,729 [INFO] ADCParametersView:116 -                Rank 1 : false
2025-09-07 16:34:38,730 [INFO] ADCParametersView:116 -                Rank 1 : false
2025-09-07 16:34:38,731 [INFO] ADCParametersView:116 -                Rank 1 : false
2025-09-07 16:34:38,731 [INFO] ADCParametersView:116 -                Rank 1 : false
2025-09-07 16:34:38,732 [INFO] ADCParametersView:116 -                Rank 1 : false
2025-09-07 16:34:38,732 [INFO] ADCParametersView:116 -                Rank 1 : false
2025-09-07 16:34:38,732 [INFO] ADCParametersView:116 -                Rank 1 : false
2025-09-07 16:34:38,732 [INFO] ADCParametersView:116 -                Rank 1 : false
2025-09-07 16:34:38,732 [INFO] ADCParametersView:116 -                Rank 1 : false
2025-09-07 16:34:38,821 [INFO] ADCParametersView:116 -                Rank 1 : false
2025-09-07 16:34:38,949 [INFO] ADCParametersView:116 -                Rank 1 : false
2025-09-07 16:34:38,950 [INFO] ADCParametersView:116 -                Rank 1 : false
2025-09-07 16:34:38,950 [INFO] ADCParametersView:116 -                Rank 1 : false
2025-09-07 16:34:38,950 [INFO] ADCParametersView:116 -                Rank 1 : false
2025-09-07 16:34:38,951 [INFO] ADCParametersView:116 -                Rank 1 : false
2025-09-07 16:34:38,951 [INFO] ADCParametersView:116 -                Rank 1 : false
2025-09-07 16:34:38,951 [INFO] ADCParametersView:116 -                Rank 1 : false
2025-09-07 16:34:38,952 [INFO] ADCParametersView:116 -                Rank 1 : false
2025-09-07 16:34:38,952 [INFO] ADCParametersView:116 -                Rank 1 : false
2025-09-07 16:34:38,952 [INFO] ADCParametersView:116 -                Rank 1 : false
2025-09-07 16:34:38,953 [INFO] ADCParametersView:116 -                Rank 1 : false
2025-09-07 16:34:38,953 [INFO] ADCParametersView:116 -                Rank 1 : false
2025-09-07 16:34:38,953 [INFO] ADCParametersView:116 -                Rank 1 : false
2025-09-07 16:34:38,953 [INFO] ADCParametersView:116 -                Rank 1 : false
2025-09-07 16:34:38,953 [INFO] ADCParametersView:116 -                Rank 1 : false
2025-09-07 16:34:38,954 [INFO] ADCParametersView:116 -                Rank 1 : false
2025-09-07 16:34:38,954 [INFO] ADCParametersView:116 -                Rank 1 : false
2025-09-07 16:34:38,954 [INFO] ADCParametersView:116 -                Rank 1 : false
2025-09-07 16:34:38,954 [INFO] ADCParametersView:116 -                Rank 1 : false
2025-09-07 16:34:38,955 [INFO] ADCParametersView:116 -                Rank 1 : false
2025-09-07 16:34:38,955 [INFO] ADCParametersView:116 -                Rank 1 : false
2025-09-07 16:34:39,023 [INFO] ADCParametersView:116 -                Rank 1 : false
2025-09-07 16:34:44,353 [INFO] NvicIntPanel:101 - NVIC parent = com.st.microxplorer.plugins.ip.nvic.MultiNvicIntPanel[,0,0,0x0,invalid,layout=javax.swing.BoxLayout,alignmentX=0.0,alignmentY=0.0,border=,flags=9,maximumSize=,minimumSize=,preferredSize=]
2025-09-07 16:34:44,483 [INFO] ADCParametersView:116 -                Rank 1 : false
2025-09-07 16:34:44,484 [INFO] ADCParametersView:116 -                Rank 1 : false
2025-09-07 16:34:44,484 [INFO] ADCParametersView:116 -                Rank 1 : false
2025-09-07 16:34:44,484 [INFO] ADCParametersView:116 -                Rank 1 : false
2025-09-07 16:34:44,484 [INFO] ADCParametersView:116 -                Rank 1 : false
2025-09-07 16:34:44,485 [INFO] ADCParametersView:116 -                Rank 1 : false
2025-09-07 16:34:44,485 [INFO] ADCParametersView:116 -                Rank 1 : false
2025-09-07 16:34:44,485 [INFO] ADCParametersView:116 -                Rank 1 : false
2025-09-07 16:34:44,485 [INFO] ADCParametersView:116 -                Rank 1 : false
2025-09-07 16:34:44,485 [INFO] ADCParametersView:116 -                Rank 1 : false
2025-09-07 16:34:44,485 [INFO] ADCParametersView:116 -                Rank 1 : false
2025-09-07 16:34:44,485 [INFO] ADCParametersView:116 -                Rank 1 : false
2025-09-07 16:34:44,486 [INFO] ADCParametersView:116 -                Rank 1 : false
2025-09-07 16:34:44,486 [INFO] ADCParametersView:116 -                Rank 1 : false
2025-09-07 16:34:44,486 [INFO] ADCParametersView:116 -                Rank 1 : false
2025-09-07 16:34:44,486 [INFO] ADCParametersView:116 -                Rank 1 : false
2025-09-07 16:34:44,486 [INFO] ADCParametersView:116 -                Rank 1 : false
2025-09-07 16:34:44,486 [INFO] ADCParametersView:116 -                Rank 1 : false
2025-09-07 16:34:44,486 [INFO] ADCParametersView:116 -                Rank 1 : false
2025-09-07 16:34:44,487 [INFO] ADCParametersView:116 -                Rank 1 : false
2025-09-07 16:34:44,487 [INFO] ADCParametersView:116 -                Rank 1 : false
2025-09-07 16:34:44,504 [INFO] ADCParametersView:116 -                Rank 1 : false
2025-09-07 16:34:44,547 [INFO] ADCParametersView:116 -                Rank 1 : false
2025-09-07 16:34:44,548 [INFO] ADCParametersView:116 -                Rank 1 : false
2025-09-07 16:34:44,548 [INFO] ADCParametersView:116 -                Rank 1 : false
2025-09-07 16:34:44,548 [INFO] ADCParametersView:116 -                Rank 1 : false
2025-09-07 16:34:44,548 [INFO] ADCParametersView:116 -                Rank 1 : false
2025-09-07 16:34:44,548 [INFO] ADCParametersView:116 -                Rank 1 : false
2025-09-07 16:34:44,549 [INFO] ADCParametersView:116 -                Rank 1 : false
2025-09-07 16:34:44,549 [INFO] ADCParametersView:116 -                Rank 1 : false
2025-09-07 16:34:44,549 [INFO] ADCParametersView:116 -                Rank 1 : false
2025-09-07 16:34:44,549 [INFO] ADCParametersView:116 -                Rank 1 : false
2025-09-07 16:34:44,549 [INFO] ADCParametersView:116 -                Rank 1 : false
2025-09-07 16:34:44,549 [INFO] ADCParametersView:116 -                Rank 1 : false
2025-09-07 16:34:44,549 [INFO] ADCParametersView:116 -                Rank 1 : false
2025-09-07 16:34:44,550 [INFO] ADCParametersView:116 -                Rank 1 : false
2025-09-07 16:34:44,550 [INFO] ADCParametersView:116 -                Rank 1 : false
2025-09-07 16:34:44,550 [INFO] ADCParametersView:116 -                Rank 1 : false
2025-09-07 16:34:44,550 [INFO] ADCParametersView:116 -                Rank 1 : false
2025-09-07 16:34:44,550 [INFO] ADCParametersView:116 -                Rank 1 : false
2025-09-07 16:34:44,551 [INFO] ADCParametersView:116 -                Rank 1 : false
2025-09-07 16:34:44,551 [INFO] ADCParametersView:116 -                Rank 1 : false
2025-09-07 16:34:44,551 [INFO] ADCParametersView:116 -                Rank 1 : false
2025-09-07 16:34:44,569 [INFO] ADCParametersView:116 -                Rank 1 : false
2025-09-07 16:34:44,848 [INFO] ADCParametersView:116 -                Rank 1 : false
2025-09-07 16:34:44,850 [INFO] ADCParametersView:116 -                Rank 1 : false
2025-09-07 16:34:44,850 [INFO] ADCParametersView:116 -                Rank 1 : false
2025-09-07 16:34:44,851 [INFO] ADCParametersView:116 -                Rank 1 : false
2025-09-07 16:34:44,851 [INFO] ADCParametersView:116 -                Rank 1 : false
2025-09-07 16:34:44,851 [INFO] ADCParametersView:116 -                Rank 1 : false
2025-09-07 16:34:44,851 [INFO] ADCParametersView:116 -                Rank 1 : false
2025-09-07 16:34:44,851 [INFO] ADCParametersView:116 -                Rank 1 : false
2025-09-07 16:34:44,852 [INFO] ADCParametersView:116 -                Rank 1 : false
2025-09-07 16:34:44,852 [INFO] ADCParametersView:116 -                Rank 1 : false
2025-09-07 16:34:44,852 [INFO] ADCParametersView:116 -                Rank 1 : false
2025-09-07 16:34:44,852 [INFO] ADCParametersView:116 -                Rank 1 : false
2025-09-07 16:34:44,852 [INFO] ADCParametersView:116 -                Rank 1 : false
2025-09-07 16:34:44,853 [INFO] ADCParametersView:116 -                Rank 1 : false
2025-09-07 16:34:44,853 [INFO] ADCParametersView:116 -                Rank 1 : false
2025-09-07 16:34:44,853 [INFO] ADCParametersView:116 -                Rank 1 : false
2025-09-07 16:34:44,853 [INFO] ADCParametersView:116 -                Rank 1 : false
2025-09-07 16:34:44,853 [INFO] ADCParametersView:116 -                Rank 1 : false
2025-09-07 16:34:44,853 [INFO] ADCParametersView:116 -                Rank 1 : false
2025-09-07 16:34:44,854 [INFO] ADCParametersView:116 -                Rank 1 : false
2025-09-07 16:34:44,854 [INFO] ADCParametersView:116 -                Rank 1 : false
2025-09-07 16:34:44,875 [INFO] ADCParametersView:116 -                Rank 1 : false
2025-09-07 16:34:44,950 [INFO] ADCParametersView:116 -                Rank 1 : false
2025-09-07 16:34:44,950 [INFO] ADCParametersView:116 -                Rank 1 : false
2025-09-07 16:34:44,950 [INFO] ADCParametersView:116 -                Rank 1 : false
2025-09-07 16:34:44,950 [INFO] ADCParametersView:116 -                Rank 1 : false
2025-09-07 16:34:44,950 [INFO] ADCParametersView:116 -                Rank 1 : false
2025-09-07 16:34:44,950 [INFO] ADCParametersView:116 -                Rank 1 : false
2025-09-07 16:34:44,951 [INFO] ADCParametersView:116 -                Rank 1 : false
2025-09-07 16:34:44,951 [INFO] ADCParametersView:116 -                Rank 1 : false
2025-09-07 16:34:44,951 [INFO] ADCParametersView:116 -                Rank 1 : false
2025-09-07 16:34:44,951 [INFO] ADCParametersView:116 -                Rank 1 : false
2025-09-07 16:34:44,951 [INFO] ADCParametersView:116 -                Rank 1 : false
2025-09-07 16:34:44,951 [INFO] ADCParametersView:116 -                Rank 1 : false
2025-09-07 16:34:44,951 [INFO] ADCParametersView:116 -                Rank 1 : false
2025-09-07 16:34:44,953 [INFO] ADCParametersView:116 -                Rank 1 : false
2025-09-07 16:34:44,953 [INFO] ADCParametersView:116 -                Rank 1 : false
2025-09-07 16:34:44,953 [INFO] ADCParametersView:116 -                Rank 1 : false
2025-09-07 16:34:44,953 [INFO] ADCParametersView:116 -                Rank 1 : false
2025-09-07 16:34:44,953 [INFO] ADCParametersView:116 -                Rank 1 : false
2025-09-07 16:34:44,953 [INFO] ADCParametersView:116 -                Rank 1 : false
2025-09-07 16:34:44,953 [INFO] ADCParametersView:116 -                Rank 1 : false
2025-09-07 16:34:44,953 [INFO] ADCParametersView:116 -                Rank 1 : false
2025-09-07 16:34:44,972 [INFO] ADCParametersView:116 -                Rank 1 : false
2025-09-07 16:34:47,723 [INFO] ADCParametersView:116 -                Rank 1 : false
2025-09-07 16:34:47,724 [INFO] ADCParametersView:116 -                Rank 1 : false
2025-09-07 16:34:47,724 [INFO] ADCParametersView:116 -                Rank 1 : false
2025-09-07 16:34:47,724 [INFO] ADCParametersView:116 -                Rank 1 : false
2025-09-07 16:34:47,724 [INFO] ADCParametersView:116 -                Rank 1 : false
2025-09-07 16:34:47,724 [INFO] ADCParametersView:116 -                Rank 1 : false
2025-09-07 16:34:47,724 [INFO] ADCParametersView:116 -                Rank 1 : false
2025-09-07 16:34:47,724 [INFO] ADCParametersView:116 -                Rank 1 : false
2025-09-07 16:34:47,724 [INFO] ADCParametersView:116 -                Rank 1 : false
2025-09-07 16:34:47,725 [INFO] ADCParametersView:116 -                Rank 1 : false
2025-09-07 16:34:47,725 [INFO] ADCParametersView:116 -                Rank 1 : false
2025-09-07 16:34:47,725 [INFO] ADCParametersView:116 -                Rank 1 : false
2025-09-07 16:34:47,725 [INFO] ADCParametersView:116 -                Rank 1 : false
2025-09-07 16:34:47,725 [INFO] ADCParametersView:116 -                Rank 1 : false
2025-09-07 16:34:47,725 [INFO] ADCParametersView:116 -                Rank 1 : false
2025-09-07 16:34:47,725 [INFO] ADCParametersView:116 -                Rank 1 : false
2025-09-07 16:34:47,725 [INFO] ADCParametersView:116 -                Rank 1 : false
2025-09-07 16:34:47,725 [INFO] ADCParametersView:116 -                Rank 1 : false
2025-09-07 16:34:47,725 [INFO] ADCParametersView:116 -                Rank 1 : false
2025-09-07 16:34:47,725 [INFO] ADCParametersView:116 -                Rank 1 : false
2025-09-07 16:34:47,725 [INFO] ADCParametersView:116 -                Rank 1 : false
2025-09-07 16:34:47,742 [INFO] ADCParametersView:116 -                Rank 1 : false
2025-09-07 16:34:47,779 [INFO] ADCParametersView:116 -                Rank 1 : false
2025-09-07 16:34:47,779 [INFO] ADCParametersView:116 -                Rank 1 : false
2025-09-07 16:34:47,780 [INFO] ADCParametersView:116 -                Rank 1 : false
2025-09-07 16:34:47,780 [INFO] ADCParametersView:116 -                Rank 1 : false
2025-09-07 16:34:47,780 [INFO] ADCParametersView:116 -                Rank 1 : false
2025-09-07 16:34:47,780 [INFO] ADCParametersView:116 -                Rank 1 : false
2025-09-07 16:34:47,780 [INFO] ADCParametersView:116 -                Rank 1 : false
2025-09-07 16:34:47,781 [INFO] ADCParametersView:116 -                Rank 1 : false
2025-09-07 16:34:47,781 [INFO] ADCParametersView:116 -                Rank 1 : false
2025-09-07 16:34:47,781 [INFO] ADCParametersView:116 -                Rank 1 : false
2025-09-07 16:34:47,781 [INFO] ADCParametersView:116 -                Rank 1 : false
2025-09-07 16:34:47,781 [INFO] ADCParametersView:116 -                Rank 1 : false
2025-09-07 16:34:47,781 [INFO] ADCParametersView:116 -                Rank 1 : false
2025-09-07 16:34:47,781 [INFO] ADCParametersView:116 -                Rank 1 : false
2025-09-07 16:34:47,781 [INFO] ADCParametersView:116 -                Rank 1 : false
2025-09-07 16:34:47,782 [INFO] ADCParametersView:116 -                Rank 1 : false
2025-09-07 16:34:47,782 [INFO] ADCParametersView:116 -                Rank 1 : false
2025-09-07 16:34:47,782 [INFO] ADCParametersView:116 -                Rank 1 : false
2025-09-07 16:34:47,782 [INFO] ADCParametersView:116 -                Rank 1 : false
2025-09-07 16:34:47,782 [INFO] ADCParametersView:116 -                Rank 1 : false
2025-09-07 16:34:47,782 [INFO] ADCParametersView:116 -                Rank 1 : false
2025-09-07 16:34:47,799 [INFO] ADCParametersView:116 -                Rank 1 : false
2025-09-07 16:34:47,971 [INFO] ADCParametersView:116 -                Rank 1 : false
2025-09-07 16:34:47,972 [INFO] ADCParametersView:116 -                Rank 1 : false
2025-09-07 16:34:47,972 [INFO] ADCParametersView:116 -                Rank 1 : false
2025-09-07 16:34:47,972 [INFO] ADCParametersView:116 -                Rank 1 : false
2025-09-07 16:34:47,972 [INFO] ADCParametersView:116 -                Rank 1 : false
2025-09-07 16:34:47,972 [INFO] ADCParametersView:116 -                Rank 1 : false
2025-09-07 16:34:47,972 [INFO] ADCParametersView:116 -                Rank 1 : false
2025-09-07 16:34:47,972 [INFO] ADCParametersView:116 -                Rank 1 : false
2025-09-07 16:34:47,972 [INFO] ADCParametersView:116 -                Rank 1 : false
2025-09-07 16:34:47,972 [INFO] ADCParametersView:116 -                Rank 1 : false
2025-09-07 16:34:47,972 [INFO] ADCParametersView:116 -                Rank 1 : false
2025-09-07 16:34:47,972 [INFO] ADCParametersView:116 -                Rank 1 : false
2025-09-07 16:34:47,972 [INFO] ADCParametersView:116 -                Rank 1 : false
2025-09-07 16:34:47,972 [INFO] ADCParametersView:116 -                Rank 1 : false
2025-09-07 16:34:47,973 [INFO] ADCParametersView:116 -                Rank 1 : false
2025-09-07 16:34:47,973 [INFO] ADCParametersView:116 -                Rank 1 : false
2025-09-07 16:34:47,973 [INFO] ADCParametersView:116 -                Rank 1 : false
2025-09-07 16:34:47,973 [INFO] ADCParametersView:116 -                Rank 1 : false
2025-09-07 16:34:47,973 [INFO] ADCParametersView:116 -                Rank 1 : false
2025-09-07 16:34:47,973 [INFO] ADCParametersView:116 -                Rank 1 : false
2025-09-07 16:34:47,973 [INFO] ADCParametersView:116 -                Rank 1 : false
2025-09-07 16:34:47,991 [INFO] ADCParametersView:116 -                Rank 1 : false
2025-09-07 16:34:48,029 [INFO] ADCParametersView:116 -                Rank 1 : false
2025-09-07 16:34:48,030 [INFO] ADCParametersView:116 -                Rank 1 : false
2025-09-07 16:34:48,030 [INFO] ADCParametersView:116 -                Rank 1 : false
2025-09-07 16:34:48,030 [INFO] ADCParametersView:116 -                Rank 1 : false
2025-09-07 16:34:48,030 [INFO] ADCParametersView:116 -                Rank 1 : false
2025-09-07 16:34:48,031 [INFO] ADCParametersView:116 -                Rank 1 : false
2025-09-07 16:34:48,031 [INFO] ADCParametersView:116 -                Rank 1 : false
2025-09-07 16:34:48,031 [INFO] ADCParametersView:116 -                Rank 1 : false
2025-09-07 16:34:48,031 [INFO] ADCParametersView:116 -                Rank 1 : false
2025-09-07 16:34:48,031 [INFO] ADCParametersView:116 -                Rank 1 : false
2025-09-07 16:34:48,031 [INFO] ADCParametersView:116 -                Rank 1 : false
2025-09-07 16:34:48,031 [INFO] ADCParametersView:116 -                Rank 1 : false
2025-09-07 16:34:48,031 [INFO] ADCParametersView:116 -                Rank 1 : false
2025-09-07 16:34:48,031 [INFO] ADCParametersView:116 -                Rank 1 : false
2025-09-07 16:34:48,032 [INFO] ADCParametersView:116 -                Rank 1 : false
2025-09-07 16:34:48,032 [INFO] ADCParametersView:116 -                Rank 1 : false
2025-09-07 16:34:48,032 [INFO] ADCParametersView:116 -                Rank 1 : false
2025-09-07 16:34:48,032 [INFO] ADCParametersView:116 -                Rank 1 : false
2025-09-07 16:34:48,032 [INFO] ADCParametersView:116 -                Rank 1 : false
2025-09-07 16:34:48,032 [INFO] ADCParametersView:116 -                Rank 1 : false
2025-09-07 16:34:48,032 [INFO] ADCParametersView:116 -                Rank 1 : false
2025-09-07 16:34:48,049 [INFO] ADCParametersView:116 -                Rank 1 : false
2025-09-07 16:34:50,956 [INFO] ADCParametersView:116 -                Rank 1 : false
2025-09-07 16:34:50,956 [INFO] ADCParametersView:116 -                Rank 1 : false
2025-09-07 16:34:50,956 [INFO] ADCParametersView:116 -                Rank 1 : false
2025-09-07 16:34:50,956 [INFO] ADCParametersView:116 -                Rank 1 : false
2025-09-07 16:34:50,956 [INFO] ADCParametersView:116 -                Rank 1 : false
2025-09-07 16:34:50,956 [INFO] ADCParametersView:116 -                Rank 1 : false
2025-09-07 16:34:50,956 [INFO] ADCParametersView:116 -                Rank 1 : false
2025-09-07 16:34:50,957 [INFO] ADCParametersView:116 -                Rank 1 : false
2025-09-07 16:34:50,957 [INFO] ADCParametersView:116 -                Rank 1 : false
2025-09-07 16:34:50,957 [INFO] ADCParametersView:116 -                Rank 1 : false
2025-09-07 16:34:50,957 [INFO] ADCParametersView:116 -                Rank 1 : false
2025-09-07 16:34:50,957 [INFO] ADCParametersView:116 -                Rank 1 : false
2025-09-07 16:34:50,957 [INFO] ADCParametersView:116 -                Rank 1 : false
2025-09-07 16:34:50,957 [INFO] ADCParametersView:116 -                Rank 1 : false
2025-09-07 16:34:50,957 [INFO] ADCParametersView:116 -                Rank 1 : false
2025-09-07 16:34:50,957 [INFO] ADCParametersView:116 -                Rank 1 : false
2025-09-07 16:34:50,957 [INFO] ADCParametersView:116 -                Rank 1 : false
2025-09-07 16:34:50,957 [INFO] ADCParametersView:116 -                Rank 1 : false
2025-09-07 16:34:50,957 [INFO] ADCParametersView:116 -                Rank 1 : false
2025-09-07 16:34:50,957 [INFO] ADCParametersView:116 -                Rank 1 : false
2025-09-07 16:34:50,957 [INFO] ADCParametersView:116 -                Rank 1 : false
2025-09-07 16:34:50,972 [INFO] ADCParametersView:116 -                Rank 1 : false
2025-09-07 16:34:51,016 [INFO] ADCParametersView:116 -                Rank 1 : false
2025-09-07 16:34:51,016 [INFO] ADCParametersView:116 -                Rank 1 : false
2025-09-07 16:34:51,016 [INFO] ADCParametersView:116 -                Rank 1 : false
2025-09-07 16:34:51,016 [INFO] ADCParametersView:116 -                Rank 1 : false
2025-09-07 16:34:51,017 [INFO] ADCParametersView:116 -                Rank 1 : false
2025-09-07 16:34:51,017 [INFO] ADCParametersView:116 -                Rank 1 : false
2025-09-07 16:34:51,017 [INFO] ADCParametersView:116 -                Rank 1 : false
2025-09-07 16:34:51,017 [INFO] ADCParametersView:116 -                Rank 1 : false
2025-09-07 16:34:51,017 [INFO] ADCParametersView:116 -                Rank 1 : false
2025-09-07 16:34:51,017 [INFO] ADCParametersView:116 -                Rank 1 : false
2025-09-07 16:34:51,017 [INFO] ADCParametersView:116 -                Rank 1 : false
2025-09-07 16:34:51,017 [INFO] ADCParametersView:116 -                Rank 1 : false
2025-09-07 16:34:51,017 [INFO] ADCParametersView:116 -                Rank 1 : false
2025-09-07 16:34:51,017 [INFO] ADCParametersView:116 -                Rank 1 : false
2025-09-07 16:34:51,017 [INFO] ADCParametersView:116 -                Rank 1 : false
2025-09-07 16:34:51,017 [INFO] ADCParametersView:116 -                Rank 1 : false
2025-09-07 16:34:51,017 [INFO] ADCParametersView:116 -                Rank 1 : false
2025-09-07 16:34:51,017 [INFO] ADCParametersView:116 -                Rank 1 : false
2025-09-07 16:34:51,017 [INFO] ADCParametersView:116 -                Rank 1 : false
2025-09-07 16:34:51,018 [INFO] ADCParametersView:116 -                Rank 1 : false
2025-09-07 16:34:51,018 [INFO] ADCParametersView:116 -                Rank 1 : false
2025-09-07 16:34:51,031 [INFO] ADCParametersView:116 -                Rank 1 : false
2025-09-07 16:34:51,211 [INFO] ADCParametersView:116 -                Rank 1 : false
2025-09-07 16:34:51,211 [INFO] ADCParametersView:116 -                Rank 1 : false
2025-09-07 16:34:51,212 [INFO] ADCParametersView:116 -                Rank 1 : false
2025-09-07 16:34:51,212 [INFO] ADCParametersView:116 -                Rank 1 : false
2025-09-07 16:34:51,212 [INFO] ADCParametersView:116 -                Rank 1 : false
2025-09-07 16:34:51,212 [INFO] ADCParametersView:116 -                Rank 1 : false
2025-09-07 16:34:51,212 [INFO] ADCParametersView:116 -                Rank 1 : false
2025-09-07 16:34:51,212 [INFO] ADCParametersView:116 -                Rank 1 : false
2025-09-07 16:34:51,213 [INFO] ADCParametersView:116 -                Rank 1 : false
2025-09-07 16:34:51,213 [INFO] ADCParametersView:116 -                Rank 1 : false
2025-09-07 16:34:51,213 [INFO] ADCParametersView:116 -                Rank 1 : false
2025-09-07 16:34:51,213 [INFO] ADCParametersView:116 -                Rank 1 : false
2025-09-07 16:34:51,213 [INFO] ADCParametersView:116 -                Rank 1 : false
2025-09-07 16:34:51,213 [INFO] ADCParametersView:116 -                Rank 1 : false
2025-09-07 16:34:51,213 [INFO] ADCParametersView:116 -                Rank 1 : false
2025-09-07 16:34:51,213 [INFO] ADCParametersView:116 -                Rank 1 : false
2025-09-07 16:34:51,213 [INFO] ADCParametersView:116 -                Rank 1 : false
2025-09-07 16:34:51,214 [INFO] ADCParametersView:116 -                Rank 1 : false
2025-09-07 16:34:51,214 [INFO] ADCParametersView:116 -                Rank 1 : false
2025-09-07 16:34:51,214 [INFO] ADCParametersView:116 -                Rank 1 : false
2025-09-07 16:34:51,214 [INFO] ADCParametersView:116 -                Rank 1 : false
2025-09-07 16:34:51,226 [INFO] ADCParametersView:116 -                Rank 1 : false
2025-09-07 16:34:51,259 [INFO] ADCParametersView:116 -                Rank 1 : false
2025-09-07 16:34:51,263 [INFO] ADCParametersView:116 -                Rank 1 : false
2025-09-07 16:34:51,264 [INFO] ADCParametersView:116 -                Rank 1 : false
2025-09-07 16:34:51,264 [INFO] ADCParametersView:116 -                Rank 1 : false
2025-09-07 16:34:51,264 [INFO] ADCParametersView:116 -                Rank 1 : false
2025-09-07 16:34:51,264 [INFO] ADCParametersView:116 -                Rank 1 : false
2025-09-07 16:34:51,264 [INFO] ADCParametersView:116 -                Rank 1 : false
2025-09-07 16:34:51,264 [INFO] ADCParametersView:116 -                Rank 1 : false
2025-09-07 16:34:51,264 [INFO] ADCParametersView:116 -                Rank 1 : false
2025-09-07 16:34:51,264 [INFO] ADCParametersView:116 -                Rank 1 : false
2025-09-07 16:34:51,264 [INFO] ADCParametersView:116 -                Rank 1 : false
2025-09-07 16:34:51,264 [INFO] ADCParametersView:116 -                Rank 1 : false
2025-09-07 16:34:51,265 [INFO] ADCParametersView:116 -                Rank 1 : false
2025-09-07 16:34:51,265 [INFO] ADCParametersView:116 -                Rank 1 : false
2025-09-07 16:34:51,265 [INFO] ADCParametersView:116 -                Rank 1 : false
2025-09-07 16:34:51,265 [INFO] ADCParametersView:116 -                Rank 1 : false
2025-09-07 16:34:51,265 [INFO] ADCParametersView:116 -                Rank 1 : false
2025-09-07 16:34:51,265 [INFO] ADCParametersView:116 -                Rank 1 : false
2025-09-07 16:34:51,265 [INFO] ADCParametersView:116 -                Rank 1 : false
2025-09-07 16:34:51,265 [INFO] ADCParametersView:116 -                Rank 1 : false
2025-09-07 16:34:51,265 [INFO] ADCParametersView:116 -                Rank 1 : false
2025-09-07 16:34:51,278 [INFO] ADCParametersView:116 -                Rank 1 : false
2025-09-07 16:34:54,071 [INFO] ADCParametersView:116 -                Rank 1 : false
2025-09-07 16:34:54,071 [INFO] ADCParametersView:116 -                Rank 1 : false
2025-09-07 16:34:54,072 [INFO] ADCParametersView:116 -                Rank 1 : false
2025-09-07 16:34:54,072 [INFO] ADCParametersView:116 -                Rank 1 : false
2025-09-07 16:34:54,072 [INFO] ADCParametersView:116 -                Rank 1 : false
2025-09-07 16:34:54,072 [INFO] ADCParametersView:116 -                Rank 1 : false
2025-09-07 16:34:54,072 [INFO] ADCParametersView:116 -                Rank 1 : false
2025-09-07 16:34:54,072 [INFO] ADCParametersView:116 -                Rank 1 : false
2025-09-07 16:34:54,072 [INFO] ADCParametersView:116 -                Rank 1 : false
2025-09-07 16:34:54,072 [INFO] ADCParametersView:116 -                Rank 1 : false
2025-09-07 16:34:54,072 [INFO] ADCParametersView:116 -                Rank 1 : false
2025-09-07 16:34:54,072 [INFO] ADCParametersView:116 -                Rank 1 : false
2025-09-07 16:34:54,072 [INFO] ADCParametersView:116 -                Rank 1 : false
2025-09-07 16:34:54,072 [INFO] ADCParametersView:116 -                Rank 1 : false
2025-09-07 16:34:54,072 [INFO] ADCParametersView:116 -                Rank 1 : false
2025-09-07 16:34:54,072 [INFO] ADCParametersView:116 -                Rank 1 : false
2025-09-07 16:34:54,072 [INFO] ADCParametersView:116 -                Rank 1 : false
2025-09-07 16:34:54,073 [INFO] ADCParametersView:116 -                Rank 1 : false
2025-09-07 16:34:54,073 [INFO] ADCParametersView:116 -                Rank 1 : false
2025-09-07 16:34:54,073 [INFO] ADCParametersView:116 -                Rank 1 : false
2025-09-07 16:34:54,073 [INFO] ADCParametersView:116 -                Rank 1 : false
2025-09-07 16:34:54,086 [INFO] ADCParametersView:116 -                Rank 1 : false
2025-09-07 16:34:54,124 [INFO] ADCParametersView:116 -                Rank 1 : false
2025-09-07 16:34:54,124 [INFO] ADCParametersView:116 -                Rank 1 : false
2025-09-07 16:34:54,125 [INFO] ADCParametersView:116 -                Rank 1 : false
2025-09-07 16:34:54,125 [INFO] ADCParametersView:116 -                Rank 1 : false
2025-09-07 16:34:54,125 [INFO] ADCParametersView:116 -                Rank 1 : false
2025-09-07 16:34:54,125 [INFO] ADCParametersView:116 -                Rank 1 : false
2025-09-07 16:34:54,125 [INFO] ADCParametersView:116 -                Rank 1 : false
2025-09-07 16:34:54,125 [INFO] ADCParametersView:116 -                Rank 1 : false
2025-09-07 16:34:54,125 [INFO] ADCParametersView:116 -                Rank 1 : false
2025-09-07 16:34:54,125 [INFO] ADCParametersView:116 -                Rank 1 : false
2025-09-07 16:34:54,125 [INFO] ADCParametersView:116 -                Rank 1 : false
2025-09-07 16:34:54,125 [INFO] ADCParametersView:116 -                Rank 1 : false
2025-09-07 16:34:54,125 [INFO] ADCParametersView:116 -                Rank 1 : false
2025-09-07 16:34:54,125 [INFO] ADCParametersView:116 -                Rank 1 : false
2025-09-07 16:34:54,125 [INFO] ADCParametersView:116 -                Rank 1 : false
2025-09-07 16:34:54,125 [INFO] ADCParametersView:116 -                Rank 1 : false
2025-09-07 16:34:54,125 [INFO] ADCParametersView:116 -                Rank 1 : false
2025-09-07 16:34:54,125 [INFO] ADCParametersView:116 -                Rank 1 : false
2025-09-07 16:34:54,126 [INFO] ADCParametersView:116 -                Rank 1 : false
2025-09-07 16:34:54,126 [INFO] ADCParametersView:116 -                Rank 1 : false
2025-09-07 16:34:54,126 [INFO] ADCParametersView:116 -                Rank 1 : false
2025-09-07 16:34:54,140 [INFO] ADCParametersView:116 -                Rank 1 : false
2025-09-07 16:34:54,308 [INFO] ADCParametersView:116 -                Rank 1 : false
2025-09-07 16:34:54,308 [INFO] ADCParametersView:116 -                Rank 1 : false
2025-09-07 16:34:54,308 [INFO] ADCParametersView:116 -                Rank 1 : false
2025-09-07 16:34:54,308 [INFO] ADCParametersView:116 -                Rank 1 : false
2025-09-07 16:34:54,308 [INFO] ADCParametersView:116 -                Rank 1 : false
2025-09-07 16:34:54,308 [INFO] ADCParametersView:116 -                Rank 1 : false
2025-09-07 16:34:54,308 [INFO] ADCParametersView:116 -                Rank 1 : false
2025-09-07 16:34:54,308 [INFO] ADCParametersView:116 -                Rank 1 : false
2025-09-07 16:34:54,308 [INFO] ADCParametersView:116 -                Rank 1 : false
2025-09-07 16:34:54,308 [INFO] ADCParametersView:116 -                Rank 1 : false
2025-09-07 16:34:54,308 [INFO] ADCParametersView:116 -                Rank 1 : false
2025-09-07 16:34:54,309 [INFO] ADCParametersView:116 -                Rank 1 : false
2025-09-07 16:34:54,309 [INFO] ADCParametersView:116 -                Rank 1 : false
2025-09-07 16:34:54,309 [INFO] ADCParametersView:116 -                Rank 1 : false
2025-09-07 16:34:54,309 [INFO] ADCParametersView:116 -                Rank 1 : false
2025-09-07 16:34:54,309 [INFO] ADCParametersView:116 -                Rank 1 : false
2025-09-07 16:34:54,309 [INFO] ADCParametersView:116 -                Rank 1 : false
2025-09-07 16:34:54,309 [INFO] ADCParametersView:116 -                Rank 1 : false
2025-09-07 16:34:54,309 [INFO] ADCParametersView:116 -                Rank 1 : false
2025-09-07 16:34:54,309 [INFO] ADCParametersView:116 -                Rank 1 : false
2025-09-07 16:34:54,309 [INFO] ADCParametersView:116 -                Rank 1 : false
2025-09-07 16:34:54,323 [INFO] ADCParametersView:116 -                Rank 1 : false
2025-09-07 16:34:54,356 [INFO] ADCParametersView:116 -                Rank 1 : false
2025-09-07 16:34:54,356 [INFO] ADCParametersView:116 -                Rank 1 : false
2025-09-07 16:34:54,356 [INFO] ADCParametersView:116 -                Rank 1 : false
2025-09-07 16:34:54,356 [INFO] ADCParametersView:116 -                Rank 1 : false
2025-09-07 16:34:54,357 [INFO] ADCParametersView:116 -                Rank 1 : false
2025-09-07 16:34:54,357 [INFO] ADCParametersView:116 -                Rank 1 : false
2025-09-07 16:34:54,357 [INFO] ADCParametersView:116 -                Rank 1 : false
2025-09-07 16:34:54,357 [INFO] ADCParametersView:116 -                Rank 1 : false
2025-09-07 16:34:54,357 [INFO] ADCParametersView:116 -                Rank 1 : false
2025-09-07 16:34:54,357 [INFO] ADCParametersView:116 -                Rank 1 : false
2025-09-07 16:34:54,357 [INFO] ADCParametersView:116 -                Rank 1 : false
2025-09-07 16:34:54,357 [INFO] ADCParametersView:116 -                Rank 1 : false
2025-09-07 16:34:54,357 [INFO] ADCParametersView:116 -                Rank 1 : false
2025-09-07 16:34:54,358 [INFO] ADCParametersView:116 -                Rank 1 : false
2025-09-07 16:34:54,358 [INFO] ADCParametersView:116 -                Rank 1 : false
2025-09-07 16:34:54,358 [INFO] ADCParametersView:116 -                Rank 1 : false
2025-09-07 16:34:54,358 [INFO] ADCParametersView:116 -                Rank 1 : false
2025-09-07 16:34:54,358 [INFO] ADCParametersView:116 -                Rank 1 : false
2025-09-07 16:34:54,358 [INFO] ADCParametersView:116 -                Rank 1 : false
2025-09-07 16:34:54,358 [INFO] ADCParametersView:116 -                Rank 1 : false
2025-09-07 16:34:54,358 [INFO] ADCParametersView:116 -                Rank 1 : false
2025-09-07 16:34:54,374 [INFO] ADCParametersView:116 -                Rank 1 : false
2025-09-07 16:35:34,295 [INFO] UtilMem:75 - End SaveConfig() Used Memory: 706663064 Bytes (943718400)
2025-09-07 16:35:35,888 [INFO] UtilMem:75 - End SaveConfig() Used Memory: 725011096 Bytes (943718400)
2025-09-07 16:35:37,267 [INFO] UtilMem:75 - End SaveConfig() Used Memory: 798411416 Bytes (943718400)
2025-09-07 16:35:37,722 [INFO] BlockDiagram:2775 - set Specific Code input for plugin: SPI
2025-09-07 16:35:37,722 [INFO] BlockDiagram:2775 - set Specific Code input for plugin: IWDG
2025-09-07 16:35:37,722 [INFO] BlockDiagram:2775 - set Specific Code input for plugin: DAC
2025-09-07 16:35:37,722 [INFO] BlockDiagram:2775 - set Specific Code input for plugin: TIM1_8G4
2025-09-07 16:35:37,722 [INFO] BlockDiagram:2775 - set Specific Code input for plugin: TIM1_8G4
2025-09-07 16:35:37,722 [INFO] BlockDiagram:2775 - set Specific Code input for plugin: TIM1_8G4
2025-09-07 16:35:37,722 [INFO] BlockDiagram:2775 - set Specific Code input for plugin: TIM1_8G4
2025-09-07 16:35:37,722 [INFO] BlockDiagram:2775 - set Specific Code input for plugin: ADC
2025-09-07 16:35:37,722 [INFO] BlockDiagram:2775 - set Specific Code input for plugin: SYS
2025-09-07 16:35:37,722 [INFO] BlockDiagram:2775 - set Specific Code input for plugin: ADC
2025-09-07 16:35:37,722 [INFO] BlockDiagram:2775 - set Specific Code input for plugin: RCC
2025-09-07 16:35:37,722 [INFO] BlockDiagram:2775 - set Specific Code input for plugin: I2C
2025-09-07 16:35:37,722 [INFO] BlockDiagram:2775 - set Specific Code input for plugin: RTC
2025-09-07 16:35:37,722 [INFO] BlockDiagram:2775 - set Specific Code input for plugin: NVIC
2025-09-07 16:35:37,722 [INFO] BlockDiagram:2775 - set Specific Code input for plugin: USART
2025-09-07 16:35:37,722 [INFO] BlockDiagram:2775 - set Specific Code input for plugin: USART
2025-09-07 16:35:37,723 [INFO] BlockDiagram:2775 - set Specific Code input for plugin: UART
2025-09-07 16:35:37,723 [INFO] BlockDiagram:2775 - set Specific Code input for plugin: GPIO
2025-09-07 16:35:37,724 [INFO] CodeGenerator:892 - code generatio: config db path: C:\ST\STM32CubeIDE_1.19.0\STM32CubeIDE\plugins\com.st.stm32cube.common.mx_6.15.0.202507011659\\db\
2025-09-07 16:35:37,786 [WARN] IP:2250 - OutPut1 not found: check if there is a RefParameter without a condition.
2025-09-07 16:35:37,786 [WARN] IP:2250 - OutPut2 not found: check if there is a RefParameter without a condition.
2025-09-07 16:35:37,786 [WARN] IP:2250 - OutPut3 not found: check if there is a RefParameter without a condition.
2025-09-07 16:35:37,950 [INFO] CodeEngine:265 - oldGeneratedFile, E:\projects\DevelopmentLevelCode\LineMonitorUART\LineMonitorUART\MXTmpFiles\license.tmp_save
2025-09-07 16:35:38,326 [INFO] CodeEngine:289 - Generated code: E:\projects\DevelopmentLevelCode\LineMonitorUART\LineMonitorUART\MXTmpFiles\license.tmp
2025-09-07 16:35:38,448 [INFO] CodeEngine:265 - oldGeneratedFile, E:\projects\DevelopmentLevelCode\LineMonitorUART\LineMonitorUART\MXTmpFiles\gpio.tmp_save
2025-09-07 16:35:38,656 [INFO] CodeEngine:289 - Generated code: E:\projects\DevelopmentLevelCode\LineMonitorUART\LineMonitorUART\MXTmpFiles\gpio.tmp
2025-09-07 16:35:40,295 [INFO] CodeEngine:265 - oldGeneratedFile, E:\projects\DevelopmentLevelCode\LineMonitorUART\LineMonitorUART\Core\Src\stm32g4xx_it.c_save
2025-09-07 16:35:40,670 [INFO] CodeEngine:289 - Generated code: E:\projects\DevelopmentLevelCode\LineMonitorUART\LineMonitorUART\Core\Src\stm32g4xx_it.c
2025-09-07 16:35:40,675 [INFO] CodeEngine:265 - oldGeneratedFile, E:\projects\DevelopmentLevelCode\LineMonitorUART\LineMonitorUART\Core\Inc\stm32g4xx_it.h_save
2025-09-07 16:35:40,802 [INFO] CodeEngine:289 - Generated code: E:\projects\DevelopmentLevelCode\LineMonitorUART\LineMonitorUART\Core\Inc\stm32g4xx_it.h
2025-09-07 16:35:40,820 [INFO] CodeEngine:265 - oldGeneratedFile, E:\projects\DevelopmentLevelCode\LineMonitorUART\LineMonitorUART\Core\Src\stm32g4xx_hal_msp.c_save
2025-09-07 16:35:41,028 [INFO] CodeEngine:289 - Generated code: E:\projects\DevelopmentLevelCode\LineMonitorUART\LineMonitorUART\Core\Src\stm32g4xx_hal_msp.c
2025-09-07 16:35:41,033 [INFO] CodeEngine:265 - oldGeneratedFile, E:\projects\DevelopmentLevelCode\LineMonitorUART\LineMonitorUART\MXTmpFiles\system.tmp_save
2025-09-07 16:35:41,123 [INFO] CodeEngine:289 - Generated code: E:\projects\DevelopmentLevelCode\LineMonitorUART\LineMonitorUART\MXTmpFiles\system.tmp
2025-09-07 16:35:41,135 [INFO] CodeEngine:321 - oldGeneratedFile, E:\projects\DevelopmentLevelCode\LineMonitorUART\LineMonitorUART\Core\Inc\stm32g4xx_hal_conf.h_save
2025-09-07 16:35:41,224 [INFO] CodeEngine:345 - Generated code: E:\projects\DevelopmentLevelCode\LineMonitorUART\LineMonitorUART\Core\Inc\stm32g4xx_hal_conf.h
2025-09-07 16:35:41,243 [WARN] IPConfigManager:3238 - Warning: the RefConfig RCC_CommonPeriphClockConfig is not available in your config.xml file
2025-09-07 16:35:41,251 [WARN] IPConfigManager:3811 - IP not found : TIM
2025-09-07 16:35:41,252 [WARN] CodeGenerator:4259 - IP not found : null
2025-09-07 16:35:41,260 [INFO] CodeEngine:265 - oldGeneratedFile, E:\projects\DevelopmentLevelCode\LineMonitorUART\LineMonitorUART\Core\Inc\main.h_save
2025-09-07 16:35:41,374 [INFO] CodeEngine:289 - Generated code: E:\projects\DevelopmentLevelCode\LineMonitorUART\LineMonitorUART\Core\Inc\main.h
2025-09-07 16:35:41,380 [INFO] CodeEngine:265 - oldGeneratedFile, E:\projects\DevelopmentLevelCode\LineMonitorUART\LineMonitorUART\Core\Src\main.c_save
2025-09-07 16:35:41,605 [INFO] CodeEngine:289 - Generated code: E:\projects\DevelopmentLevelCode\LineMonitorUART\LineMonitorUART\Core\Src\main.c
2025-09-07 16:35:42,125 [INFO] ProjectBuilder:3606 - Time for Copy HAL[1] : 193mS.
2025-09-07 16:35:42,130 [INFO] ProjectBuilder:5216 - Project Generator version: 4.7.0-B52
2025-09-07 16:35:42,238 [INFO] ConfigFileManager:1595 - The Die is : DIE468
2025-09-07 16:35:43,335 [INFO] ProjectBuilder:5496 - Time for Generating toolchain IDE Files: 1205mS.
2025-09-07 16:35:43,335 [INFO] ProjectBuilder:3463 - Time for Copy CMSIS : 0mS.
2025-09-07 16:35:43,337 [INFO] ProjectBuilder:3463 - Time for Copy CMSIS : 0mS.
2025-09-07 16:36:10,788 [INFO] SpinnerEditorADC:65 - is string kkkk
2025-09-07 16:36:17,718 [INFO] ADCParametersView:116 -                Rank 1 : false
2025-09-07 16:36:17,722 [INFO] ADCParametersView:116 -                Rank 1 : false
2025-09-07 16:36:17,722 [INFO] ADCParametersView:116 -                Rank 1 : false
2025-09-07 16:36:17,722 [INFO] ADCParametersView:116 -                Rank 1 : false
2025-09-07 16:36:17,722 [INFO] ADCParametersView:116 -                Rank 1 : false
2025-09-07 16:36:17,722 [INFO] ADCParametersView:116 -                Rank 1 : false
2025-09-07 16:36:17,722 [INFO] ADCParametersView:116 -                Rank 1 : false
2025-09-07 16:36:17,722 [INFO] ADCParametersView:116 -                Rank 1 : false
2025-09-07 16:36:17,722 [INFO] ADCParametersView:116 -                Rank 1 : false
2025-09-07 16:36:17,722 [INFO] ADCParametersView:116 -                Rank 1 : false
2025-09-07 16:36:17,722 [INFO] ADCParametersView:116 -                Rank 1 : false
2025-09-07 16:36:17,722 [INFO] ADCParametersView:116 -                Rank 1 : false
2025-09-07 16:36:17,722 [INFO] ADCParametersView:116 -                Rank 1 : false
2025-09-07 16:36:17,722 [INFO] ADCParametersView:116 -                Rank 1 : false
2025-09-07 16:36:17,722 [INFO] ADCParametersView:116 -                Rank 1 : false
2025-09-07 16:36:17,722 [INFO] ADCParametersView:116 -                Rank 1 : false
2025-09-07 16:36:17,722 [INFO] ADCParametersView:116 -                Rank 1 : false
2025-09-07 16:36:17,723 [INFO] ADCParametersView:116 -                Rank 1 : false
2025-09-07 16:36:17,723 [INFO] ADCParametersView:116 -                Rank 1 : false
2025-09-07 16:36:17,723 [INFO] ADCParametersView:116 -                Rank 1 : false
2025-09-07 16:36:17,723 [INFO] ADCParametersView:116 -                Rank 1 : false
2025-09-07 16:36:17,739 [INFO] ADCParametersView:116 -                Rank 1 : false
2025-09-07 16:36:17,739 [INFO] ADCParametersView:116 -                Rank 1 : false
2025-09-07 16:36:17,739 [INFO] ADCParametersView:116 -        *      Rank 2 : false
2025-09-07 16:36:17,780 [INFO] ADCParametersView:116 -                Rank 1 : false
2025-09-07 16:36:17,780 [INFO] ADCParametersView:116 -        *      Rank 2 : false
2025-09-07 16:36:17,784 [INFO] ADCParametersView:116 -                Rank 1 : false
2025-09-07 16:36:17,785 [INFO] ADCParametersView:116 -        *      Rank 2 : false
2025-09-07 16:36:17,785 [INFO] ADCParametersView:116 -                Rank 1 : false
2025-09-07 16:36:17,785 [INFO] ADCParametersView:116 -        *      Rank 2 : false
2025-09-07 16:36:17,785 [INFO] ADCParametersView:116 -                Rank 1 : false
2025-09-07 16:36:17,785 [INFO] ADCParametersView:116 -        *      Rank 2 : false
2025-09-07 16:36:17,785 [INFO] ADCParametersView:116 -                Rank 1 : false
2025-09-07 16:36:17,785 [INFO] ADCParametersView:116 -        *      Rank 2 : false
2025-09-07 16:36:17,785 [INFO] ADCParametersView:116 -                Rank 1 : false
2025-09-07 16:36:17,785 [INFO] ADCParametersView:116 -        *      Rank 2 : false
2025-09-07 16:36:17,785 [INFO] ADCParametersView:116 -                Rank 1 : false
2025-09-07 16:36:17,785 [INFO] ADCParametersView:116 -        *      Rank 2 : false
2025-09-07 16:36:17,785 [INFO] ADCParametersView:116 -                Rank 1 : false
2025-09-07 16:36:17,785 [INFO] ADCParametersView:116 -        *      Rank 2 : false
2025-09-07 16:36:17,786 [INFO] ADCParametersView:116 -                Rank 1 : false
2025-09-07 16:36:17,786 [INFO] ADCParametersView:116 -        *      Rank 2 : false
2025-09-07 16:36:17,786 [INFO] ADCParametersView:116 -                Rank 1 : false
2025-09-07 16:36:17,786 [INFO] ADCParametersView:116 -        *      Rank 2 : false
2025-09-07 16:36:17,786 [INFO] ADCParametersView:116 -                Rank 1 : false
2025-09-07 16:36:17,786 [INFO] ADCParametersView:116 -        *      Rank 2 : false
2025-09-07 16:36:17,786 [INFO] ADCParametersView:116 -                Rank 1 : false
2025-09-07 16:36:17,786 [INFO] ADCParametersView:116 -        *      Rank 2 : false
2025-09-07 16:36:17,786 [INFO] ADCParametersView:116 -                Rank 1 : false
2025-09-07 16:36:17,786 [INFO] ADCParametersView:116 -        *      Rank 2 : false
2025-09-07 16:36:17,786 [INFO] ADCParametersView:116 -                Rank 1 : false
2025-09-07 16:36:17,786 [INFO] ADCParametersView:116 -        *      Rank 2 : false
2025-09-07 16:36:17,786 [INFO] ADCParametersView:116 -                Rank 1 : false
2025-09-07 16:36:17,786 [INFO] ADCParametersView:116 -        *      Rank 2 : false
2025-09-07 16:36:17,786 [INFO] ADCParametersView:116 -                Rank 1 : false
2025-09-07 16:36:17,786 [INFO] ADCParametersView:116 -        *      Rank 2 : false
2025-09-07 16:36:17,786 [INFO] ADCParametersView:116 -                Rank 1 : false
2025-09-07 16:36:17,786 [INFO] ADCParametersView:116 -        *      Rank 2 : false
2025-09-07 16:36:17,786 [INFO] ADCParametersView:116 -                Rank 1 : false
2025-09-07 16:36:17,786 [INFO] ADCParametersView:116 -        *      Rank 2 : false
2025-09-07 16:36:17,786 [INFO] ADCParametersView:116 -                Rank 1 : false
2025-09-07 16:36:17,787 [INFO] ADCParametersView:116 -        *      Rank 2 : false
2025-09-07 16:36:17,787 [INFO] ADCParametersView:116 -                Rank 1 : false
2025-09-07 16:36:17,787 [INFO] ADCParametersView:116 -        *      Rank 2 : false
2025-09-07 16:36:17,787 [INFO] ADCParametersView:116 -                Rank 1 : false
2025-09-07 16:36:17,787 [INFO] ADCParametersView:116 -        *      Rank 2 : false
2025-09-07 16:36:17,787 [INFO] ADCParametersView:116 -        *      Rank 2 : false
2025-09-07 16:36:17,806 [INFO] ADCParametersView:116 -                Rank 1 : false
2025-09-07 16:36:17,807 [INFO] ADCParametersView:116 -                Rank 1 : false
2025-09-07 16:36:17,807 [INFO] ADCParametersView:116 -        *      Rank 2 : false
2025-09-07 16:36:18,020 [INFO] NvicIntPanel:101 - NVIC parent = com.st.microxplorer.plugins.ip.nvic.MultiNvicIntPanel[,0,0,0x0,invalid,layout=javax.swing.BoxLayout,alignmentX=0.0,alignmentY=0.0,border=,flags=9,maximumSize=,minimumSize=,preferredSize=]
2025-09-07 16:36:18,221 [INFO] NvicIntPanel:101 - NVIC parent = com.st.microxplorer.plugins.ip.nvic.MultiNvicIntPanel[,0,0,0x0,invalid,layout=javax.swing.BoxLayout,alignmentX=0.0,alignmentY=0.0,border=,flags=9,maximumSize=,minimumSize=,preferredSize=]
2025-09-07 16:36:18,422 [INFO] NvicIntPanel:101 - NVIC parent = com.st.microxplorer.plugins.ip.nvic.MultiNvicIntPanel[,0,0,0x0,invalid,layout=javax.swing.BoxLayout,alignmentX=0.0,alignmentY=0.0,border=,flags=9,maximumSize=,minimumSize=,preferredSize=]
2025-09-07 16:36:18,706 [INFO] NvicIntPanel:101 - NVIC parent = com.st.microxplorer.plugins.ip.nvic.MultiNvicIntPanel[,0,0,0x0,invalid,layout=javax.swing.BoxLayout,alignmentX=0.0,alignmentY=0.0,border=,flags=9,maximumSize=,minimumSize=,preferredSize=]
2025-09-07 16:36:18,963 [INFO] NvicIntPanel:101 - NVIC parent = com.st.microxplorer.plugins.ip.nvic.MultiNvicIntPanel[,0,0,0x0,invalid,layout=javax.swing.BoxLayout,alignmentX=0.0,alignmentY=0.0,border=,flags=9,maximumSize=,minimumSize=,preferredSize=]
2025-09-07 16:36:19,144 [INFO] NvicIntPanel:101 - NVIC parent = com.st.microxplorer.plugins.ip.nvic.MultiNvicIntPanel[,0,0,0x0,invalid,layout=javax.swing.BoxLayout,alignmentX=0.0,alignmentY=0.0,border=,flags=9,maximumSize=,minimumSize=,preferredSize=]
2025-09-07 16:36:19,318 [INFO] NvicIntPanel:101 - NVIC parent = com.st.microxplorer.plugins.ip.nvic.MultiNvicIntPanel[,0,0,0x0,invalid,layout=javax.swing.BoxLayout,alignmentX=0.0,alignmentY=0.0,border=,flags=9,maximumSize=,minimumSize=,preferredSize=]
2025-09-07 16:36:19,499 [INFO] NvicIntPanel:101 - NVIC parent = com.st.microxplorer.plugins.ip.nvic.MultiNvicIntPanel[,0,0,0x0,invalid,layout=javax.swing.BoxLayout,alignmentX=0.0,alignmentY=0.0,border=,flags=9,maximumSize=,minimumSize=,preferredSize=]
2025-09-07 16:36:19,686 [INFO] NvicIntPanel:101 - NVIC parent = com.st.microxplorer.plugins.ip.nvic.MultiNvicIntPanel[,0,0,0x0,invalid,layout=javax.swing.BoxLayout,alignmentX=0.0,alignmentY=0.0,border=,flags=9,maximumSize=,minimumSize=,preferredSize=]
2025-09-07 16:36:19,868 [INFO] NvicIntPanel:101 - NVIC parent = com.st.microxplorer.plugins.ip.nvic.MultiNvicIntPanel[,0,0,0x0,invalid,layout=javax.swing.BoxLayout,alignmentX=0.0,alignmentY=0.0,border=,flags=9,maximumSize=,minimumSize=,preferredSize=]
2025-09-07 16:36:20,046 [INFO] NvicIntPanel:101 - NVIC parent = com.st.microxplorer.plugins.ip.nvic.MultiNvicIntPanel[,0,0,0x0,invalid,layout=javax.swing.BoxLayout,alignmentX=0.0,alignmentY=0.0,border=,flags=9,maximumSize=,minimumSize=,preferredSize=]
2025-09-07 16:36:20,206 [INFO] NvicIntPanel:101 - NVIC parent = com.st.microxplorer.plugins.ip.nvic.MultiNvicIntPanel[,0,0,0x0,invalid,layout=javax.swing.BoxLayout,alignmentX=0.0,alignmentY=0.0,border=,flags=9,maximumSize=,minimumSize=,preferredSize=]
2025-09-07 16:36:20,243 [INFO] ADCParametersView:116 -                Rank 1 : false
2025-09-07 16:36:20,243 [INFO] ADCParametersView:116 -        *      Rank 2 : false
2025-09-07 16:36:20,245 [INFO] ADCParametersView:116 -                Rank 1 : false
2025-09-07 16:36:20,245 [INFO] ADCParametersView:116 -        *      Rank 2 : false
2025-09-07 16:36:20,246 [INFO] ADCParametersView:116 -                Rank 1 : false
2025-09-07 16:36:20,246 [INFO] ADCParametersView:116 -        *      Rank 2 : false
2025-09-07 16:36:20,246 [INFO] ADCParametersView:116 -                Rank 1 : false
2025-09-07 16:36:20,246 [INFO] ADCParametersView:116 -        *      Rank 2 : false
2025-09-07 16:36:20,246 [INFO] ADCParametersView:116 -                Rank 1 : false
2025-09-07 16:36:20,246 [INFO] ADCParametersView:116 -        *      Rank 2 : false
2025-09-07 16:36:20,246 [INFO] ADCParametersView:116 -                Rank 1 : false
2025-09-07 16:36:20,246 [INFO] ADCParametersView:116 -        *      Rank 2 : false
2025-09-07 16:36:20,246 [INFO] ADCParametersView:116 -                Rank 1 : false
2025-09-07 16:36:20,246 [INFO] ADCParametersView:116 -        *      Rank 2 : false
2025-09-07 16:36:20,246 [INFO] ADCParametersView:116 -                Rank 1 : false
2025-09-07 16:36:20,246 [INFO] ADCParametersView:116 -        *      Rank 2 : false
2025-09-07 16:36:20,246 [INFO] ADCParametersView:116 -                Rank 1 : false
2025-09-07 16:36:20,246 [INFO] ADCParametersView:116 -        *      Rank 2 : false
2025-09-07 16:36:20,246 [INFO] ADCParametersView:116 -                Rank 1 : false
2025-09-07 16:36:20,247 [INFO] ADCParametersView:116 -        *      Rank 2 : false
2025-09-07 16:36:20,247 [INFO] ADCParametersView:116 -                Rank 1 : false
2025-09-07 16:36:20,247 [INFO] ADCParametersView:116 -        *      Rank 2 : false
2025-09-07 16:36:20,247 [INFO] ADCParametersView:116 -                Rank 1 : false
2025-09-07 16:36:20,247 [INFO] ADCParametersView:116 -        *      Rank 2 : false
2025-09-07 16:36:20,247 [INFO] ADCParametersView:116 -                Rank 1 : false
2025-09-07 16:36:20,247 [INFO] ADCParametersView:116 -        *      Rank 2 : false
2025-09-07 16:36:20,247 [INFO] ADCParametersView:116 -                Rank 1 : false
2025-09-07 16:36:20,247 [INFO] ADCParametersView:116 -        *      Rank 2 : false
2025-09-07 16:36:20,247 [INFO] ADCParametersView:116 -                Rank 1 : false
2025-09-07 16:36:20,247 [INFO] ADCParametersView:116 -        *      Rank 2 : false
2025-09-07 16:36:20,247 [INFO] ADCParametersView:116 -                Rank 1 : false
2025-09-07 16:36:20,247 [INFO] ADCParametersView:116 -        *      Rank 2 : false
2025-09-07 16:36:20,247 [INFO] ADCParametersView:116 -                Rank 1 : false
2025-09-07 16:36:20,247 [INFO] ADCParametersView:116 -        *      Rank 2 : false
2025-09-07 16:36:20,247 [INFO] ADCParametersView:116 -                Rank 1 : false
2025-09-07 16:36:20,247 [INFO] ADCParametersView:116 -        *      Rank 2 : false
2025-09-07 16:36:20,247 [INFO] ADCParametersView:116 -                Rank 1 : false
2025-09-07 16:36:20,247 [INFO] ADCParametersView:116 -        *      Rank 2 : false
2025-09-07 16:36:20,247 [INFO] ADCParametersView:116 -                Rank 1 : false
2025-09-07 16:36:20,247 [INFO] ADCParametersView:116 -        *      Rank 2 : false
2025-09-07 16:36:20,247 [INFO] ADCParametersView:116 -                Rank 1 : false
2025-09-07 16:36:20,247 [INFO] ADCParametersView:116 -        *      Rank 2 : false
2025-09-07 16:36:20,248 [INFO] ADCParametersView:116 -        *      Rank 2 : false
2025-09-07 16:36:20,269 [INFO] ADCParametersView:116 -                Rank 1 : false
2025-09-07 16:36:20,269 [INFO] ADCParametersView:116 -                Rank 1 : false
2025-09-07 16:36:20,269 [INFO] ADCParametersView:116 -        *      Rank 2 : false
2025-09-07 16:36:20,269 [INFO] ADCParametersView:116 -                Rank 1 : false
2025-09-07 16:36:20,269 [INFO] ADCParametersView:116 -        *      Rank 2 : false
2025-09-07 16:36:20,269 [INFO] ADCParametersView:116 -        *      Rank 3 : false
2025-09-07 16:36:20,269 [INFO] ADCParametersView:116 -                Rank 1 : false
2025-09-07 16:36:20,270 [INFO] ADCParametersView:116 -        *      Rank 2 : false
2025-09-07 16:36:20,270 [INFO] ADCParametersView:116 -        *      Rank 3 : false
2025-09-07 16:36:20,270 [INFO] ADCParametersView:116 -        *      Rank 4 : false
2025-09-07 16:36:20,275 [INFO] SpinnerEditorADC:65 - is string kkkk
2025-09-07 16:36:25,187 [INFO] ADCParametersView:116 -                Rank 1 : false
2025-09-07 16:36:25,187 [INFO] ADCParametersView:116 -        *      Rank 2 : false
2025-09-07 16:36:25,187 [INFO] ADCParametersView:116 -        *      Rank 3 : false
2025-09-07 16:36:25,187 [INFO] ADCParametersView:116 -        *      Rank 4 : false
2025-09-07 16:36:25,191 [INFO] ADCParametersView:116 -                Rank 1 : false
2025-09-07 16:36:25,191 [INFO] ADCParametersView:116 -        *      Rank 2 : false
2025-09-07 16:36:25,191 [INFO] ADCParametersView:116 -        *      Rank 3 : false
2025-09-07 16:36:25,191 [INFO] ADCParametersView:116 -        *      Rank 4 : false
2025-09-07 16:36:25,191 [INFO] ADCParametersView:116 -                Rank 1 : false
2025-09-07 16:36:25,191 [INFO] ADCParametersView:116 -        *      Rank 2 : false
2025-09-07 16:36:25,191 [INFO] ADCParametersView:116 -        *      Rank 3 : false
2025-09-07 16:36:25,191 [INFO] ADCParametersView:116 -        *      Rank 4 : false
2025-09-07 16:36:25,191 [INFO] ADCParametersView:116 -                Rank 1 : false
2025-09-07 16:36:25,191 [INFO] ADCParametersView:116 -        *      Rank 2 : false
2025-09-07 16:36:25,191 [INFO] ADCParametersView:116 -        *      Rank 3 : false
2025-09-07 16:36:25,191 [INFO] ADCParametersView:116 -        *      Rank 4 : false
2025-09-07 16:36:25,192 [INFO] ADCParametersView:116 -                Rank 1 : false
2025-09-07 16:36:25,192 [INFO] ADCParametersView:116 -        *      Rank 2 : false
2025-09-07 16:36:25,192 [INFO] ADCParametersView:116 -        *      Rank 3 : false
2025-09-07 16:36:25,192 [INFO] ADCParametersView:116 -        *      Rank 4 : false
2025-09-07 16:36:25,192 [INFO] ADCParametersView:116 -                Rank 1 : false
2025-09-07 16:36:25,192 [INFO] ADCParametersView:116 -        *      Rank 2 : false
2025-09-07 16:36:25,192 [INFO] ADCParametersView:116 -        *      Rank 3 : false
2025-09-07 16:36:25,192 [INFO] ADCParametersView:116 -        *      Rank 4 : false
2025-09-07 16:36:25,192 [INFO] ADCParametersView:116 -                Rank 1 : false
2025-09-07 16:36:25,192 [INFO] ADCParametersView:116 -        *      Rank 2 : false
2025-09-07 16:36:25,192 [INFO] ADCParametersView:116 -        *      Rank 3 : false
2025-09-07 16:36:25,192 [INFO] ADCParametersView:116 -        *      Rank 4 : false
2025-09-07 16:36:25,192 [INFO] ADCParametersView:116 -                Rank 1 : false
2025-09-07 16:36:25,192 [INFO] ADCParametersView:116 -        *      Rank 2 : false
2025-09-07 16:36:25,192 [INFO] ADCParametersView:116 -        *      Rank 3 : false
2025-09-07 16:36:25,192 [INFO] ADCParametersView:116 -        *      Rank 4 : false
2025-09-07 16:36:25,192 [INFO] ADCParametersView:116 -                Rank 1 : false
2025-09-07 16:36:25,192 [INFO] ADCParametersView:116 -        *      Rank 2 : false
2025-09-07 16:36:25,192 [INFO] ADCParametersView:116 -        *      Rank 3 : false
2025-09-07 16:36:25,192 [INFO] ADCParametersView:116 -        *      Rank 4 : false
2025-09-07 16:36:25,192 [INFO] ADCParametersView:116 -                Rank 1 : false
2025-09-07 16:36:25,192 [INFO] ADCParametersView:116 -        *      Rank 2 : false
2025-09-07 16:36:25,192 [INFO] ADCParametersView:116 -        *      Rank 3 : false
2025-09-07 16:36:25,193 [INFO] ADCParametersView:116 -        *      Rank 4 : false
2025-09-07 16:36:25,193 [INFO] ADCParametersView:116 -                Rank 1 : false
2025-09-07 16:36:25,193 [INFO] ADCParametersView:116 -        *      Rank 2 : false
2025-09-07 16:36:25,193 [INFO] ADCParametersView:116 -        *      Rank 3 : false
2025-09-07 16:36:25,193 [INFO] ADCParametersView:116 -        *      Rank 4 : false
2025-09-07 16:36:25,193 [INFO] ADCParametersView:116 -                Rank 1 : false
2025-09-07 16:36:25,193 [INFO] ADCParametersView:116 -        *      Rank 2 : false
2025-09-07 16:36:25,193 [INFO] ADCParametersView:116 -        *      Rank 3 : false
2025-09-07 16:36:25,193 [INFO] ADCParametersView:116 -        *      Rank 4 : false
2025-09-07 16:36:25,193 [INFO] ADCParametersView:116 -                Rank 1 : false
2025-09-07 16:36:25,193 [INFO] ADCParametersView:116 -        *      Rank 2 : false
2025-09-07 16:36:25,193 [INFO] ADCParametersView:116 -        *      Rank 3 : false
2025-09-07 16:36:25,193 [INFO] ADCParametersView:116 -        *      Rank 4 : false
2025-09-07 16:36:25,193 [INFO] ADCParametersView:116 -                Rank 1 : false
2025-09-07 16:36:25,193 [INFO] ADCParametersView:116 -        *      Rank 2 : false
2025-09-07 16:36:25,193 [INFO] ADCParametersView:116 -        *      Rank 3 : false
2025-09-07 16:36:25,193 [INFO] ADCParametersView:116 -        *      Rank 4 : false
2025-09-07 16:36:25,193 [INFO] ADCParametersView:116 -                Rank 1 : false
2025-09-07 16:36:25,193 [INFO] ADCParametersView:116 -        *      Rank 2 : false
2025-09-07 16:36:25,193 [INFO] ADCParametersView:116 -        *      Rank 3 : false
2025-09-07 16:36:25,193 [INFO] ADCParametersView:116 -        *      Rank 4 : false
2025-09-07 16:36:25,193 [INFO] ADCParametersView:116 -                Rank 1 : false
2025-09-07 16:36:25,193 [INFO] ADCParametersView:116 -        *      Rank 2 : false
2025-09-07 16:36:25,193 [INFO] ADCParametersView:116 -        *      Rank 3 : false
2025-09-07 16:36:25,193 [INFO] ADCParametersView:116 -        *      Rank 4 : false
2025-09-07 16:36:25,193 [INFO] ADCParametersView:116 -                Rank 1 : false
2025-09-07 16:36:25,193 [INFO] ADCParametersView:116 -        *      Rank 2 : false
2025-09-07 16:36:25,194 [INFO] ADCParametersView:116 -        *      Rank 3 : false
2025-09-07 16:36:25,194 [INFO] ADCParametersView:116 -        *      Rank 4 : false
2025-09-07 16:36:25,194 [INFO] ADCParametersView:116 -                Rank 1 : false
2025-09-07 16:36:25,194 [INFO] ADCParametersView:116 -        *      Rank 2 : false
2025-09-07 16:36:25,194 [INFO] ADCParametersView:116 -        *      Rank 3 : false
2025-09-07 16:36:25,194 [INFO] ADCParametersView:116 -        *      Rank 4 : false
2025-09-07 16:36:25,194 [INFO] ADCParametersView:116 -                Rank 1 : false
2025-09-07 16:36:25,194 [INFO] ADCParametersView:116 -        *      Rank 2 : false
2025-09-07 16:36:25,194 [INFO] ADCParametersView:116 -        *      Rank 3 : false
2025-09-07 16:36:25,194 [INFO] ADCParametersView:116 -        *      Rank 4 : false
2025-09-07 16:36:25,194 [INFO] ADCParametersView:116 -                Rank 1 : false
2025-09-07 16:36:25,194 [INFO] ADCParametersView:116 -        *      Rank 2 : false
2025-09-07 16:36:25,194 [INFO] ADCParametersView:116 -        *      Rank 3 : false
2025-09-07 16:36:25,194 [INFO] ADCParametersView:116 -        *      Rank 4 : false
2025-09-07 16:36:25,194 [INFO] ADCParametersView:116 -                Rank 1 : false
2025-09-07 16:36:25,194 [INFO] ADCParametersView:116 -        *      Rank 2 : false
2025-09-07 16:36:25,194 [INFO] ADCParametersView:116 -        *      Rank 3 : false
2025-09-07 16:36:25,194 [INFO] ADCParametersView:116 -        *      Rank 4 : false
2025-09-07 16:36:25,194 [INFO] ADCParametersView:116 -        *      Rank 2 : false
2025-09-07 16:36:25,194 [INFO] ADCParametersView:116 -        *      Rank 3 : false
2025-09-07 16:36:25,194 [INFO] ADCParametersView:116 -        *      Rank 4 : false
2025-09-07 16:36:25,194 [INFO] ADCParametersView:116 -        *      Rank 3 : false
2025-09-07 16:36:25,194 [INFO] ADCParametersView:116 -        *      Rank 4 : false
2025-09-07 16:36:25,194 [INFO] ADCParametersView:116 -        *      Rank 4 : false
2025-09-07 16:36:25,218 [INFO] ADCParametersView:116 -                Rank 1 : false
2025-09-07 16:36:25,218 [INFO] ADCParametersView:116 -                Rank 1 : false
2025-09-07 16:36:25,218 [INFO] ADCParametersView:116 -                Rank 2 : false
2025-09-07 16:36:25,219 [INFO] ADCParametersView:116 -                Rank 1 : false
2025-09-07 16:36:25,219 [INFO] ADCParametersView:116 -                Rank 2 : false
2025-09-07 16:36:25,219 [INFO] ADCParametersView:116 -                Rank 3 : false
2025-09-07 16:36:25,219 [INFO] ADCParametersView:116 -                Rank 1 : false
2025-09-07 16:36:25,219 [INFO] ADCParametersView:116 -                Rank 2 : false
2025-09-07 16:36:25,219 [INFO] ADCParametersView:116 -                Rank 3 : false
2025-09-07 16:36:25,219 [INFO] ADCParametersView:116 -                Rank 4 : false
2025-09-07 16:36:25,405 [INFO] ADCParametersView:116 -                Rank 1 : true
2025-09-07 16:36:25,405 [INFO] ADCParametersView:116 -                Rank 2 : false
2025-09-07 16:36:25,405 [INFO] ADCParametersView:116 -                Rank 3 : false
2025-09-07 16:36:25,405 [INFO] ADCParametersView:116 -                Rank 4 : false
2025-09-07 16:36:27,595 [INFO] ADCParametersView:116 -                Rank 1 : true
2025-09-07 16:36:27,595 [INFO] ADCParametersView:116 -                Rank 2 : true
2025-09-07 16:36:27,595 [INFO] ADCParametersView:116 -                Rank 3 : false
2025-09-07 16:36:27,595 [INFO] ADCParametersView:116 -                Rank 4 : false
2025-09-07 16:36:30,187 [INFO] NvicIntPanel:101 - NVIC parent = com.st.microxplorer.plugins.ip.nvic.MultiNvicIntPanel[,0,0,0x0,invalid,layout=javax.swing.BoxLayout,alignmentX=0.0,alignmentY=0.0,border=,flags=9,maximumSize=,minimumSize=,preferredSize=]
2025-09-07 16:36:30,238 [INFO] ADCParametersView:116 -                Rank 1 : true
2025-09-07 16:36:30,238 [INFO] ADCParametersView:116 -                Rank 2 : true
2025-09-07 16:36:30,238 [INFO] ADCParametersView:116 -                Rank 3 : false
2025-09-07 16:36:30,238 [INFO] ADCParametersView:116 -                Rank 4 : false
2025-09-07 16:36:30,240 [INFO] ADCParametersView:116 -                Rank 1 : true
2025-09-07 16:36:30,241 [INFO] ADCParametersView:116 -                Rank 2 : true
2025-09-07 16:36:30,241 [INFO] ADCParametersView:116 -                Rank 3 : false
2025-09-07 16:36:30,241 [INFO] ADCParametersView:116 -                Rank 4 : false
2025-09-07 16:36:30,241 [INFO] ADCParametersView:116 -                Rank 1 : true
2025-09-07 16:36:30,241 [INFO] ADCParametersView:116 -                Rank 2 : true
2025-09-07 16:36:30,241 [INFO] ADCParametersView:116 -                Rank 3 : false
2025-09-07 16:36:30,241 [INFO] ADCParametersView:116 -                Rank 4 : false
2025-09-07 16:36:30,241 [INFO] ADCParametersView:116 -                Rank 1 : true
2025-09-07 16:36:30,241 [INFO] ADCParametersView:116 -                Rank 2 : true
2025-09-07 16:36:30,241 [INFO] ADCParametersView:116 -                Rank 3 : false
2025-09-07 16:36:30,241 [INFO] ADCParametersView:116 -                Rank 4 : false
2025-09-07 16:36:30,241 [INFO] ADCParametersView:116 -                Rank 1 : true
2025-09-07 16:36:30,241 [INFO] ADCParametersView:116 -                Rank 2 : true
2025-09-07 16:36:30,241 [INFO] ADCParametersView:116 -                Rank 3 : false
2025-09-07 16:36:30,241 [INFO] ADCParametersView:116 -                Rank 4 : false
2025-09-07 16:36:30,241 [INFO] ADCParametersView:116 -                Rank 1 : true
2025-09-07 16:36:30,241 [INFO] ADCParametersView:116 -                Rank 2 : true
2025-09-07 16:36:30,241 [INFO] ADCParametersView:116 -                Rank 3 : false
2025-09-07 16:36:30,241 [INFO] ADCParametersView:116 -                Rank 4 : false
2025-09-07 16:36:30,241 [INFO] ADCParametersView:116 -                Rank 1 : true
2025-09-07 16:36:30,241 [INFO] ADCParametersView:116 -                Rank 2 : true
2025-09-07 16:36:30,242 [INFO] ADCParametersView:116 -                Rank 3 : false
2025-09-07 16:36:30,242 [INFO] ADCParametersView:116 -                Rank 4 : false
2025-09-07 16:36:30,242 [INFO] ADCParametersView:116 -                Rank 1 : true
2025-09-07 16:36:30,242 [INFO] ADCParametersView:116 -                Rank 2 : true
2025-09-07 16:36:30,242 [INFO] ADCParametersView:116 -                Rank 3 : false
2025-09-07 16:36:30,242 [INFO] ADCParametersView:116 -                Rank 4 : false
2025-09-07 16:36:30,242 [INFO] ADCParametersView:116 -                Rank 1 : true
2025-09-07 16:36:30,242 [INFO] ADCParametersView:116 -                Rank 2 : true
2025-09-07 16:36:30,242 [INFO] ADCParametersView:116 -                Rank 3 : false
2025-09-07 16:36:30,242 [INFO] ADCParametersView:116 -                Rank 4 : false
2025-09-07 16:36:30,242 [INFO] ADCParametersView:116 -                Rank 1 : true
2025-09-07 16:36:30,242 [INFO] ADCParametersView:116 -                Rank 2 : true
2025-09-07 16:36:30,242 [INFO] ADCParametersView:116 -                Rank 3 : false
2025-09-07 16:36:30,242 [INFO] ADCParametersView:116 -                Rank 4 : false
2025-09-07 16:36:30,242 [INFO] ADCParametersView:116 -                Rank 1 : true
2025-09-07 16:36:30,242 [INFO] ADCParametersView:116 -                Rank 2 : true
2025-09-07 16:36:30,242 [INFO] ADCParametersView:116 -                Rank 3 : false
2025-09-07 16:36:30,242 [INFO] ADCParametersView:116 -                Rank 4 : false
2025-09-07 16:36:30,242 [INFO] ADCParametersView:116 -                Rank 1 : true
2025-09-07 16:36:30,242 [INFO] ADCParametersView:116 -                Rank 2 : true
2025-09-07 16:36:30,242 [INFO] ADCParametersView:116 -                Rank 3 : false
2025-09-07 16:36:30,242 [INFO] ADCParametersView:116 -                Rank 4 : false
2025-09-07 16:36:30,243 [INFO] ADCParametersView:116 -                Rank 1 : true
2025-09-07 16:36:30,243 [INFO] ADCParametersView:116 -                Rank 2 : true
2025-09-07 16:36:30,243 [INFO] ADCParametersView:116 -                Rank 3 : false
2025-09-07 16:36:30,243 [INFO] ADCParametersView:116 -                Rank 4 : false
2025-09-07 16:36:30,243 [INFO] ADCParametersView:116 -                Rank 1 : true
2025-09-07 16:36:30,243 [INFO] ADCParametersView:116 -                Rank 2 : true
2025-09-07 16:36:30,243 [INFO] ADCParametersView:116 -                Rank 3 : false
2025-09-07 16:36:30,243 [INFO] ADCParametersView:116 -                Rank 4 : false
2025-09-07 16:36:30,243 [INFO] ADCParametersView:116 -                Rank 1 : true
2025-09-07 16:36:30,243 [INFO] ADCParametersView:116 -                Rank 2 : true
2025-09-07 16:36:30,243 [INFO] ADCParametersView:116 -                Rank 3 : false
2025-09-07 16:36:30,243 [INFO] ADCParametersView:116 -                Rank 4 : false
2025-09-07 16:36:30,243 [INFO] ADCParametersView:116 -                Rank 1 : true
2025-09-07 16:36:30,243 [INFO] ADCParametersView:116 -                Rank 2 : true
2025-09-07 16:36:30,243 [INFO] ADCParametersView:116 -                Rank 3 : false
2025-09-07 16:36:30,243 [INFO] ADCParametersView:116 -                Rank 4 : false
2025-09-07 16:36:30,243 [INFO] ADCParametersView:116 -                Rank 1 : true
2025-09-07 16:36:30,243 [INFO] ADCParametersView:116 -                Rank 2 : true
2025-09-07 16:36:30,243 [INFO] ADCParametersView:116 -                Rank 3 : false
2025-09-07 16:36:30,243 [INFO] ADCParametersView:116 -                Rank 4 : false
2025-09-07 16:36:30,243 [INFO] ADCParametersView:116 -                Rank 1 : true
2025-09-07 16:36:30,243 [INFO] ADCParametersView:116 -                Rank 2 : true
2025-09-07 16:36:30,243 [INFO] ADCParametersView:116 -                Rank 3 : false
2025-09-07 16:36:30,243 [INFO] ADCParametersView:116 -                Rank 4 : false
2025-09-07 16:36:30,243 [INFO] ADCParametersView:116 -                Rank 1 : true
2025-09-07 16:36:30,244 [INFO] ADCParametersView:116 -                Rank 2 : true
2025-09-07 16:36:30,244 [INFO] ADCParametersView:116 -                Rank 3 : false
2025-09-07 16:36:30,244 [INFO] ADCParametersView:116 -                Rank 4 : false
2025-09-07 16:36:30,244 [INFO] ADCParametersView:116 -                Rank 1 : true
2025-09-07 16:36:30,244 [INFO] ADCParametersView:116 -                Rank 2 : true
2025-09-07 16:36:30,244 [INFO] ADCParametersView:116 -                Rank 3 : false
2025-09-07 16:36:30,244 [INFO] ADCParametersView:116 -                Rank 4 : false
2025-09-07 16:36:30,244 [INFO] ADCParametersView:116 -                Rank 1 : true
2025-09-07 16:36:30,244 [INFO] ADCParametersView:116 -                Rank 2 : true
2025-09-07 16:36:30,244 [INFO] ADCParametersView:116 -                Rank 3 : false
2025-09-07 16:36:30,244 [INFO] ADCParametersView:116 -                Rank 4 : false
2025-09-07 16:36:30,244 [INFO] ADCParametersView:116 -                Rank 2 : true
2025-09-07 16:36:30,244 [INFO] ADCParametersView:116 -                Rank 3 : false
2025-09-07 16:36:30,244 [INFO] ADCParametersView:116 -                Rank 4 : false
2025-09-07 16:36:30,244 [INFO] ADCParametersView:116 -                Rank 3 : false
2025-09-07 16:36:30,244 [INFO] ADCParametersView:116 -                Rank 4 : false
2025-09-07 16:36:30,244 [INFO] ADCParametersView:116 -                Rank 4 : false
2025-09-07 16:36:30,269 [INFO] ADCParametersView:116 -                Rank 1 : true
2025-09-07 16:36:30,269 [INFO] ADCParametersView:116 -                Rank 1 : true
2025-09-07 16:36:30,269 [INFO] ADCParametersView:116 -                Rank 2 : true
2025-09-07 16:36:30,270 [INFO] ADCParametersView:116 -                Rank 1 : true
2025-09-07 16:36:30,270 [INFO] ADCParametersView:116 -                Rank 2 : true
2025-09-07 16:36:30,270 [INFO] ADCParametersView:116 -                Rank 3 : false
2025-09-07 16:36:30,270 [INFO] ADCParametersView:116 -                Rank 1 : true
2025-09-07 16:36:30,270 [INFO] ADCParametersView:116 -                Rank 2 : true
2025-09-07 16:36:30,270 [INFO] ADCParametersView:116 -                Rank 3 : false
2025-09-07 16:36:30,270 [INFO] ADCParametersView:116 -                Rank 4 : false
2025-09-07 16:36:31,467 [INFO] ADCParametersView:116 -                Rank 1 : true
2025-09-07 16:36:31,467 [INFO] ADCParametersView:116 -                Rank 2 : true
2025-09-07 16:36:31,468 [INFO] ADCParametersView:116 -                Rank 3 : true
2025-09-07 16:36:31,468 [INFO] ADCParametersView:116 -                Rank 4 : false
2025-09-07 16:36:34,084 [INFO] NvicIntPanel:101 - NVIC parent = com.st.microxplorer.plugins.ip.nvic.MultiNvicIntPanel[,0,0,0x0,invalid,layout=javax.swing.BoxLayout,alignmentX=0.0,alignmentY=0.0,border=,flags=9,maximumSize=,minimumSize=,preferredSize=]
2025-09-07 16:36:34,128 [INFO] ADCParametersView:116 -                Rank 1 : true
2025-09-07 16:36:34,128 [INFO] ADCParametersView:116 -                Rank 2 : true
2025-09-07 16:36:34,128 [INFO] ADCParametersView:116 -                Rank 3 : true
2025-09-07 16:36:34,128 [INFO] ADCParametersView:116 -                Rank 4 : false
2025-09-07 16:36:34,133 [INFO] ADCParametersView:116 -                Rank 1 : true
2025-09-07 16:36:34,133 [INFO] ADCParametersView:116 -                Rank 2 : true
2025-09-07 16:36:34,133 [INFO] ADCParametersView:116 -                Rank 3 : true
2025-09-07 16:36:34,133 [INFO] ADCParametersView:116 -                Rank 4 : false
2025-09-07 16:36:34,134 [INFO] ADCParametersView:116 -                Rank 1 : true
2025-09-07 16:36:34,134 [INFO] ADCParametersView:116 -                Rank 2 : true
2025-09-07 16:36:34,134 [INFO] ADCParametersView:116 -                Rank 3 : true
2025-09-07 16:36:34,134 [INFO] ADCParametersView:116 -                Rank 4 : false
2025-09-07 16:36:34,134 [INFO] ADCParametersView:116 -                Rank 1 : true
2025-09-07 16:36:34,134 [INFO] ADCParametersView:116 -                Rank 2 : true
2025-09-07 16:36:34,134 [INFO] ADCParametersView:116 -                Rank 3 : true
2025-09-07 16:36:34,134 [INFO] ADCParametersView:116 -                Rank 4 : false
2025-09-07 16:36:34,134 [INFO] ADCParametersView:116 -                Rank 1 : true
2025-09-07 16:36:34,134 [INFO] ADCParametersView:116 -                Rank 2 : true
2025-09-07 16:36:34,134 [INFO] ADCParametersView:116 -                Rank 3 : true
2025-09-07 16:36:34,134 [INFO] ADCParametersView:116 -                Rank 4 : false
2025-09-07 16:36:34,134 [INFO] ADCParametersView:116 -                Rank 1 : true
2025-09-07 16:36:34,134 [INFO] ADCParametersView:116 -                Rank 2 : true
2025-09-07 16:36:34,134 [INFO] ADCParametersView:116 -                Rank 3 : true
2025-09-07 16:36:34,134 [INFO] ADCParametersView:116 -                Rank 4 : false
2025-09-07 16:36:34,134 [INFO] ADCParametersView:116 -                Rank 1 : true
2025-09-07 16:36:34,135 [INFO] ADCParametersView:116 -                Rank 2 : true
2025-09-07 16:36:34,135 [INFO] ADCParametersView:116 -                Rank 3 : true
2025-09-07 16:36:34,135 [INFO] ADCParametersView:116 -                Rank 4 : false
2025-09-07 16:36:34,135 [INFO] ADCParametersView:116 -                Rank 1 : true
2025-09-07 16:36:34,135 [INFO] ADCParametersView:116 -                Rank 2 : true
2025-09-07 16:36:34,135 [INFO] ADCParametersView:116 -                Rank 3 : true
2025-09-07 16:36:34,135 [INFO] ADCParametersView:116 -                Rank 4 : false
2025-09-07 16:36:34,135 [INFO] ADCParametersView:116 -                Rank 1 : true
2025-09-07 16:36:34,135 [INFO] ADCParametersView:116 -                Rank 2 : true
2025-09-07 16:36:34,135 [INFO] ADCParametersView:116 -                Rank 3 : true
2025-09-07 16:36:34,135 [INFO] ADCParametersView:116 -                Rank 4 : false
2025-09-07 16:36:34,135 [INFO] ADCParametersView:116 -                Rank 1 : true
2025-09-07 16:36:34,135 [INFO] ADCParametersView:116 -                Rank 2 : true
2025-09-07 16:36:34,135 [INFO] ADCParametersView:116 -                Rank 3 : true
2025-09-07 16:36:34,135 [INFO] ADCParametersView:116 -                Rank 4 : false
2025-09-07 16:36:34,135 [INFO] ADCParametersView:116 -                Rank 1 : true
2025-09-07 16:36:34,135 [INFO] ADCParametersView:116 -                Rank 2 : true
2025-09-07 16:36:34,135 [INFO] ADCParametersView:116 -                Rank 3 : true
2025-09-07 16:36:34,135 [INFO] ADCParametersView:116 -                Rank 4 : false
2025-09-07 16:36:34,135 [INFO] ADCParametersView:116 -                Rank 1 : true
2025-09-07 16:36:34,135 [INFO] ADCParametersView:116 -                Rank 2 : true
2025-09-07 16:36:34,135 [INFO] ADCParametersView:116 -                Rank 3 : true
2025-09-07 16:36:34,135 [INFO] ADCParametersView:116 -                Rank 4 : false
2025-09-07 16:36:34,135 [INFO] ADCParametersView:116 -                Rank 1 : true
2025-09-07 16:36:34,135 [INFO] ADCParametersView:116 -                Rank 2 : true
2025-09-07 16:36:34,135 [INFO] ADCParametersView:116 -                Rank 3 : true
2025-09-07 16:36:34,135 [INFO] ADCParametersView:116 -                Rank 4 : false
2025-09-07 16:36:34,135 [INFO] ADCParametersView:116 -                Rank 1 : true
2025-09-07 16:36:34,135 [INFO] ADCParametersView:116 -                Rank 2 : true
2025-09-07 16:36:34,135 [INFO] ADCParametersView:116 -                Rank 3 : true
2025-09-07 16:36:34,136 [INFO] ADCParametersView:116 -                Rank 4 : false
2025-09-07 16:36:34,136 [INFO] ADCParametersView:116 -                Rank 1 : true
2025-09-07 16:36:34,136 [INFO] ADCParametersView:116 -                Rank 2 : true
2025-09-07 16:36:34,136 [INFO] ADCParametersView:116 -                Rank 3 : true
2025-09-07 16:36:34,136 [INFO] ADCParametersView:116 -                Rank 4 : false
2025-09-07 16:36:34,136 [INFO] ADCParametersView:116 -                Rank 1 : true
2025-09-07 16:36:34,136 [INFO] ADCParametersView:116 -                Rank 2 : true
2025-09-07 16:36:34,136 [INFO] ADCParametersView:116 -                Rank 3 : true
2025-09-07 16:36:34,136 [INFO] ADCParametersView:116 -                Rank 4 : false
2025-09-07 16:36:34,136 [INFO] ADCParametersView:116 -                Rank 1 : true
2025-09-07 16:36:34,136 [INFO] ADCParametersView:116 -                Rank 2 : true
2025-09-07 16:36:34,136 [INFO] ADCParametersView:116 -                Rank 3 : true
2025-09-07 16:36:34,136 [INFO] ADCParametersView:116 -                Rank 4 : false
2025-09-07 16:36:34,136 [INFO] ADCParametersView:116 -                Rank 1 : true
2025-09-07 16:36:34,136 [INFO] ADCParametersView:116 -                Rank 2 : true
2025-09-07 16:36:34,136 [INFO] ADCParametersView:116 -                Rank 3 : true
2025-09-07 16:36:34,136 [INFO] ADCParametersView:116 -                Rank 4 : false
2025-09-07 16:36:34,136 [INFO] ADCParametersView:116 -                Rank 1 : true
2025-09-07 16:36:34,136 [INFO] ADCParametersView:116 -                Rank 2 : true
2025-09-07 16:36:34,136 [INFO] ADCParametersView:116 -                Rank 3 : true
2025-09-07 16:36:34,136 [INFO] ADCParametersView:116 -                Rank 4 : false
2025-09-07 16:36:34,136 [INFO] ADCParametersView:116 -                Rank 1 : true
2025-09-07 16:36:34,136 [INFO] ADCParametersView:116 -                Rank 2 : true
2025-09-07 16:36:34,136 [INFO] ADCParametersView:116 -                Rank 3 : true
2025-09-07 16:36:34,136 [INFO] ADCParametersView:116 -                Rank 4 : false
2025-09-07 16:36:34,136 [INFO] ADCParametersView:116 -                Rank 1 : true
2025-09-07 16:36:34,136 [INFO] ADCParametersView:116 -                Rank 2 : true
2025-09-07 16:36:34,136 [INFO] ADCParametersView:116 -                Rank 3 : true
2025-09-07 16:36:34,136 [INFO] ADCParametersView:116 -                Rank 4 : false
2025-09-07 16:36:34,136 [INFO] ADCParametersView:116 -                Rank 2 : true
2025-09-07 16:36:34,136 [INFO] ADCParametersView:116 -                Rank 3 : true
2025-09-07 16:36:34,136 [INFO] ADCParametersView:116 -                Rank 4 : false
2025-09-07 16:36:34,137 [INFO] ADCParametersView:116 -                Rank 3 : true
2025-09-07 16:36:34,137 [INFO] ADCParametersView:116 -                Rank 4 : false
2025-09-07 16:36:34,137 [INFO] ADCParametersView:116 -                Rank 4 : false
2025-09-07 16:36:34,159 [INFO] ADCParametersView:116 -                Rank 1 : true
2025-09-07 16:36:34,160 [INFO] ADCParametersView:116 -                Rank 1 : true
2025-09-07 16:36:34,160 [INFO] ADCParametersView:116 -                Rank 2 : true
2025-09-07 16:36:34,160 [INFO] ADCParametersView:116 -                Rank 1 : true
2025-09-07 16:36:34,160 [INFO] ADCParametersView:116 -                Rank 2 : true
2025-09-07 16:36:34,160 [INFO] ADCParametersView:116 -                Rank 3 : true
2025-09-07 16:36:34,160 [INFO] ADCParametersView:116 -                Rank 1 : true
2025-09-07 16:36:34,160 [INFO] ADCParametersView:116 -                Rank 2 : true
2025-09-07 16:36:34,160 [INFO] ADCParametersView:116 -                Rank 3 : true
2025-09-07 16:36:34,160 [INFO] ADCParametersView:116 -                Rank 4 : false
2025-09-07 16:36:35,819 [INFO] ADCParametersView:116 -                Rank 1 : true
2025-09-07 16:36:35,819 [INFO] ADCParametersView:116 -                Rank 2 : true
2025-09-07 16:36:35,819 [INFO] ADCParametersView:116 -                Rank 3 : true
2025-09-07 16:36:35,819 [INFO] ADCParametersView:116 -                Rank 4 : true
2025-09-07 16:36:38,793 [INFO] NvicIntPanel:101 - NVIC parent = com.st.microxplorer.plugins.ip.nvic.MultiNvicIntPanel[,0,0,0x0,invalid,layout=javax.swing.BoxLayout,alignmentX=0.0,alignmentY=0.0,border=,flags=9,maximumSize=,minimumSize=,preferredSize=]
2025-09-07 16:36:38,839 [INFO] ADCParametersView:116 -                Rank 1 : true
2025-09-07 16:36:38,839 [INFO] ADCParametersView:116 -                Rank 2 : true
2025-09-07 16:36:38,839 [INFO] ADCParametersView:116 -                Rank 3 : true
2025-09-07 16:36:38,839 [INFO] ADCParametersView:116 -                Rank 4 : true
2025-09-07 16:36:38,841 [INFO] ADCParametersView:116 -                Rank 1 : true
2025-09-07 16:36:38,841 [INFO] ADCParametersView:116 -                Rank 2 : true
2025-09-07 16:36:38,841 [INFO] ADCParametersView:116 -                Rank 3 : true
2025-09-07 16:36:38,841 [INFO] ADCParametersView:116 -                Rank 4 : true
2025-09-07 16:36:38,841 [INFO] ADCParametersView:116 -                Rank 1 : true
2025-09-07 16:36:38,841 [INFO] ADCParametersView:116 -                Rank 2 : true
2025-09-07 16:36:38,841 [INFO] ADCParametersView:116 -                Rank 3 : true
2025-09-07 16:36:38,841 [INFO] ADCParametersView:116 -                Rank 4 : true
2025-09-07 16:36:38,841 [INFO] ADCParametersView:116 -                Rank 1 : true
2025-09-07 16:36:38,841 [INFO] ADCParametersView:116 -                Rank 2 : true
2025-09-07 16:36:38,841 [INFO] ADCParametersView:116 -                Rank 3 : true
2025-09-07 16:36:38,842 [INFO] ADCParametersView:116 -                Rank 4 : true
2025-09-07 16:36:38,842 [INFO] ADCParametersView:116 -                Rank 1 : true
2025-09-07 16:36:38,842 [INFO] ADCParametersView:116 -                Rank 2 : true
2025-09-07 16:36:38,842 [INFO] ADCParametersView:116 -                Rank 3 : true
2025-09-07 16:36:38,842 [INFO] ADCParametersView:116 -                Rank 4 : true
2025-09-07 16:36:38,842 [INFO] ADCParametersView:116 -                Rank 1 : true
2025-09-07 16:36:38,842 [INFO] ADCParametersView:116 -                Rank 2 : true
2025-09-07 16:36:38,842 [INFO] ADCParametersView:116 -                Rank 3 : true
2025-09-07 16:36:38,842 [INFO] ADCParametersView:116 -                Rank 4 : true
2025-09-07 16:36:38,842 [INFO] ADCParametersView:116 -                Rank 1 : true
2025-09-07 16:36:38,842 [INFO] ADCParametersView:116 -                Rank 2 : true
2025-09-07 16:36:38,842 [INFO] ADCParametersView:116 -                Rank 3 : true
2025-09-07 16:36:38,842 [INFO] ADCParametersView:116 -                Rank 4 : true
2025-09-07 16:36:38,842 [INFO] ADCParametersView:116 -                Rank 1 : true
2025-09-07 16:36:38,842 [INFO] ADCParametersView:116 -                Rank 2 : true
2025-09-07 16:36:38,842 [INFO] ADCParametersView:116 -                Rank 3 : true
2025-09-07 16:36:38,842 [INFO] ADCParametersView:116 -                Rank 4 : true
2025-09-07 16:36:38,842 [INFO] ADCParametersView:116 -                Rank 1 : true
2025-09-07 16:36:38,842 [INFO] ADCParametersView:116 -                Rank 2 : true
2025-09-07 16:36:38,842 [INFO] ADCParametersView:116 -                Rank 3 : true
2025-09-07 16:36:38,842 [INFO] ADCParametersView:116 -                Rank 4 : true
2025-09-07 16:36:38,842 [INFO] ADCParametersView:116 -                Rank 1 : true
2025-09-07 16:36:38,842 [INFO] ADCParametersView:116 -                Rank 2 : true
2025-09-07 16:36:38,842 [INFO] ADCParametersView:116 -                Rank 3 : true
2025-09-07 16:36:38,842 [INFO] ADCParametersView:116 -                Rank 4 : true
2025-09-07 16:36:38,842 [INFO] ADCParametersView:116 -                Rank 1 : true
2025-09-07 16:36:38,842 [INFO] ADCParametersView:116 -                Rank 2 : true
2025-09-07 16:36:38,842 [INFO] ADCParametersView:116 -                Rank 3 : true
2025-09-07 16:36:38,843 [INFO] ADCParametersView:116 -                Rank 4 : true
2025-09-07 16:36:38,843 [INFO] ADCParametersView:116 -                Rank 1 : true
2025-09-07 16:36:38,843 [INFO] ADCParametersView:116 -                Rank 2 : true
2025-09-07 16:36:38,843 [INFO] ADCParametersView:116 -                Rank 3 : true
2025-09-07 16:36:38,843 [INFO] ADCParametersView:116 -                Rank 4 : true
2025-09-07 16:36:38,843 [INFO] ADCParametersView:116 -                Rank 1 : true
2025-09-07 16:36:38,843 [INFO] ADCParametersView:116 -                Rank 2 : true
2025-09-07 16:36:38,843 [INFO] ADCParametersView:116 -                Rank 3 : true
2025-09-07 16:36:38,843 [INFO] ADCParametersView:116 -                Rank 4 : true
2025-09-07 16:36:38,843 [INFO] ADCParametersView:116 -                Rank 1 : true
2025-09-07 16:36:38,843 [INFO] ADCParametersView:116 -                Rank 2 : true
2025-09-07 16:36:38,843 [INFO] ADCParametersView:116 -                Rank 3 : true
2025-09-07 16:36:38,843 [INFO] ADCParametersView:116 -                Rank 4 : true
2025-09-07 16:36:38,843 [INFO] ADCParametersView:116 -                Rank 1 : true
2025-09-07 16:36:38,843 [INFO] ADCParametersView:116 -                Rank 2 : true
2025-09-07 16:36:38,843 [INFO] ADCParametersView:116 -                Rank 3 : true
2025-09-07 16:36:38,843 [INFO] ADCParametersView:116 -                Rank 4 : true
2025-09-07 16:36:38,843 [INFO] ADCParametersView:116 -                Rank 1 : true
2025-09-07 16:36:38,843 [INFO] ADCParametersView:116 -                Rank 2 : true
2025-09-07 16:36:38,843 [INFO] ADCParametersView:116 -                Rank 3 : true
2025-09-07 16:36:38,843 [INFO] ADCParametersView:116 -                Rank 4 : true
2025-09-07 16:36:38,843 [INFO] ADCParametersView:116 -                Rank 1 : true
2025-09-07 16:36:38,843 [INFO] ADCParametersView:116 -                Rank 2 : true
2025-09-07 16:36:38,843 [INFO] ADCParametersView:116 -                Rank 3 : true
2025-09-07 16:36:38,843 [INFO] ADCParametersView:116 -                Rank 4 : true
2025-09-07 16:36:38,843 [INFO] ADCParametersView:116 -                Rank 1 : true
2025-09-07 16:36:38,843 [INFO] ADCParametersView:116 -                Rank 2 : true
2025-09-07 16:36:38,843 [INFO] ADCParametersView:116 -                Rank 3 : true
2025-09-07 16:36:38,843 [INFO] ADCParametersView:116 -                Rank 4 : true
2025-09-07 16:36:38,843 [INFO] ADCParametersView:116 -                Rank 1 : true
2025-09-07 16:36:38,843 [INFO] ADCParametersView:116 -                Rank 2 : true
2025-09-07 16:36:38,843 [INFO] ADCParametersView:116 -                Rank 3 : true
2025-09-07 16:36:38,844 [INFO] ADCParametersView:116 -                Rank 4 : true
2025-09-07 16:36:38,844 [INFO] ADCParametersView:116 -                Rank 1 : true
2025-09-07 16:36:38,844 [INFO] ADCParametersView:116 -                Rank 2 : true
2025-09-07 16:36:38,844 [INFO] ADCParametersView:116 -                Rank 3 : true
2025-09-07 16:36:38,844 [INFO] ADCParametersView:116 -                Rank 4 : true
2025-09-07 16:36:38,844 [INFO] ADCParametersView:116 -                Rank 1 : true
2025-09-07 16:36:38,844 [INFO] ADCParametersView:116 -                Rank 2 : true
2025-09-07 16:36:38,844 [INFO] ADCParametersView:116 -                Rank 3 : true
2025-09-07 16:36:38,844 [INFO] ADCParametersView:116 -                Rank 4 : true
2025-09-07 16:36:38,844 [INFO] ADCParametersView:116 -                Rank 2 : true
2025-09-07 16:36:38,844 [INFO] ADCParametersView:116 -                Rank 3 : true
2025-09-07 16:36:38,844 [INFO] ADCParametersView:116 -                Rank 4 : true
2025-09-07 16:36:38,844 [INFO] ADCParametersView:116 -                Rank 3 : true
2025-09-07 16:36:38,844 [INFO] ADCParametersView:116 -                Rank 4 : true
2025-09-07 16:36:38,844 [INFO] ADCParametersView:116 -                Rank 4 : true
2025-09-07 16:36:38,864 [INFO] ADCParametersView:116 -                Rank 1 : true
2025-09-07 16:36:38,865 [INFO] ADCParametersView:116 -                Rank 1 : true
2025-09-07 16:36:38,865 [INFO] ADCParametersView:116 -                Rank 2 : true
2025-09-07 16:36:38,865 [INFO] ADCParametersView:116 -                Rank 1 : true
2025-09-07 16:36:38,865 [INFO] ADCParametersView:116 -                Rank 2 : true
2025-09-07 16:36:38,865 [INFO] ADCParametersView:116 -                Rank 3 : true
2025-09-07 16:36:38,866 [INFO] ADCParametersView:116 -                Rank 1 : true
2025-09-07 16:36:38,866 [INFO] ADCParametersView:116 -                Rank 2 : true
2025-09-07 16:36:38,866 [INFO] ADCParametersView:116 -                Rank 3 : true
2025-09-07 16:36:38,866 [INFO] ADCParametersView:116 -                Rank 4 : true
2025-09-07 16:36:42,176 [INFO] NvicIntPanel:101 - NVIC parent = com.st.microxplorer.plugins.ip.nvic.MultiNvicIntPanel[,0,0,0x0,invalid,layout=javax.swing.BoxLayout,alignmentX=0.0,alignmentY=0.0,border=,flags=9,maximumSize=,minimumSize=,preferredSize=]
2025-09-07 16:36:42,220 [INFO] ADCParametersView:116 -                Rank 1 : true
2025-09-07 16:36:42,220 [INFO] ADCParametersView:116 -                Rank 2 : true
2025-09-07 16:36:42,220 [INFO] ADCParametersView:116 -                Rank 3 : true
2025-09-07 16:36:42,220 [INFO] ADCParametersView:116 -                Rank 4 : true
2025-09-07 16:36:42,222 [INFO] ADCParametersView:116 -                Rank 1 : true
2025-09-07 16:36:42,222 [INFO] ADCParametersView:116 -                Rank 2 : true
2025-09-07 16:36:42,222 [INFO] ADCParametersView:116 -                Rank 3 : true
2025-09-07 16:36:42,222 [INFO] ADCParametersView:116 -                Rank 4 : true
2025-09-07 16:36:42,223 [INFO] ADCParametersView:116 -                Rank 1 : true
2025-09-07 16:36:42,223 [INFO] ADCParametersView:116 -                Rank 2 : true
2025-09-07 16:36:42,223 [INFO] ADCParametersView:116 -                Rank 3 : true
2025-09-07 16:36:42,223 [INFO] ADCParametersView:116 -                Rank 4 : true
2025-09-07 16:36:42,223 [INFO] ADCParametersView:116 -                Rank 1 : true
2025-09-07 16:36:42,223 [INFO] ADCParametersView:116 -                Rank 2 : true
2025-09-07 16:36:42,223 [INFO] ADCParametersView:116 -                Rank 3 : true
2025-09-07 16:36:42,223 [INFO] ADCParametersView:116 -                Rank 4 : true
2025-09-07 16:36:42,223 [INFO] ADCParametersView:116 -                Rank 1 : true
2025-09-07 16:36:42,223 [INFO] ADCParametersView:116 -                Rank 2 : true
2025-09-07 16:36:42,223 [INFO] ADCParametersView:116 -                Rank 3 : true
2025-09-07 16:36:42,223 [INFO] ADCParametersView:116 -                Rank 4 : true
2025-09-07 16:36:42,223 [INFO] ADCParametersView:116 -                Rank 1 : true
2025-09-07 16:36:42,223 [INFO] ADCParametersView:116 -                Rank 2 : true
2025-09-07 16:36:42,223 [INFO] ADCParametersView:116 -                Rank 3 : true
2025-09-07 16:36:42,223 [INFO] ADCParametersView:116 -                Rank 4 : true
2025-09-07 16:36:42,223 [INFO] ADCParametersView:116 -                Rank 1 : true
2025-09-07 16:36:42,223 [INFO] ADCParametersView:116 -                Rank 2 : true
2025-09-07 16:36:42,223 [INFO] ADCParametersView:116 -                Rank 3 : true
2025-09-07 16:36:42,223 [INFO] ADCParametersView:116 -                Rank 4 : true
2025-09-07 16:36:42,223 [INFO] ADCParametersView:116 -                Rank 1 : true
2025-09-07 16:36:42,223 [INFO] ADCParametersView:116 -                Rank 2 : true
2025-09-07 16:36:42,223 [INFO] ADCParametersView:116 -                Rank 3 : true
2025-09-07 16:36:42,223 [INFO] ADCParametersView:116 -                Rank 4 : true
2025-09-07 16:36:42,223 [INFO] ADCParametersView:116 -                Rank 1 : true
2025-09-07 16:36:42,223 [INFO] ADCParametersView:116 -                Rank 2 : true
2025-09-07 16:36:42,223 [INFO] ADCParametersView:116 -                Rank 3 : true
2025-09-07 16:36:42,223 [INFO] ADCParametersView:116 -                Rank 4 : true
2025-09-07 16:36:42,224 [INFO] ADCParametersView:116 -                Rank 1 : true
2025-09-07 16:36:42,224 [INFO] ADCParametersView:116 -                Rank 2 : true
2025-09-07 16:36:42,224 [INFO] ADCParametersView:116 -                Rank 3 : true
2025-09-07 16:36:42,224 [INFO] ADCParametersView:116 -                Rank 4 : true
2025-09-07 16:36:42,224 [INFO] ADCParametersView:116 -                Rank 1 : true
2025-09-07 16:36:42,224 [INFO] ADCParametersView:116 -                Rank 2 : true
2025-09-07 16:36:42,224 [INFO] ADCParametersView:116 -                Rank 3 : true
2025-09-07 16:36:42,224 [INFO] ADCParametersView:116 -                Rank 4 : true
2025-09-07 16:36:42,224 [INFO] ADCParametersView:116 -                Rank 1 : true
2025-09-07 16:36:42,224 [INFO] ADCParametersView:116 -                Rank 2 : true
2025-09-07 16:36:42,224 [INFO] ADCParametersView:116 -                Rank 3 : true
2025-09-07 16:36:42,224 [INFO] ADCParametersView:116 -                Rank 4 : true
2025-09-07 16:36:42,224 [INFO] ADCParametersView:116 -                Rank 1 : true
2025-09-07 16:36:42,224 [INFO] ADCParametersView:116 -                Rank 2 : true
2025-09-07 16:36:42,224 [INFO] ADCParametersView:116 -                Rank 3 : true
2025-09-07 16:36:42,224 [INFO] ADCParametersView:116 -                Rank 4 : true
2025-09-07 16:36:42,224 [INFO] ADCParametersView:116 -                Rank 1 : true
2025-09-07 16:36:42,224 [INFO] ADCParametersView:116 -                Rank 2 : true
2025-09-07 16:36:42,224 [INFO] ADCParametersView:116 -                Rank 3 : true
2025-09-07 16:36:42,224 [INFO] ADCParametersView:116 -                Rank 4 : true
2025-09-07 16:36:42,224 [INFO] ADCParametersView:116 -                Rank 1 : true
2025-09-07 16:36:42,224 [INFO] ADCParametersView:116 -                Rank 2 : true
2025-09-07 16:36:42,224 [INFO] ADCParametersView:116 -                Rank 3 : true
2025-09-07 16:36:42,224 [INFO] ADCParametersView:116 -                Rank 4 : true
2025-09-07 16:36:42,224 [INFO] ADCParametersView:116 -                Rank 1 : true
2025-09-07 16:36:42,224 [INFO] ADCParametersView:116 -                Rank 2 : true
2025-09-07 16:36:42,224 [INFO] ADCParametersView:116 -                Rank 3 : true
2025-09-07 16:36:42,224 [INFO] ADCParametersView:116 -                Rank 4 : true
2025-09-07 16:36:42,224 [INFO] ADCParametersView:116 -                Rank 1 : true
2025-09-07 16:36:42,225 [INFO] ADCParametersView:116 -                Rank 2 : true
2025-09-07 16:36:42,225 [INFO] ADCParametersView:116 -                Rank 3 : true
2025-09-07 16:36:42,225 [INFO] ADCParametersView:116 -                Rank 4 : true
2025-09-07 16:36:42,225 [INFO] ADCParametersView:116 -                Rank 1 : true
2025-09-07 16:36:42,225 [INFO] ADCParametersView:116 -                Rank 2 : true
2025-09-07 16:36:42,225 [INFO] ADCParametersView:116 -                Rank 3 : true
2025-09-07 16:36:42,225 [INFO] ADCParametersView:116 -                Rank 4 : true
2025-09-07 16:36:42,225 [INFO] ADCParametersView:116 -                Rank 1 : true
2025-09-07 16:36:42,225 [INFO] ADCParametersView:116 -                Rank 2 : true
2025-09-07 16:36:42,225 [INFO] ADCParametersView:116 -                Rank 3 : true
2025-09-07 16:36:42,225 [INFO] ADCParametersView:116 -                Rank 4 : true
2025-09-07 16:36:42,225 [INFO] ADCParametersView:116 -                Rank 1 : true
2025-09-07 16:36:42,225 [INFO] ADCParametersView:116 -                Rank 2 : true
2025-09-07 16:36:42,225 [INFO] ADCParametersView:116 -                Rank 3 : true
2025-09-07 16:36:42,225 [INFO] ADCParametersView:116 -                Rank 4 : true
2025-09-07 16:36:42,225 [INFO] ADCParametersView:116 -                Rank 1 : true
2025-09-07 16:36:42,225 [INFO] ADCParametersView:116 -                Rank 2 : true
2025-09-07 16:36:42,225 [INFO] ADCParametersView:116 -                Rank 3 : true
2025-09-07 16:36:42,225 [INFO] ADCParametersView:116 -                Rank 4 : true
2025-09-07 16:36:42,225 [INFO] ADCParametersView:116 -                Rank 2 : true
2025-09-07 16:36:42,225 [INFO] ADCParametersView:116 -                Rank 3 : true
2025-09-07 16:36:42,225 [INFO] ADCParametersView:116 -                Rank 4 : true
2025-09-07 16:36:42,225 [INFO] ADCParametersView:116 -                Rank 3 : true
2025-09-07 16:36:42,225 [INFO] ADCParametersView:116 -                Rank 4 : true
2025-09-07 16:36:42,225 [INFO] ADCParametersView:116 -                Rank 4 : true
2025-09-07 16:36:42,245 [INFO] ADCParametersView:116 -                Rank 1 : true
2025-09-07 16:36:42,245 [INFO] ADCParametersView:116 -                Rank 1 : true
2025-09-07 16:36:42,245 [INFO] ADCParametersView:116 -                Rank 2 : true
2025-09-07 16:36:42,245 [INFO] ADCParametersView:116 -                Rank 1 : true
2025-09-07 16:36:42,245 [INFO] ADCParametersView:116 -                Rank 2 : true
2025-09-07 16:36:42,245 [INFO] ADCParametersView:116 -                Rank 3 : true
2025-09-07 16:36:42,246 [INFO] ADCParametersView:116 -                Rank 1 : true
2025-09-07 16:36:42,246 [INFO] ADCParametersView:116 -                Rank 2 : true
2025-09-07 16:36:42,246 [INFO] ADCParametersView:116 -                Rank 3 : true
2025-09-07 16:36:42,246 [INFO] ADCParametersView:116 -                Rank 4 : true
2025-09-07 16:36:45,512 [INFO] NvicIntPanel:101 - NVIC parent = com.st.microxplorer.plugins.ip.nvic.MultiNvicIntPanel[,0,0,0x0,invalid,layout=javax.swing.BoxLayout,alignmentX=0.0,alignmentY=0.0,border=,flags=9,maximumSize=,minimumSize=,preferredSize=]
2025-09-07 16:36:45,563 [INFO] ADCParametersView:116 -                Rank 1 : true
2025-09-07 16:36:45,563 [INFO] ADCParametersView:116 -                Rank 2 : true
2025-09-07 16:36:45,563 [INFO] ADCParametersView:116 -                Rank 3 : true
2025-09-07 16:36:45,563 [INFO] ADCParametersView:116 -                Rank 4 : true
2025-09-07 16:36:45,568 [INFO] ADCParametersView:116 -                Rank 1 : true
2025-09-07 16:36:45,568 [INFO] ADCParametersView:116 -                Rank 2 : true
2025-09-07 16:36:45,568 [INFO] ADCParametersView:116 -                Rank 3 : true
2025-09-07 16:36:45,568 [INFO] ADCParametersView:116 -                Rank 4 : true
2025-09-07 16:36:45,568 [INFO] ADCParametersView:116 -                Rank 1 : true
2025-09-07 16:36:45,568 [INFO] ADCParametersView:116 -                Rank 2 : true
2025-09-07 16:36:45,568 [INFO] ADCParametersView:116 -                Rank 3 : true
2025-09-07 16:36:45,568 [INFO] ADCParametersView:116 -                Rank 4 : true
2025-09-07 16:36:45,569 [INFO] ADCParametersView:116 -                Rank 1 : true
2025-09-07 16:36:45,569 [INFO] ADCParametersView:116 -                Rank 2 : true
2025-09-07 16:36:45,569 [INFO] ADCParametersView:116 -                Rank 3 : true
2025-09-07 16:36:45,569 [INFO] ADCParametersView:116 -                Rank 4 : true
2025-09-07 16:36:45,569 [INFO] ADCParametersView:116 -                Rank 1 : true
2025-09-07 16:36:45,569 [INFO] ADCParametersView:116 -                Rank 2 : true
2025-09-07 16:36:45,569 [INFO] ADCParametersView:116 -                Rank 3 : true
2025-09-07 16:36:45,569 [INFO] ADCParametersView:116 -                Rank 4 : true
2025-09-07 16:36:45,569 [INFO] ADCParametersView:116 -                Rank 1 : true
2025-09-07 16:36:45,569 [INFO] ADCParametersView:116 -                Rank 2 : true
2025-09-07 16:36:45,569 [INFO] ADCParametersView:116 -                Rank 3 : true
2025-09-07 16:36:45,569 [INFO] ADCParametersView:116 -                Rank 4 : true
2025-09-07 16:36:45,569 [INFO] ADCParametersView:116 -                Rank 1 : true
2025-09-07 16:36:45,569 [INFO] ADCParametersView:116 -                Rank 2 : true
2025-09-07 16:36:45,569 [INFO] ADCParametersView:116 -                Rank 3 : true
2025-09-07 16:36:45,569 [INFO] ADCParametersView:116 -                Rank 4 : true
2025-09-07 16:36:45,569 [INFO] ADCParametersView:116 -                Rank 1 : true
2025-09-07 16:36:45,569 [INFO] ADCParametersView:116 -                Rank 2 : true
2025-09-07 16:36:45,569 [INFO] ADCParametersView:116 -                Rank 3 : true
2025-09-07 16:36:45,570 [INFO] ADCParametersView:116 -                Rank 4 : true
2025-09-07 16:36:45,570 [INFO] ADCParametersView:116 -                Rank 1 : true
2025-09-07 16:36:45,570 [INFO] ADCParametersView:116 -                Rank 2 : true
2025-09-07 16:36:45,570 [INFO] ADCParametersView:116 -                Rank 3 : true
2025-09-07 16:36:45,570 [INFO] ADCParametersView:116 -                Rank 4 : true
2025-09-07 16:36:45,570 [INFO] ADCParametersView:116 -                Rank 1 : true
2025-09-07 16:36:45,570 [INFO] ADCParametersView:116 -                Rank 2 : true
2025-09-07 16:36:45,570 [INFO] ADCParametersView:116 -                Rank 3 : true
2025-09-07 16:36:45,570 [INFO] ADCParametersView:116 -                Rank 4 : true
2025-09-07 16:36:45,570 [INFO] ADCParametersView:116 -                Rank 1 : true
2025-09-07 16:36:45,570 [INFO] ADCParametersView:116 -                Rank 2 : true
2025-09-07 16:36:45,570 [INFO] ADCParametersView:116 -                Rank 3 : true
2025-09-07 16:36:45,570 [INFO] ADCParametersView:116 -                Rank 4 : true
2025-09-07 16:36:45,570 [INFO] ADCParametersView:116 -                Rank 1 : true
2025-09-07 16:36:45,570 [INFO] ADCParametersView:116 -                Rank 2 : true
2025-09-07 16:36:45,570 [INFO] ADCParametersView:116 -                Rank 3 : true
2025-09-07 16:36:45,570 [INFO] ADCParametersView:116 -                Rank 4 : true
2025-09-07 16:36:45,570 [INFO] ADCParametersView:116 -                Rank 1 : true
2025-09-07 16:36:45,570 [INFO] ADCParametersView:116 -                Rank 2 : true
2025-09-07 16:36:45,571 [INFO] ADCParametersView:116 -                Rank 3 : true
2025-09-07 16:36:45,571 [INFO] ADCParametersView:116 -                Rank 4 : true
2025-09-07 16:36:45,571 [INFO] ADCParametersView:116 -                Rank 1 : true
2025-09-07 16:36:45,571 [INFO] ADCParametersView:116 -                Rank 2 : true
2025-09-07 16:36:45,571 [INFO] ADCParametersView:116 -                Rank 3 : true
2025-09-07 16:36:45,571 [INFO] ADCParametersView:116 -                Rank 4 : true
2025-09-07 16:36:45,571 [INFO] ADCParametersView:116 -                Rank 1 : true
2025-09-07 16:36:45,571 [INFO] ADCParametersView:116 -                Rank 2 : true
2025-09-07 16:36:45,571 [INFO] ADCParametersView:116 -                Rank 3 : true
2025-09-07 16:36:45,571 [INFO] ADCParametersView:116 -                Rank 4 : true
2025-09-07 16:36:45,571 [INFO] ADCParametersView:116 -                Rank 1 : true
2025-09-07 16:36:45,571 [INFO] ADCParametersView:116 -                Rank 2 : true
2025-09-07 16:36:45,571 [INFO] ADCParametersView:116 -                Rank 3 : true
2025-09-07 16:36:45,571 [INFO] ADCParametersView:116 -                Rank 4 : true
2025-09-07 16:36:45,571 [INFO] ADCParametersView:116 -                Rank 1 : true
2025-09-07 16:36:45,571 [INFO] ADCParametersView:116 -                Rank 2 : true
2025-09-07 16:36:45,571 [INFO] ADCParametersView:116 -                Rank 3 : true
2025-09-07 16:36:45,571 [INFO] ADCParametersView:116 -                Rank 4 : true
2025-09-07 16:36:45,571 [INFO] ADCParametersView:116 -                Rank 1 : true
2025-09-07 16:36:45,571 [INFO] ADCParametersView:116 -                Rank 2 : true
2025-09-07 16:36:45,571 [INFO] ADCParametersView:116 -                Rank 3 : true
2025-09-07 16:36:45,572 [INFO] ADCParametersView:116 -                Rank 4 : true
2025-09-07 16:36:45,572 [INFO] ADCParametersView:116 -                Rank 1 : true
2025-09-07 16:36:45,572 [INFO] ADCParametersView:116 -                Rank 2 : true
2025-09-07 16:36:45,572 [INFO] ADCParametersView:116 -                Rank 3 : true
2025-09-07 16:36:45,572 [INFO] ADCParametersView:116 -                Rank 4 : true
2025-09-07 16:36:45,572 [INFO] ADCParametersView:116 -                Rank 1 : true
2025-09-07 16:36:45,572 [INFO] ADCParametersView:116 -                Rank 2 : true
2025-09-07 16:36:45,572 [INFO] ADCParametersView:116 -                Rank 3 : true
2025-09-07 16:36:45,572 [INFO] ADCParametersView:116 -                Rank 4 : true
2025-09-07 16:36:45,572 [INFO] ADCParametersView:116 -                Rank 1 : true
2025-09-07 16:36:45,572 [INFO] ADCParametersView:116 -                Rank 2 : true
2025-09-07 16:36:45,572 [INFO] ADCParametersView:116 -                Rank 3 : true
2025-09-07 16:36:45,572 [INFO] ADCParametersView:116 -                Rank 4 : true
2025-09-07 16:36:45,572 [INFO] ADCParametersView:116 -                Rank 2 : true
2025-09-07 16:36:45,572 [INFO] ADCParametersView:116 -                Rank 3 : true
2025-09-07 16:36:45,572 [INFO] ADCParametersView:116 -                Rank 4 : true
2025-09-07 16:36:45,572 [INFO] ADCParametersView:116 -                Rank 3 : true
2025-09-07 16:36:45,572 [INFO] ADCParametersView:116 -                Rank 4 : true
2025-09-07 16:36:45,572 [INFO] ADCParametersView:116 -                Rank 4 : true
2025-09-07 16:36:45,597 [INFO] ADCParametersView:116 -                Rank 1 : true
2025-09-07 16:36:45,597 [INFO] ADCParametersView:116 -                Rank 1 : true
2025-09-07 16:36:45,597 [INFO] ADCParametersView:116 -                Rank 2 : true
2025-09-07 16:36:45,597 [INFO] ADCParametersView:116 -                Rank 1 : true
2025-09-07 16:36:45,597 [INFO] ADCParametersView:116 -                Rank 2 : true
2025-09-07 16:36:45,597 [INFO] ADCParametersView:116 -                Rank 3 : true
2025-09-07 16:36:45,598 [INFO] ADCParametersView:116 -                Rank 1 : true
2025-09-07 16:36:45,598 [INFO] ADCParametersView:116 -                Rank 2 : true
2025-09-07 16:36:45,598 [INFO] ADCParametersView:116 -                Rank 3 : true
2025-09-07 16:36:45,598 [INFO] ADCParametersView:116 -                Rank 4 : true
2025-09-07 16:36:49,509 [INFO] NvicIntPanel:101 - NVIC parent = com.st.microxplorer.plugins.ip.nvic.MultiNvicIntPanel[,0,0,0x0,invalid,layout=javax.swing.BoxLayout,alignmentX=0.0,alignmentY=0.0,border=,flags=9,maximumSize=,minimumSize=,preferredSize=]
2025-09-07 16:36:49,550 [INFO] ADCParametersView:116 -                Rank 1 : true
2025-09-07 16:36:49,550 [INFO] ADCParametersView:116 -                Rank 2 : true
2025-09-07 16:36:49,551 [INFO] ADCParametersView:116 -                Rank 3 : true
2025-09-07 16:36:49,551 [INFO] ADCParametersView:116 -                Rank 4 : true
2025-09-07 16:36:49,553 [INFO] ADCParametersView:116 -                Rank 1 : true
2025-09-07 16:36:49,553 [INFO] ADCParametersView:116 -                Rank 2 : true
2025-09-07 16:36:49,553 [INFO] ADCParametersView:116 -                Rank 3 : true
2025-09-07 16:36:49,553 [INFO] ADCParametersView:116 -                Rank 4 : true
2025-09-07 16:36:49,553 [INFO] ADCParametersView:116 -                Rank 1 : true
2025-09-07 16:36:49,553 [INFO] ADCParametersView:116 -                Rank 2 : true
2025-09-07 16:36:49,553 [INFO] ADCParametersView:116 -                Rank 3 : true
2025-09-07 16:36:49,553 [INFO] ADCParametersView:116 -                Rank 4 : true
2025-09-07 16:36:49,553 [INFO] ADCParametersView:116 -                Rank 1 : true
2025-09-07 16:36:49,553 [INFO] ADCParametersView:116 -                Rank 2 : true
2025-09-07 16:36:49,553 [INFO] ADCParametersView:116 -                Rank 3 : true
2025-09-07 16:36:49,554 [INFO] ADCParametersView:116 -                Rank 4 : true
2025-09-07 16:36:49,554 [INFO] ADCParametersView:116 -                Rank 1 : true
2025-09-07 16:36:49,554 [INFO] ADCParametersView:116 -                Rank 2 : true
2025-09-07 16:36:49,554 [INFO] ADCParametersView:116 -                Rank 3 : true
2025-09-07 16:36:49,554 [INFO] ADCParametersView:116 -                Rank 4 : true
2025-09-07 16:36:49,554 [INFO] ADCParametersView:116 -                Rank 1 : true
2025-09-07 16:36:49,554 [INFO] ADCParametersView:116 -                Rank 2 : true
2025-09-07 16:36:49,554 [INFO] ADCParametersView:116 -                Rank 3 : true
2025-09-07 16:36:49,554 [INFO] ADCParametersView:116 -                Rank 4 : true
2025-09-07 16:36:49,554 [INFO] ADCParametersView:116 -                Rank 1 : true
2025-09-07 16:36:49,554 [INFO] ADCParametersView:116 -                Rank 2 : true
2025-09-07 16:36:49,554 [INFO] ADCParametersView:116 -                Rank 3 : true
2025-09-07 16:36:49,554 [INFO] ADCParametersView:116 -                Rank 4 : true
2025-09-07 16:36:49,554 [INFO] ADCParametersView:116 -                Rank 1 : true
2025-09-07 16:36:49,554 [INFO] ADCParametersView:116 -                Rank 2 : true
2025-09-07 16:36:49,554 [INFO] ADCParametersView:116 -                Rank 3 : true
2025-09-07 16:36:49,554 [INFO] ADCParametersView:116 -                Rank 4 : true
2025-09-07 16:36:49,554 [INFO] ADCParametersView:116 -                Rank 1 : true
2025-09-07 16:36:49,554 [INFO] ADCParametersView:116 -                Rank 2 : true
2025-09-07 16:36:49,554 [INFO] ADCParametersView:116 -                Rank 3 : true
2025-09-07 16:36:49,554 [INFO] ADCParametersView:116 -                Rank 4 : true
2025-09-07 16:36:49,554 [INFO] ADCParametersView:116 -                Rank 1 : true
2025-09-07 16:36:49,554 [INFO] ADCParametersView:116 -                Rank 2 : true
2025-09-07 16:36:49,554 [INFO] ADCParametersView:116 -                Rank 3 : true
2025-09-07 16:36:49,554 [INFO] ADCParametersView:116 -                Rank 4 : true
2025-09-07 16:36:49,554 [INFO] ADCParametersView:116 -                Rank 1 : true
2025-09-07 16:36:49,554 [INFO] ADCParametersView:116 -                Rank 2 : true
2025-09-07 16:36:49,554 [INFO] ADCParametersView:116 -                Rank 3 : true
2025-09-07 16:36:49,554 [INFO] ADCParametersView:116 -                Rank 4 : true
2025-09-07 16:36:49,554 [INFO] ADCParametersView:116 -                Rank 1 : true
2025-09-07 16:36:49,554 [INFO] ADCParametersView:116 -                Rank 2 : true
2025-09-07 16:36:49,556 [INFO] ADCParametersView:116 -                Rank 3 : true
2025-09-07 16:36:49,556 [INFO] ADCParametersView:116 -                Rank 4 : true
2025-09-07 16:36:49,556 [INFO] ADCParametersView:116 -                Rank 1 : true
2025-09-07 16:36:49,556 [INFO] ADCParametersView:116 -                Rank 2 : true
2025-09-07 16:36:49,556 [INFO] ADCParametersView:116 -                Rank 3 : true
2025-09-07 16:36:49,556 [INFO] ADCParametersView:116 -                Rank 4 : true
2025-09-07 16:36:49,556 [INFO] ADCParametersView:116 -                Rank 1 : true
2025-09-07 16:36:49,556 [INFO] ADCParametersView:116 -                Rank 2 : true
2025-09-07 16:36:49,556 [INFO] ADCParametersView:116 -                Rank 3 : true
2025-09-07 16:36:49,556 [INFO] ADCParametersView:116 -                Rank 4 : true
2025-09-07 16:36:49,556 [INFO] ADCParametersView:116 -                Rank 1 : true
2025-09-07 16:36:49,556 [INFO] ADCParametersView:116 -                Rank 2 : true
2025-09-07 16:36:49,556 [INFO] ADCParametersView:116 -                Rank 3 : true
2025-09-07 16:36:49,556 [INFO] ADCParametersView:116 -                Rank 4 : true
2025-09-07 16:36:49,556 [INFO] ADCParametersView:116 -                Rank 1 : true
2025-09-07 16:36:49,556 [INFO] ADCParametersView:116 -                Rank 2 : true
2025-09-07 16:36:49,556 [INFO] ADCParametersView:116 -                Rank 3 : true
2025-09-07 16:36:49,556 [INFO] ADCParametersView:116 -                Rank 4 : true
2025-09-07 16:36:49,556 [INFO] ADCParametersView:116 -                Rank 1 : true
2025-09-07 16:36:49,556 [INFO] ADCParametersView:116 -                Rank 2 : true
2025-09-07 16:36:49,556 [INFO] ADCParametersView:116 -                Rank 3 : true
2025-09-07 16:36:49,556 [INFO] ADCParametersView:116 -                Rank 4 : true
2025-09-07 16:36:49,556 [INFO] ADCParametersView:116 -                Rank 1 : true
2025-09-07 16:36:49,557 [INFO] ADCParametersView:116 -                Rank 2 : true
2025-09-07 16:36:49,557 [INFO] ADCParametersView:116 -                Rank 3 : true
2025-09-07 16:36:49,557 [INFO] ADCParametersView:116 -                Rank 4 : true
2025-09-07 16:36:49,557 [INFO] ADCParametersView:116 -                Rank 1 : true
2025-09-07 16:36:49,557 [INFO] ADCParametersView:116 -                Rank 2 : true
2025-09-07 16:36:49,557 [INFO] ADCParametersView:116 -                Rank 3 : true
2025-09-07 16:36:49,557 [INFO] ADCParametersView:116 -                Rank 4 : true
2025-09-07 16:36:49,557 [INFO] ADCParametersView:116 -                Rank 1 : true
2025-09-07 16:36:49,557 [INFO] ADCParametersView:116 -                Rank 2 : true
2025-09-07 16:36:49,557 [INFO] ADCParametersView:116 -                Rank 3 : true
2025-09-07 16:36:49,557 [INFO] ADCParametersView:116 -                Rank 4 : true
2025-09-07 16:36:49,557 [INFO] ADCParametersView:116 -                Rank 1 : true
2025-09-07 16:36:49,557 [INFO] ADCParametersView:116 -                Rank 2 : true
2025-09-07 16:36:49,557 [INFO] ADCParametersView:116 -                Rank 3 : true
2025-09-07 16:36:49,557 [INFO] ADCParametersView:116 -                Rank 4 : true
2025-09-07 16:36:49,557 [INFO] ADCParametersView:116 -                Rank 2 : true
2025-09-07 16:36:49,557 [INFO] ADCParametersView:116 -                Rank 3 : true
2025-09-07 16:36:49,557 [INFO] ADCParametersView:116 -                Rank 4 : true
2025-09-07 16:36:49,557 [INFO] ADCParametersView:116 -                Rank 3 : true
2025-09-07 16:36:49,557 [INFO] ADCParametersView:116 -                Rank 4 : true
2025-09-07 16:36:49,557 [INFO] ADCParametersView:116 -                Rank 4 : true
2025-09-07 16:36:49,579 [INFO] ADCParametersView:116 -                Rank 1 : true
2025-09-07 16:36:49,580 [INFO] ADCParametersView:116 -                Rank 1 : true
2025-09-07 16:36:49,580 [INFO] ADCParametersView:116 -                Rank 2 : true
2025-09-07 16:36:49,580 [INFO] ADCParametersView:116 -                Rank 1 : true
2025-09-07 16:36:49,580 [INFO] ADCParametersView:116 -                Rank 2 : true
2025-09-07 16:36:49,580 [INFO] ADCParametersView:116 -                Rank 3 : true
2025-09-07 16:36:49,581 [INFO] ADCParametersView:116 -                Rank 1 : true
2025-09-07 16:36:49,581 [INFO] ADCParametersView:116 -                Rank 2 : true
2025-09-07 16:36:49,581 [INFO] ADCParametersView:116 -                Rank 3 : true
2025-09-07 16:36:49,581 [INFO] ADCParametersView:116 -                Rank 4 : true
2025-09-07 16:36:53,915 [INFO] NvicIntPanel:101 - NVIC parent = com.st.microxplorer.plugins.ip.nvic.MultiNvicIntPanel[,0,0,0x0,invalid,layout=javax.swing.BoxLayout,alignmentX=0.0,alignmentY=0.0,border=,flags=9,maximumSize=,minimumSize=,preferredSize=]
2025-09-07 16:36:53,960 [INFO] ADCParametersView:116 -                Rank 1 : true
2025-09-07 16:36:53,960 [INFO] ADCParametersView:116 -                Rank 2 : true
2025-09-07 16:36:53,960 [INFO] ADCParametersView:116 -                Rank 3 : true
2025-09-07 16:36:53,960 [INFO] ADCParametersView:116 -                Rank 4 : true
2025-09-07 16:36:53,963 [INFO] ADCParametersView:116 -                Rank 1 : true
2025-09-07 16:36:53,963 [INFO] ADCParametersView:116 -                Rank 2 : true
2025-09-07 16:36:53,963 [INFO] ADCParametersView:116 -                Rank 3 : true
2025-09-07 16:36:53,963 [INFO] ADCParametersView:116 -                Rank 4 : true
2025-09-07 16:36:53,963 [INFO] ADCParametersView:116 -                Rank 1 : true
2025-09-07 16:36:53,963 [INFO] ADCParametersView:116 -                Rank 2 : true
2025-09-07 16:36:53,963 [INFO] ADCParametersView:116 -                Rank 3 : true
2025-09-07 16:36:53,963 [INFO] ADCParametersView:116 -                Rank 4 : true
2025-09-07 16:36:53,963 [INFO] ADCParametersView:116 -                Rank 1 : true
2025-09-07 16:36:53,963 [INFO] ADCParametersView:116 -                Rank 2 : true
2025-09-07 16:36:53,963 [INFO] ADCParametersView:116 -                Rank 3 : true
2025-09-07 16:36:53,963 [INFO] ADCParametersView:116 -                Rank 4 : true
2025-09-07 16:36:53,963 [INFO] ADCParametersView:116 -                Rank 1 : true
2025-09-07 16:36:53,963 [INFO] ADCParametersView:116 -                Rank 2 : true
2025-09-07 16:36:53,963 [INFO] ADCParametersView:116 -                Rank 3 : true
2025-09-07 16:36:53,963 [INFO] ADCParametersView:116 -                Rank 4 : true
2025-09-07 16:36:53,963 [INFO] ADCParametersView:116 -                Rank 1 : true
2025-09-07 16:36:53,963 [INFO] ADCParametersView:116 -                Rank 2 : true
2025-09-07 16:36:53,963 [INFO] ADCParametersView:116 -                Rank 3 : true
2025-09-07 16:36:53,963 [INFO] ADCParametersView:116 -                Rank 4 : true
2025-09-07 16:36:53,963 [INFO] ADCParametersView:116 -                Rank 1 : true
2025-09-07 16:36:53,963 [INFO] ADCParametersView:116 -                Rank 2 : true
2025-09-07 16:36:53,963 [INFO] ADCParametersView:116 -                Rank 3 : true
2025-09-07 16:36:53,963 [INFO] ADCParametersView:116 -                Rank 4 : true
2025-09-07 16:36:53,964 [INFO] ADCParametersView:116 -                Rank 1 : true
2025-09-07 16:36:53,964 [INFO] ADCParametersView:116 -                Rank 2 : true
2025-09-07 16:36:53,964 [INFO] ADCParametersView:116 -                Rank 3 : true
2025-09-07 16:36:53,964 [INFO] ADCParametersView:116 -                Rank 4 : true
2025-09-07 16:36:53,964 [INFO] ADCParametersView:116 -                Rank 1 : true
2025-09-07 16:36:53,964 [INFO] ADCParametersView:116 -                Rank 2 : true
2025-09-07 16:36:53,964 [INFO] ADCParametersView:116 -                Rank 3 : true
2025-09-07 16:36:53,964 [INFO] ADCParametersView:116 -                Rank 4 : true
2025-09-07 16:36:53,964 [INFO] ADCParametersView:116 -                Rank 1 : true
2025-09-07 16:36:53,964 [INFO] ADCParametersView:116 -                Rank 2 : true
2025-09-07 16:36:53,964 [INFO] ADCParametersView:116 -                Rank 3 : true
2025-09-07 16:36:53,964 [INFO] ADCParametersView:116 -                Rank 4 : true
2025-09-07 16:36:53,964 [INFO] ADCParametersView:116 -                Rank 1 : true
2025-09-07 16:36:53,964 [INFO] ADCParametersView:116 -                Rank 2 : true
2025-09-07 16:36:53,964 [INFO] ADCParametersView:116 -                Rank 3 : true
2025-09-07 16:36:53,964 [INFO] ADCParametersView:116 -                Rank 4 : true
2025-09-07 16:36:53,964 [INFO] ADCParametersView:116 -                Rank 1 : true
2025-09-07 16:36:53,964 [INFO] ADCParametersView:116 -                Rank 2 : true
2025-09-07 16:36:53,964 [INFO] ADCParametersView:116 -                Rank 3 : true
2025-09-07 16:36:53,964 [INFO] ADCParametersView:116 -                Rank 4 : true
2025-09-07 16:36:53,964 [INFO] ADCParametersView:116 -                Rank 1 : true
2025-09-07 16:36:53,964 [INFO] ADCParametersView:116 -                Rank 2 : true
2025-09-07 16:36:53,964 [INFO] ADCParametersView:116 -                Rank 3 : true
2025-09-07 16:36:53,964 [INFO] ADCParametersView:116 -                Rank 4 : true
2025-09-07 16:36:53,964 [INFO] ADCParametersView:116 -                Rank 1 : true
2025-09-07 16:36:53,965 [INFO] ADCParametersView:116 -                Rank 2 : true
2025-09-07 16:36:53,965 [INFO] ADCParametersView:116 -                Rank 3 : true
2025-09-07 16:36:53,965 [INFO] ADCParametersView:116 -                Rank 4 : true
2025-09-07 16:36:53,965 [INFO] ADCParametersView:116 -                Rank 1 : true
2025-09-07 16:36:53,965 [INFO] ADCParametersView:116 -                Rank 2 : true
2025-09-07 16:36:53,965 [INFO] ADCParametersView:116 -                Rank 3 : true
2025-09-07 16:36:53,965 [INFO] ADCParametersView:116 -                Rank 4 : true
2025-09-07 16:36:53,965 [INFO] ADCParametersView:116 -                Rank 1 : true
2025-09-07 16:36:53,965 [INFO] ADCParametersView:116 -                Rank 2 : true
2025-09-07 16:36:53,966 [INFO] ADCParametersView:116 -                Rank 3 : true
2025-09-07 16:36:53,966 [INFO] ADCParametersView:116 -                Rank 4 : true
2025-09-07 16:36:53,966 [INFO] ADCParametersView:116 -                Rank 1 : true
2025-09-07 16:36:53,966 [INFO] ADCParametersView:116 -                Rank 2 : true
2025-09-07 16:36:53,966 [INFO] ADCParametersView:116 -                Rank 3 : true
2025-09-07 16:36:53,966 [INFO] ADCParametersView:116 -                Rank 4 : true
2025-09-07 16:36:53,966 [INFO] ADCParametersView:116 -                Rank 1 : true
2025-09-07 16:36:53,966 [INFO] ADCParametersView:116 -                Rank 2 : true
2025-09-07 16:36:53,966 [INFO] ADCParametersView:116 -                Rank 3 : true
2025-09-07 16:36:53,966 [INFO] ADCParametersView:116 -                Rank 4 : true
2025-09-07 16:36:53,966 [INFO] ADCParametersView:116 -                Rank 1 : true
2025-09-07 16:36:53,966 [INFO] ADCParametersView:116 -                Rank 2 : true
2025-09-07 16:36:53,966 [INFO] ADCParametersView:116 -                Rank 3 : true
2025-09-07 16:36:53,966 [INFO] ADCParametersView:116 -                Rank 4 : true
2025-09-07 16:36:53,966 [INFO] ADCParametersView:116 -                Rank 1 : true
2025-09-07 16:36:53,966 [INFO] ADCParametersView:116 -                Rank 2 : true
2025-09-07 16:36:53,966 [INFO] ADCParametersView:116 -                Rank 3 : true
2025-09-07 16:36:53,966 [INFO] ADCParametersView:116 -                Rank 4 : true
2025-09-07 16:36:53,967 [INFO] ADCParametersView:116 -                Rank 1 : true
2025-09-07 16:36:53,967 [INFO] ADCParametersView:116 -                Rank 2 : true
2025-09-07 16:36:53,967 [INFO] ADCParametersView:116 -                Rank 3 : true
2025-09-07 16:36:53,967 [INFO] ADCParametersView:116 -                Rank 4 : true
2025-09-07 16:36:53,967 [INFO] ADCParametersView:116 -                Rank 2 : true
2025-09-07 16:36:53,967 [INFO] ADCParametersView:116 -                Rank 3 : true
2025-09-07 16:36:53,967 [INFO] ADCParametersView:116 -                Rank 4 : true
2025-09-07 16:36:53,967 [INFO] ADCParametersView:116 -                Rank 3 : true
2025-09-07 16:36:53,967 [INFO] ADCParametersView:116 -                Rank 4 : true
2025-09-07 16:36:53,967 [INFO] ADCParametersView:116 -                Rank 4 : true
2025-09-07 16:36:53,988 [INFO] ADCParametersView:116 -                Rank 1 : true
2025-09-07 16:36:53,988 [INFO] ADCParametersView:116 -                Rank 1 : true
2025-09-07 16:36:53,988 [INFO] ADCParametersView:116 -                Rank 2 : true
2025-09-07 16:36:53,988 [INFO] ADCParametersView:116 -                Rank 1 : true
2025-09-07 16:36:53,988 [INFO] ADCParametersView:116 -                Rank 2 : true
2025-09-07 16:36:53,988 [INFO] ADCParametersView:116 -                Rank 3 : true
2025-09-07 16:36:53,988 [INFO] ADCParametersView:116 -                Rank 1 : true
2025-09-07 16:36:53,988 [INFO] ADCParametersView:116 -                Rank 2 : true
2025-09-07 16:36:53,988 [INFO] ADCParametersView:116 -                Rank 3 : true
2025-09-07 16:36:53,989 [INFO] ADCParametersView:116 -                Rank 4 : true
2025-09-07 16:37:06,494 [INFO] UtilMem:75 - End SaveConfig() Used Memory: 700337448 Bytes (943718400)
2025-09-07 16:37:07,740 [INFO] UtilMem:75 - End SaveConfig() Used Memory: 718163240 Bytes (943718400)
2025-09-07 16:37:21,247 [INFO] UtilMem:75 - End SaveConfig() Used Memory: 806243624 Bytes (943718400)
2025-09-07 16:37:21,449 [INFO] BlockDiagram:2775 - set Specific Code input for plugin: SPI
2025-09-07 16:37:21,449 [INFO] BlockDiagram:2775 - set Specific Code input for plugin: IWDG
2025-09-07 16:37:21,449 [INFO] BlockDiagram:2775 - set Specific Code input for plugin: DAC
2025-09-07 16:37:21,449 [INFO] BlockDiagram:2775 - set Specific Code input for plugin: TIM1_8G4
2025-09-07 16:37:21,449 [INFO] BlockDiagram:2775 - set Specific Code input for plugin: TIM1_8G4
2025-09-07 16:37:21,449 [INFO] BlockDiagram:2775 - set Specific Code input for plugin: TIM1_8G4
2025-09-07 16:37:21,449 [INFO] BlockDiagram:2775 - set Specific Code input for plugin: TIM1_8G4
2025-09-07 16:37:21,449 [INFO] BlockDiagram:2775 - set Specific Code input for plugin: ADC
2025-09-07 16:37:21,449 [INFO] BlockDiagram:2775 - set Specific Code input for plugin: SYS
2025-09-07 16:37:21,449 [INFO] BlockDiagram:2775 - set Specific Code input for plugin: ADC
2025-09-07 16:37:21,449 [INFO] BlockDiagram:2775 - set Specific Code input for plugin: RCC
2025-09-07 16:37:21,449 [INFO] BlockDiagram:2775 - set Specific Code input for plugin: I2C
2025-09-07 16:37:21,449 [INFO] BlockDiagram:2775 - set Specific Code input for plugin: RTC
2025-09-07 16:37:21,450 [INFO] BlockDiagram:2775 - set Specific Code input for plugin: NVIC
2025-09-07 16:37:21,450 [INFO] BlockDiagram:2775 - set Specific Code input for plugin: USART
2025-09-07 16:37:21,450 [INFO] BlockDiagram:2775 - set Specific Code input for plugin: USART
2025-09-07 16:37:21,450 [INFO] BlockDiagram:2775 - set Specific Code input for plugin: UART
2025-09-07 16:37:21,451 [INFO] BlockDiagram:2775 - set Specific Code input for plugin: GPIO
2025-09-07 16:37:21,452 [INFO] CodeGenerator:892 - code generatio: config db path: C:\ST\STM32CubeIDE_1.19.0\STM32CubeIDE\plugins\com.st.stm32cube.common.mx_6.15.0.202507011659\\db\
2025-09-07 16:37:21,487 [WARN] IP:2250 - OutPut1 not found: check if there is a RefParameter without a condition.
2025-09-07 16:37:21,488 [WARN] IP:2250 - OutPut2 not found: check if there is a RefParameter without a condition.
2025-09-07 16:37:21,488 [WARN] IP:2250 - OutPut3 not found: check if there is a RefParameter without a condition.
2025-09-07 16:37:21,689 [INFO] CodeEngine:265 - oldGeneratedFile, E:\projects\DevelopmentLevelCode\LineMonitorUART\LineMonitorUART\MXTmpFiles\license.tmp_save
2025-09-07 16:37:21,766 [INFO] CodeEngine:289 - Generated code: E:\projects\DevelopmentLevelCode\LineMonitorUART\LineMonitorUART\MXTmpFiles\license.tmp
2025-09-07 16:37:21,843 [INFO] CodeEngine:265 - oldGeneratedFile, E:\projects\DevelopmentLevelCode\LineMonitorUART\LineMonitorUART\MXTmpFiles\gpio.tmp_save
2025-09-07 16:37:21,934 [INFO] CodeEngine:289 - Generated code: E:\projects\DevelopmentLevelCode\LineMonitorUART\LineMonitorUART\MXTmpFiles\gpio.tmp
2025-09-07 16:37:23,219 [INFO] CodeEngine:265 - oldGeneratedFile, E:\projects\DevelopmentLevelCode\LineMonitorUART\LineMonitorUART\Core\Src\stm32g4xx_it.c_save
2025-09-07 16:37:23,303 [INFO] CodeEngine:289 - Generated code: E:\projects\DevelopmentLevelCode\LineMonitorUART\LineMonitorUART\Core\Src\stm32g4xx_it.c
2025-09-07 16:37:23,309 [INFO] CodeEngine:265 - oldGeneratedFile, E:\projects\DevelopmentLevelCode\LineMonitorUART\LineMonitorUART\Core\Inc\stm32g4xx_it.h_save
2025-09-07 16:37:23,380 [INFO] CodeEngine:289 - Generated code: E:\projects\DevelopmentLevelCode\LineMonitorUART\LineMonitorUART\Core\Inc\stm32g4xx_it.h
2025-09-07 16:37:23,396 [INFO] CodeEngine:265 - oldGeneratedFile, E:\projects\DevelopmentLevelCode\LineMonitorUART\LineMonitorUART\Core\Src\stm32g4xx_hal_msp.c_save
2025-09-07 16:37:23,514 [INFO] CodeEngine:289 - Generated code: E:\projects\DevelopmentLevelCode\LineMonitorUART\LineMonitorUART\Core\Src\stm32g4xx_hal_msp.c
2025-09-07 16:37:23,519 [INFO] CodeEngine:265 - oldGeneratedFile, E:\projects\DevelopmentLevelCode\LineMonitorUART\LineMonitorUART\MXTmpFiles\system.tmp_save
2025-09-07 16:37:23,599 [INFO] CodeEngine:289 - Generated code: E:\projects\DevelopmentLevelCode\LineMonitorUART\LineMonitorUART\MXTmpFiles\system.tmp
2025-09-07 16:37:23,611 [INFO] CodeEngine:321 - oldGeneratedFile, E:\projects\DevelopmentLevelCode\LineMonitorUART\LineMonitorUART\Core\Inc\stm32g4xx_hal_conf.h_save
2025-09-07 16:37:23,689 [INFO] CodeEngine:345 - Generated code: E:\projects\DevelopmentLevelCode\LineMonitorUART\LineMonitorUART\Core\Inc\stm32g4xx_hal_conf.h
2025-09-07 16:37:23,705 [WARN] IPConfigManager:3238 - Warning: the RefConfig RCC_CommonPeriphClockConfig is not available in your config.xml file
2025-09-07 16:37:23,710 [WARN] IPConfigManager:3811 - IP not found : TIM
2025-09-07 16:37:23,711 [WARN] CodeGenerator:4259 - IP not found : null
2025-09-07 16:37:23,719 [INFO] CodeEngine:265 - oldGeneratedFile, E:\projects\DevelopmentLevelCode\LineMonitorUART\LineMonitorUART\Core\Inc\main.h_save
2025-09-07 16:37:23,797 [INFO] CodeEngine:289 - Generated code: E:\projects\DevelopmentLevelCode\LineMonitorUART\LineMonitorUART\Core\Inc\main.h
2025-09-07 16:37:23,802 [INFO] CodeEngine:265 - oldGeneratedFile, E:\projects\DevelopmentLevelCode\LineMonitorUART\LineMonitorUART\Core\Src\main.c_save
2025-09-07 16:37:24,016 [INFO] CodeEngine:289 - Generated code: E:\projects\DevelopmentLevelCode\LineMonitorUART\LineMonitorUART\Core\Src\main.c
2025-09-07 16:37:24,514 [INFO] ProjectBuilder:3606 - Time for Copy HAL[1] : 207mS.
2025-09-07 16:37:24,519 [INFO] ProjectBuilder:5216 - Project Generator version: 4.7.0-B52
2025-09-07 16:37:24,621 [INFO] ConfigFileManager:1595 - The Die is : DIE468
2025-09-07 16:37:25,543 [INFO] ProjectBuilder:5496 - Time for Generating toolchain IDE Files: 1025mS.
2025-09-07 16:37:25,544 [INFO] ProjectBuilder:3463 - Time for Copy CMSIS : 0mS.
2025-09-07 16:37:25,547 [INFO] ProjectBuilder:3463 - Time for Copy CMSIS : 0mS.
2025-09-07 16:41:22,246 [INFO] WebApp:194 - Connection lost
2025-09-07 16:41:22,601 [INFO] WebApp:191 - Connection restablished
2025-09-07 16:42:55,259 [INFO] WebApp:194 - Connection lost
2025-09-07 16:42:58,293 [INFO] WebApp:191 - Connection restablished
2025-09-07 16:48:36,072 [INFO] UtilMem:75 - End SaveConfig() Used Memory: 565714056 Bytes (943718400)
2025-09-07 16:48:36,949 [INFO] UtilMem:75 - End SaveConfig() Used Memory: 585796128 Bytes (943718400)
2025-09-07 16:48:40,135 [INFO] UtilMem:75 - End SaveConfig() Used Memory: 709253328 Bytes (943718400)
2025-09-07 16:48:40,998 [INFO] BlockDiagram:2775 - set Specific Code input for plugin: SPI
2025-09-07 16:48:40,998 [INFO] BlockDiagram:2775 - set Specific Code input for plugin: IWDG
2025-09-07 16:48:40,998 [INFO] BlockDiagram:2775 - set Specific Code input for plugin: DAC
2025-09-07 16:48:40,998 [INFO] BlockDiagram:2775 - set Specific Code input for plugin: TIM1_8G4
2025-09-07 16:48:40,999 [INFO] BlockDiagram:2775 - set Specific Code input for plugin: TIM1_8G4
2025-09-07 16:48:40,999 [INFO] BlockDiagram:2775 - set Specific Code input for plugin: TIM1_8G4
2025-09-07 16:48:41,000 [INFO] BlockDiagram:2775 - set Specific Code input for plugin: TIM1_8G4
2025-09-07 16:48:41,000 [INFO] BlockDiagram:2775 - set Specific Code input for plugin: ADC
2025-09-07 16:48:41,000 [INFO] BlockDiagram:2775 - set Specific Code input for plugin: SYS
2025-09-07 16:48:41,000 [INFO] BlockDiagram:2775 - set Specific Code input for plugin: ADC
2025-09-07 16:48:41,001 [INFO] BlockDiagram:2775 - set Specific Code input for plugin: RCC
2025-09-07 16:48:41,001 [INFO] BlockDiagram:2775 - set Specific Code input for plugin: I2C
2025-09-07 16:48:41,001 [INFO] BlockDiagram:2775 - set Specific Code input for plugin: RTC
2025-09-07 16:48:41,001 [INFO] BlockDiagram:2775 - set Specific Code input for plugin: NVIC
2025-09-07 16:48:41,001 [INFO] BlockDiagram:2775 - set Specific Code input for plugin: USART
2025-09-07 16:48:41,001 [INFO] BlockDiagram:2775 - set Specific Code input for plugin: USART
2025-09-07 16:48:41,001 [INFO] BlockDiagram:2775 - set Specific Code input for plugin: UART
2025-09-07 16:48:41,002 [INFO] BlockDiagram:2775 - set Specific Code input for plugin: GPIO
2025-09-07 16:48:41,003 [INFO] CodeGenerator:892 - code generatio: config db path: C:\ST\STM32CubeIDE_1.19.0\STM32CubeIDE\plugins\com.st.stm32cube.common.mx_6.15.0.202507011659\\db\
2025-09-07 16:48:41,040 [WARN] IP:2250 - OutPut1 not found: check if there is a RefParameter without a condition.
2025-09-07 16:48:41,041 [WARN] IP:2250 - OutPut2 not found: check if there is a RefParameter without a condition.
2025-09-07 16:48:41,041 [WARN] IP:2250 - OutPut3 not found: check if there is a RefParameter without a condition.
2025-09-07 16:48:41,436 [INFO] CodeEngine:265 - oldGeneratedFile, E:\projects\DevelopmentLevelCode\LineMonitorUART\LineMonitorUART\MXTmpFiles\license.tmp_save
2025-09-07 16:48:41,682 [INFO] CodeEngine:289 - Generated code: E:\projects\DevelopmentLevelCode\LineMonitorUART\LineMonitorUART\MXTmpFiles\license.tmp
2025-09-07 16:48:41,821 [INFO] CodeEngine:265 - oldGeneratedFile, E:\projects\DevelopmentLevelCode\LineMonitorUART\LineMonitorUART\MXTmpFiles\gpio.tmp_save
2025-09-07 16:48:42,020 [INFO] CodeEngine:289 - Generated code: E:\projects\DevelopmentLevelCode\LineMonitorUART\LineMonitorUART\MXTmpFiles\gpio.tmp
2025-09-07 16:48:43,686 [INFO] CodeEngine:265 - oldGeneratedFile, E:\projects\DevelopmentLevelCode\LineMonitorUART\LineMonitorUART\Core\Src\stm32g4xx_it.c_save
2025-09-07 16:48:43,837 [INFO] CodeEngine:289 - Generated code: E:\projects\DevelopmentLevelCode\LineMonitorUART\LineMonitorUART\Core\Src\stm32g4xx_it.c
2025-09-07 16:48:43,843 [INFO] CodeEngine:265 - oldGeneratedFile, E:\projects\DevelopmentLevelCode\LineMonitorUART\LineMonitorUART\Core\Inc\stm32g4xx_it.h_save
2025-09-07 16:48:43,939 [INFO] CodeEngine:289 - Generated code: E:\projects\DevelopmentLevelCode\LineMonitorUART\LineMonitorUART\Core\Inc\stm32g4xx_it.h
2025-09-07 16:48:43,957 [INFO] CodeEngine:265 - oldGeneratedFile, E:\projects\DevelopmentLevelCode\LineMonitorUART\LineMonitorUART\Core\Src\stm32g4xx_hal_msp.c_save
2025-09-07 16:48:44,209 [INFO] CodeEngine:289 - Generated code: E:\projects\DevelopmentLevelCode\LineMonitorUART\LineMonitorUART\Core\Src\stm32g4xx_hal_msp.c
2025-09-07 16:48:44,214 [INFO] CodeEngine:265 - oldGeneratedFile, E:\projects\DevelopmentLevelCode\LineMonitorUART\LineMonitorUART\MXTmpFiles\system.tmp_save
2025-09-07 16:48:44,295 [INFO] CodeEngine:289 - Generated code: E:\projects\DevelopmentLevelCode\LineMonitorUART\LineMonitorUART\MXTmpFiles\system.tmp
2025-09-07 16:48:44,308 [INFO] CodeEngine:321 - oldGeneratedFile, E:\projects\DevelopmentLevelCode\LineMonitorUART\LineMonitorUART\Core\Inc\stm32g4xx_hal_conf.h_save
2025-09-07 16:48:44,394 [INFO] CodeEngine:345 - Generated code: E:\projects\DevelopmentLevelCode\LineMonitorUART\LineMonitorUART\Core\Inc\stm32g4xx_hal_conf.h
2025-09-07 16:48:44,419 [WARN] IPConfigManager:3238 - Warning: the RefConfig RCC_CommonPeriphClockConfig is not available in your config.xml file
2025-09-07 16:48:44,424 [WARN] IPConfigManager:3811 - IP not found : TIM
2025-09-07 16:48:44,427 [WARN] CodeGenerator:4259 - IP not found : null
2025-09-07 16:48:44,436 [INFO] CodeEngine:265 - oldGeneratedFile, E:\projects\DevelopmentLevelCode\LineMonitorUART\LineMonitorUART\Core\Inc\main.h_save
2025-09-07 16:48:44,529 [INFO] CodeEngine:289 - Generated code: E:\projects\DevelopmentLevelCode\LineMonitorUART\LineMonitorUART\Core\Inc\main.h
2025-09-07 16:48:44,537 [INFO] CodeEngine:265 - oldGeneratedFile, E:\projects\DevelopmentLevelCode\LineMonitorUART\LineMonitorUART\Core\Src\main.c_save
2025-09-07 16:48:44,757 [INFO] CodeEngine:289 - Generated code: E:\projects\DevelopmentLevelCode\LineMonitorUART\LineMonitorUART\Core\Src\main.c
2025-09-07 16:48:45,254 [INFO] ProjectBuilder:3606 - Time for Copy HAL[1] : 189mS.
2025-09-07 16:48:45,258 [INFO] ProjectBuilder:5216 - Project Generator version: 4.7.0-B52
2025-09-07 16:48:45,357 [INFO] ConfigFileManager:1595 - The Die is : DIE468
2025-09-07 16:48:46,490 [INFO] ProjectBuilder:5496 - Time for Generating toolchain IDE Files: 1232mS.
2025-09-07 16:48:46,491 [INFO] ProjectBuilder:3463 - Time for Copy CMSIS : 1mS.
2025-09-07 16:48:46,494 [INFO] ProjectBuilder:3463 - Time for Copy CMSIS : 0mS.
2025-09-07 16:52:45,257 [INFO] WebApp:194 - Connection lost
2025-09-07 16:52:48,344 [INFO] WebApp:191 - Connection restablished
2025-09-07 16:56:01,152 [INFO] UtilMem:75 - End SaveConfig() Used Memory: 550467344 Bytes (943718400)
2025-09-07 16:56:02,215 [INFO] UtilMem:75 - End SaveConfig() Used Memory: 571417264 Bytes (943718400)
2025-09-07 16:56:04,591 [INFO] UtilMem:75 - End SaveConfig() Used Memory: 658396016 Bytes (943718400)
2025-09-07 16:56:05,504 [INFO] BlockDiagram:2775 - set Specific Code input for plugin: SPI
2025-09-07 16:56:05,504 [INFO] BlockDiagram:2775 - set Specific Code input for plugin: IWDG
2025-09-07 16:56:05,504 [INFO] BlockDiagram:2775 - set Specific Code input for plugin: DAC
2025-09-07 16:56:05,505 [INFO] BlockDiagram:2775 - set Specific Code input for plugin: TIM1_8G4
2025-09-07 16:56:05,505 [INFO] BlockDiagram:2775 - set Specific Code input for plugin: TIM1_8G4
2025-09-07 16:56:05,505 [INFO] BlockDiagram:2775 - set Specific Code input for plugin: TIM1_8G4
2025-09-07 16:56:05,505 [INFO] BlockDiagram:2775 - set Specific Code input for plugin: TIM1_8G4
2025-09-07 16:56:05,505 [INFO] BlockDiagram:2775 - set Specific Code input for plugin: ADC
2025-09-07 16:56:05,505 [INFO] BlockDiagram:2775 - set Specific Code input for plugin: SYS
2025-09-07 16:56:05,505 [INFO] BlockDiagram:2775 - set Specific Code input for plugin: ADC
2025-09-07 16:56:05,505 [INFO] BlockDiagram:2775 - set Specific Code input for plugin: RCC
2025-09-07 16:56:05,505 [INFO] BlockDiagram:2775 - set Specific Code input for plugin: I2C
2025-09-07 16:56:05,505 [INFO] BlockDiagram:2775 - set Specific Code input for plugin: RTC
2025-09-07 16:56:05,506 [INFO] BlockDiagram:2775 - set Specific Code input for plugin: NVIC
2025-09-07 16:56:05,506 [INFO] BlockDiagram:2775 - set Specific Code input for plugin: USART
2025-09-07 16:56:05,506 [INFO] BlockDiagram:2775 - set Specific Code input for plugin: USART
2025-09-07 16:56:05,506 [INFO] BlockDiagram:2775 - set Specific Code input for plugin: UART
2025-09-07 16:56:05,507 [INFO] BlockDiagram:2775 - set Specific Code input for plugin: GPIO
2025-09-07 16:56:05,507 [INFO] CodeGenerator:892 - code generatio: config db path: C:\ST\STM32CubeIDE_1.19.0\STM32CubeIDE\plugins\com.st.stm32cube.common.mx_6.15.0.202507011659\\db\
2025-09-07 16:56:05,550 [WARN] IP:2250 - OutPut1 not found: check if there is a RefParameter without a condition.
2025-09-07 16:56:05,550 [WARN] IP:2250 - OutPut2 not found: check if there is a RefParameter without a condition.
2025-09-07 16:56:05,550 [WARN] IP:2250 - OutPut3 not found: check if there is a RefParameter without a condition.
2025-09-07 16:56:06,219 [INFO] CodeEngine:265 - oldGeneratedFile, E:\projects\DevelopmentLevelCode\LineMonitorUART\LineMonitorUART\MXTmpFiles\license.tmp_save
2025-09-07 16:56:06,464 [INFO] CodeEngine:289 - Generated code: E:\projects\DevelopmentLevelCode\LineMonitorUART\LineMonitorUART\MXTmpFiles\license.tmp
2025-09-07 16:56:06,595 [INFO] CodeEngine:265 - oldGeneratedFile, E:\projects\DevelopmentLevelCode\LineMonitorUART\LineMonitorUART\MXTmpFiles\gpio.tmp_save
2025-09-07 16:56:06,808 [INFO] CodeEngine:289 - Generated code: E:\projects\DevelopmentLevelCode\LineMonitorUART\LineMonitorUART\MXTmpFiles\gpio.tmp
2025-09-07 16:56:08,722 [INFO] CodeEngine:265 - oldGeneratedFile, E:\projects\DevelopmentLevelCode\LineMonitorUART\LineMonitorUART\Core\Src\stm32g4xx_it.c_save
2025-09-07 16:56:08,885 [INFO] CodeEngine:289 - Generated code: E:\projects\DevelopmentLevelCode\LineMonitorUART\LineMonitorUART\Core\Src\stm32g4xx_it.c
2025-09-07 16:56:08,891 [INFO] CodeEngine:265 - oldGeneratedFile, E:\projects\DevelopmentLevelCode\LineMonitorUART\LineMonitorUART\Core\Inc\stm32g4xx_it.h_save
2025-09-07 16:56:09,035 [INFO] CodeEngine:289 - Generated code: E:\projects\DevelopmentLevelCode\LineMonitorUART\LineMonitorUART\Core\Inc\stm32g4xx_it.h
2025-09-07 16:56:09,054 [INFO] CodeEngine:265 - oldGeneratedFile, E:\projects\DevelopmentLevelCode\LineMonitorUART\LineMonitorUART\Core\Src\stm32g4xx_hal_msp.c_save
2025-09-07 16:56:09,309 [INFO] CodeEngine:289 - Generated code: E:\projects\DevelopmentLevelCode\LineMonitorUART\LineMonitorUART\Core\Src\stm32g4xx_hal_msp.c
2025-09-07 16:56:09,315 [INFO] CodeEngine:265 - oldGeneratedFile, E:\projects\DevelopmentLevelCode\LineMonitorUART\LineMonitorUART\MXTmpFiles\system.tmp_save
2025-09-07 16:56:09,392 [INFO] CodeEngine:289 - Generated code: E:\projects\DevelopmentLevelCode\LineMonitorUART\LineMonitorUART\MXTmpFiles\system.tmp
2025-09-07 16:56:09,403 [INFO] CodeEngine:321 - oldGeneratedFile, E:\projects\DevelopmentLevelCode\LineMonitorUART\LineMonitorUART\Core\Inc\stm32g4xx_hal_conf.h_save
2025-09-07 16:56:09,484 [INFO] CodeEngine:345 - Generated code: E:\projects\DevelopmentLevelCode\LineMonitorUART\LineMonitorUART\Core\Inc\stm32g4xx_hal_conf.h
2025-09-07 16:56:09,501 [WARN] IPConfigManager:3238 - Warning: the RefConfig RCC_CommonPeriphClockConfig is not available in your config.xml file
2025-09-07 16:56:09,505 [WARN] IPConfigManager:3811 - IP not found : TIM
2025-09-07 16:56:09,506 [WARN] CodeGenerator:4259 - IP not found : null
2025-09-07 16:56:09,514 [INFO] CodeEngine:265 - oldGeneratedFile, E:\projects\DevelopmentLevelCode\LineMonitorUART\LineMonitorUART\Core\Inc\main.h_save
2025-09-07 16:56:09,591 [INFO] CodeEngine:289 - Generated code: E:\projects\DevelopmentLevelCode\LineMonitorUART\LineMonitorUART\Core\Inc\main.h
2025-09-07 16:56:09,599 [INFO] CodeEngine:265 - oldGeneratedFile, E:\projects\DevelopmentLevelCode\LineMonitorUART\LineMonitorUART\Core\Src\main.c_save
2025-09-07 16:56:09,788 [INFO] CodeEngine:289 - Generated code: E:\projects\DevelopmentLevelCode\LineMonitorUART\LineMonitorUART\Core\Src\main.c
2025-09-07 16:56:10,157 [INFO] ProjectBuilder:3606 - Time for Copy HAL[1] : 172mS.
2025-09-07 16:56:10,161 [INFO] ProjectBuilder:5216 - Project Generator version: 4.7.0-B52
2025-09-07 16:56:10,258 [INFO] ConfigFileManager:1595 - The Die is : DIE468
2025-09-07 16:56:11,572 [INFO] ProjectBuilder:5496 - Time for Generating toolchain IDE Files: 1410mS.
2025-09-07 16:56:11,572 [INFO] ProjectBuilder:3463 - Time for Copy CMSIS : 0mS.
2025-09-07 16:56:11,576 [INFO] ProjectBuilder:3463 - Time for Copy CMSIS : 0mS.
2025-09-07 17:01:59,746 [INFO] WebApp:194 - Connection lost
2025-09-07 17:02:00,263 [INFO] WebApp:191 - Connection restablished
2025-09-07 17:03:11,233 [INFO] WebApp:194 - Connection lost
2025-09-07 17:03:11,577 [INFO] WebApp:191 - Connection restablished
2025-09-07 17:21:17,753 [INFO] WebApp:194 - Connection lost
2025-09-07 17:21:18,096 [INFO] WebApp:191 - Connection restablished
2025-09-07 17:37:53,138 [INFO] WebApp:194 - Connection lost
2025-09-07 17:37:53,393 [INFO] WebApp:191 - Connection restablished
2025-09-07 17:38:00,221 [INFO] WebApp:194 - Connection lost
2025-09-07 17:38:03,327 [INFO] WebApp:191 - Connection restablished
2025-09-07 17:46:17,558 [INFO] NvicIntPanel:101 - NVIC parent = com.st.microxplorer.plugins.ip.nvic.MultiNvicIntPanel[,0,0,450x284,layout=javax.swing.BoxLayout,alignmentX=0.0,alignmentY=0.0,border=,flags=9,maximumSize=,minimumSize=,preferredSize=]
2025-09-07 17:51:56,728 [INFO] NvicIntPanel:101 - NVIC parent = com.st.microxplorer.plugins.ip.nvic.MultiNvicIntPanel[,0,0,0x0,invalid,layout=javax.swing.BoxLayout,alignmentX=0.0,alignmentY=0.0,border=,flags=9,maximumSize=,minimumSize=,preferredSize=]
2025-09-07 17:53:08,048 [INFO] NvicIntPanel:101 - NVIC parent = com.st.microxplorer.plugins.ip.nvic.MultiNvicIntPanel[,0,0,0x0,invalid,layout=javax.swing.BoxLayout,alignmentX=0.0,alignmentY=0.0,border=,flags=9,maximumSize=,minimumSize=,preferredSize=]
2025-09-07 17:53:33,243 [INFO] UtilMem:75 - End SaveConfig() Used Memory: 854520920 Bytes (943718400)
2025-09-07 17:53:34,232 [INFO] UtilMem:75 - End SaveConfig() Used Memory: 386022104 Bytes (943718400)
2025-09-07 17:53:35,680 [INFO] UtilMem:75 - End SaveConfig() Used Memory: 457325272 Bytes (943718400)
2025-09-07 17:53:35,938 [INFO] BlockDiagram:2775 - set Specific Code input for plugin: SPI
2025-09-07 17:53:35,938 [INFO] BlockDiagram:2775 - set Specific Code input for plugin: IWDG
2025-09-07 17:53:35,938 [INFO] BlockDiagram:2775 - set Specific Code input for plugin: DAC
2025-09-07 17:53:35,939 [INFO] BlockDiagram:2775 - set Specific Code input for plugin: TIM1_8G4
2025-09-07 17:53:35,939 [INFO] BlockDiagram:2775 - set Specific Code input for plugin: TIM1_8G4
2025-09-07 17:53:35,939 [INFO] BlockDiagram:2775 - set Specific Code input for plugin: TIM1_8G4
2025-09-07 17:53:35,939 [INFO] BlockDiagram:2775 - set Specific Code input for plugin: TIM1_8G4
2025-09-07 17:53:35,939 [INFO] BlockDiagram:2775 - set Specific Code input for plugin: ADC
2025-09-07 17:53:35,939 [INFO] BlockDiagram:2775 - set Specific Code input for plugin: SYS
2025-09-07 17:53:35,939 [INFO] BlockDiagram:2775 - set Specific Code input for plugin: ADC
2025-09-07 17:53:35,939 [INFO] BlockDiagram:2775 - set Specific Code input for plugin: RCC
2025-09-07 17:53:35,939 [INFO] BlockDiagram:2775 - set Specific Code input for plugin: I2C
2025-09-07 17:53:35,940 [INFO] BlockDiagram:2775 - set Specific Code input for plugin: RTC
2025-09-07 17:53:35,940 [INFO] BlockDiagram:2775 - set Specific Code input for plugin: NVIC
2025-09-07 17:53:35,940 [INFO] BlockDiagram:2775 - set Specific Code input for plugin: USART
2025-09-07 17:53:35,940 [INFO] BlockDiagram:2775 - set Specific Code input for plugin: USART
2025-09-07 17:53:35,940 [INFO] BlockDiagram:2775 - set Specific Code input for plugin: UART
2025-09-07 17:53:35,941 [INFO] BlockDiagram:2775 - set Specific Code input for plugin: GPIO
2025-09-07 17:53:35,942 [INFO] CodeGenerator:892 - code generatio: config db path: C:\ST\STM32CubeIDE_1.19.0\STM32CubeIDE\plugins\com.st.stm32cube.common.mx_6.15.0.202507011659\\db\
2025-09-07 17:53:35,997 [WARN] IP:2250 - OutPut1 not found: check if there is a RefParameter without a condition.
2025-09-07 17:53:35,998 [WARN] IP:2250 - OutPut2 not found: check if there is a RefParameter without a condition.
2025-09-07 17:53:35,999 [WARN] IP:2250 - OutPut3 not found: check if there is a RefParameter without a condition.
2025-09-07 17:53:36,299 [INFO] CodeEngine:265 - oldGeneratedFile, E:\projects\DevelopmentLevelCode\LineMonitorUART\LineMonitorUART\MXTmpFiles\license.tmp_save
2025-09-07 17:53:36,661 [INFO] CodeEngine:289 - Generated code: E:\projects\DevelopmentLevelCode\LineMonitorUART\LineMonitorUART\MXTmpFiles\license.tmp
2025-09-07 17:53:36,784 [INFO] CodeEngine:265 - oldGeneratedFile, E:\projects\DevelopmentLevelCode\LineMonitorUART\LineMonitorUART\MXTmpFiles\gpio.tmp_save
2025-09-07 17:53:36,995 [INFO] CodeEngine:289 - Generated code: E:\projects\DevelopmentLevelCode\LineMonitorUART\LineMonitorUART\MXTmpFiles\gpio.tmp
2025-09-07 17:53:38,802 [INFO] CodeEngine:265 - oldGeneratedFile, E:\projects\DevelopmentLevelCode\LineMonitorUART\LineMonitorUART\Core\Src\stm32g4xx_it.c_save
2025-09-07 17:53:39,240 [INFO] CodeEngine:289 - Generated code: E:\projects\DevelopmentLevelCode\LineMonitorUART\LineMonitorUART\Core\Src\stm32g4xx_it.c
2025-09-07 17:53:39,247 [INFO] CodeEngine:265 - oldGeneratedFile, E:\projects\DevelopmentLevelCode\LineMonitorUART\LineMonitorUART\Core\Inc\stm32g4xx_it.h_save
2025-09-07 17:53:39,386 [INFO] CodeEngine:289 - Generated code: E:\projects\DevelopmentLevelCode\LineMonitorUART\LineMonitorUART\Core\Inc\stm32g4xx_it.h
2025-09-07 17:53:39,405 [INFO] CodeEngine:265 - oldGeneratedFile, E:\projects\DevelopmentLevelCode\LineMonitorUART\LineMonitorUART\Core\Src\stm32g4xx_hal_msp.c_save
2025-09-07 17:53:39,728 [INFO] CodeEngine:289 - Generated code: E:\projects\DevelopmentLevelCode\LineMonitorUART\LineMonitorUART\Core\Src\stm32g4xx_hal_msp.c
2025-09-07 17:53:39,733 [INFO] CodeEngine:265 - oldGeneratedFile, E:\projects\DevelopmentLevelCode\LineMonitorUART\LineMonitorUART\MXTmpFiles\system.tmp_save
2025-09-07 17:53:39,862 [INFO] CodeEngine:289 - Generated code: E:\projects\DevelopmentLevelCode\LineMonitorUART\LineMonitorUART\MXTmpFiles\system.tmp
2025-09-07 17:53:39,873 [INFO] CodeEngine:321 - oldGeneratedFile, E:\projects\DevelopmentLevelCode\LineMonitorUART\LineMonitorUART\Core\Inc\stm32g4xx_hal_conf.h_save
2025-09-07 17:53:40,015 [INFO] CodeEngine:345 - Generated code: E:\projects\DevelopmentLevelCode\LineMonitorUART\LineMonitorUART\Core\Inc\stm32g4xx_hal_conf.h
2025-09-07 17:53:40,034 [WARN] IPConfigManager:3238 - Warning: the RefConfig RCC_CommonPeriphClockConfig is not available in your config.xml file
2025-09-07 17:53:40,039 [WARN] IPConfigManager:3811 - IP not found : TIM
2025-09-07 17:53:40,040 [WARN] CodeGenerator:4259 - IP not found : null
2025-09-07 17:53:40,053 [INFO] CodeEngine:265 - oldGeneratedFile, E:\projects\DevelopmentLevelCode\LineMonitorUART\LineMonitorUART\Core\Inc\main.h_save
2025-09-07 17:53:40,248 [INFO] CodeEngine:289 - Generated code: E:\projects\DevelopmentLevelCode\LineMonitorUART\LineMonitorUART\Core\Inc\main.h
2025-09-07 17:53:40,254 [INFO] CodeEngine:265 - oldGeneratedFile, E:\projects\DevelopmentLevelCode\LineMonitorUART\LineMonitorUART\Core\Src\main.c_save
2025-09-07 17:53:40,574 [INFO] CodeEngine:289 - Generated code: E:\projects\DevelopmentLevelCode\LineMonitorUART\LineMonitorUART\Core\Src\main.c
2025-09-07 17:53:41,137 [INFO] ProjectBuilder:3606 - Time for Copy HAL[1] : 204mS.
2025-09-07 17:53:41,143 [INFO] ProjectBuilder:5216 - Project Generator version: 4.7.0-B52
2025-09-07 17:53:41,250 [INFO] ConfigFileManager:1595 - The Die is : DIE468
2025-09-07 17:53:42,608 [INFO] ProjectBuilder:5496 - Time for Generating toolchain IDE Files: 1465mS.
2025-09-07 17:53:42,609 [INFO] ProjectBuilder:3463 - Time for Copy CMSIS : 1mS.
2025-09-07 17:53:42,612 [INFO] ProjectBuilder:3463 - Time for Copy CMSIS : 1mS.
2025-09-07 17:57:08,473 [INFO] NvicIntPanel:101 - NVIC parent = com.st.microxplorer.plugins.ip.nvic.MultiNvicIntPanel[,0,0,450x240,layout=javax.swing.BoxLayout,alignmentX=0.0,alignmentY=0.0,border=,flags=9,maximumSize=,minimumSize=,preferredSize=]
2025-09-07 17:57:10,306 [INFO] NvicIntPanel:101 - NVIC parent = com.st.microxplorer.plugins.ip.nvic.MultiNvicIntPanel[,0,0,0x0,invalid,layout=javax.swing.BoxLayout,alignmentX=0.0,alignmentY=0.0,border=,flags=9,maximumSize=,minimumSize=,preferredSize=]
2025-09-07 17:57:17,641 [INFO] NvicIntPanel:101 - NVIC parent = com.st.microxplorer.plugins.ip.nvic.MultiNvicIntPanel[,0,0,450x240,layout=javax.swing.BoxLayout,alignmentX=0.0,alignmentY=0.0,border=,flags=9,maximumSize=,minimumSize=,preferredSize=]
2025-09-07 17:57:26,576 [INFO] NvicIntPanel:101 - NVIC parent = com.st.microxplorer.plugins.ip.nvic.MultiNvicIntPanel[,0,0,0x0,invalid,layout=javax.swing.BoxLayout,alignmentX=0.0,alignmentY=0.0,border=,flags=9,maximumSize=,minimumSize=,preferredSize=]
2025-09-07 17:57:31,226 [INFO] NvicIntPanel:101 - NVIC parent = com.st.microxplorer.plugins.ip.nvic.MultiNvicIntPanel[,0,0,0x0,invalid,layout=javax.swing.BoxLayout,alignmentX=0.0,alignmentY=0.0,border=,flags=9,maximumSize=,minimumSize=,preferredSize=]
2025-09-07 17:57:54,506 [INFO] NvicIntPanel:101 - NVIC parent = com.st.microxplorer.plugins.ip.nvic.MultiNvicIntPanel[,0,0,0x0,invalid,layout=javax.swing.BoxLayout,alignmentX=0.0,alignmentY=0.0,border=,flags=9,maximumSize=,minimumSize=,preferredSize=]
2025-09-07 17:58:02,400 [INFO] NvicIntPanel:101 - NVIC parent = com.st.microxplorer.plugins.ip.nvic.MultiNvicIntPanel[,0,0,0x0,invalid,layout=javax.swing.BoxLayout,alignmentX=0.0,alignmentY=0.0,border=,flags=9,maximumSize=,minimumSize=,preferredSize=]
2025-09-07 17:58:04,478 [INFO] NvicIntPanel:101 - NVIC parent = com.st.microxplorer.plugins.ip.nvic.MultiNvicIntPanel[,0,0,0x0,invalid,layout=javax.swing.BoxLayout,alignmentX=0.0,alignmentY=0.0,border=,flags=9,maximumSize=,minimumSize=,preferredSize=]
2025-09-07 17:58:05,401 [INFO] NvicIntPanel:101 - NVIC parent = com.st.microxplorer.plugins.ip.nvic.MultiNvicIntPanel[,0,0,0x0,invalid,layout=javax.swing.BoxLayout,alignmentX=0.0,alignmentY=0.0,border=,flags=9,maximumSize=,minimumSize=,preferredSize=]
2025-09-07 17:58:06,104 [INFO] NvicIntPanel:101 - NVIC parent = com.st.microxplorer.plugins.ip.nvic.MultiNvicIntPanel[,0,0,0x0,invalid,layout=javax.swing.BoxLayout,alignmentX=0.0,alignmentY=0.0,border=,flags=9,maximumSize=,minimumSize=,preferredSize=]
2025-09-07 17:58:27,619 [INFO] NvicIntPanel:101 - NVIC parent = com.st.microxplorer.plugins.ip.nvic.MultiNvicIntPanel[,0,0,450x191,layout=javax.swing.BoxLayout,alignmentX=0.0,alignmentY=0.0,border=,flags=9,maximumSize=,minimumSize=,preferredSize=]
2025-09-07 17:58:34,280 [INFO] NvicIntPanel:101 - NVIC parent = com.st.microxplorer.plugins.ip.nvic.MultiNvicIntPanel[,0,0,0x0,invalid,layout=javax.swing.BoxLayout,alignmentX=0.0,alignmentY=0.0,border=,flags=9,maximumSize=,minimumSize=,preferredSize=]
2025-09-07 17:58:34,435 [INFO] NvicIntPanel:101 - NVIC parent = com.st.microxplorer.plugins.ip.nvic.MultiNvicIntPanel[,0,0,0x0,invalid,layout=javax.swing.BoxLayout,alignmentX=0.0,alignmentY=0.0,border=,flags=9,maximumSize=,minimumSize=,preferredSize=]
2025-09-07 17:58:47,939 [INFO] NvicIntPanel:101 - NVIC parent = com.st.microxplorer.plugins.ip.nvic.MultiNvicIntPanel[,0,0,0x0,invalid,layout=javax.swing.BoxLayout,alignmentX=0.0,alignmentY=0.0,border=,flags=9,maximumSize=,minimumSize=,preferredSize=]
2025-09-07 17:58:53,351 [INFO] NvicIntPanel:101 - NVIC parent = com.st.microxplorer.plugins.ip.nvic.MultiNvicIntPanel[,0,0,0x0,invalid,layout=javax.swing.BoxLayout,alignmentX=0.0,alignmentY=0.0,border=,flags=9,maximumSize=,minimumSize=,preferredSize=]
2025-09-07 17:59:00,187 [INFO] UtilMem:75 - End SaveConfig() Used Memory: 554989592 Bytes (943718400)
2025-09-07 17:59:00,944 [INFO] UtilMem:75 - End SaveConfig() Used Memory: 572223440 Bytes (943718400)
2025-09-07 17:59:02,258 [INFO] UtilMem:75 - End SaveConfig() Used Memory: 646672336 Bytes (943718400)
2025-09-07 17:59:02,511 [INFO] BlockDiagram:2775 - set Specific Code input for plugin: SPI
2025-09-07 17:59:02,511 [INFO] BlockDiagram:2775 - set Specific Code input for plugin: IWDG
2025-09-07 17:59:02,511 [INFO] BlockDiagram:2775 - set Specific Code input for plugin: DAC
2025-09-07 17:59:02,511 [INFO] BlockDiagram:2775 - set Specific Code input for plugin: TIM1_8G4
2025-09-07 17:59:02,511 [INFO] BlockDiagram:2775 - set Specific Code input for plugin: TIM1_8G4
2025-09-07 17:59:02,511 [INFO] BlockDiagram:2775 - set Specific Code input for plugin: TIM1_8G4
2025-09-07 17:59:02,512 [INFO] BlockDiagram:2775 - set Specific Code input for plugin: ADC
2025-09-07 17:59:02,512 [INFO] BlockDiagram:2775 - set Specific Code input for plugin: SYS
2025-09-07 17:59:02,512 [INFO] BlockDiagram:2775 - set Specific Code input for plugin: ADC
2025-09-07 17:59:02,512 [INFO] BlockDiagram:2775 - set Specific Code input for plugin: RCC
2025-09-07 17:59:02,512 [INFO] BlockDiagram:2775 - set Specific Code input for plugin: I2C
2025-09-07 17:59:02,512 [INFO] BlockDiagram:2775 - set Specific Code input for plugin: RTC
2025-09-07 17:59:02,512 [INFO] BlockDiagram:2775 - set Specific Code input for plugin: NVIC
2025-09-07 17:59:02,512 [INFO] BlockDiagram:2775 - set Specific Code input for plugin: USART
2025-09-07 17:59:02,512 [INFO] BlockDiagram:2775 - set Specific Code input for plugin: USART
2025-09-07 17:59:02,512 [INFO] BlockDiagram:2775 - set Specific Code input for plugin: UART
2025-09-07 17:59:02,512 [INFO] BlockDiagram:2775 - set Specific Code input for plugin: GPIO
2025-09-07 17:59:02,513 [INFO] CodeGenerator:892 - code generatio: config db path: C:\ST\STM32CubeIDE_1.19.0\STM32CubeIDE\plugins\com.st.stm32cube.common.mx_6.15.0.202507011659\\db\
2025-09-07 17:59:02,560 [WARN] IP:2250 - OutPut1 not found: check if there is a RefParameter without a condition.
2025-09-07 17:59:02,561 [WARN] IP:2250 - OutPut2 not found: check if there is a RefParameter without a condition.
2025-09-07 17:59:02,561 [WARN] IP:2250 - OutPut3 not found: check if there is a RefParameter without a condition.
2025-09-07 17:59:02,767 [INFO] CodeEngine:265 - oldGeneratedFile, E:\projects\DevelopmentLevelCode\LineMonitorUART\LineMonitorUART\MXTmpFiles\license.tmp_save
2025-09-07 17:59:03,031 [INFO] CodeEngine:289 - Generated code: E:\projects\DevelopmentLevelCode\LineMonitorUART\LineMonitorUART\MXTmpFiles\license.tmp
2025-09-07 17:59:03,151 [INFO] CodeEngine:265 - oldGeneratedFile, E:\projects\DevelopmentLevelCode\LineMonitorUART\LineMonitorUART\MXTmpFiles\gpio.tmp_save
2025-09-07 17:59:03,348 [INFO] CodeEngine:289 - Generated code: E:\projects\DevelopmentLevelCode\LineMonitorUART\LineMonitorUART\MXTmpFiles\gpio.tmp
2025-09-07 17:59:04,721 [INFO] CodeEngine:265 - oldGeneratedFile, E:\projects\DevelopmentLevelCode\LineMonitorUART\LineMonitorUART\Core\Src\stm32g4xx_it.c_save
2025-09-07 17:59:04,845 [INFO] CodeEngine:289 - Generated code: E:\projects\DevelopmentLevelCode\LineMonitorUART\LineMonitorUART\Core\Src\stm32g4xx_it.c
2025-09-07 17:59:04,851 [INFO] CodeEngine:265 - oldGeneratedFile, E:\projects\DevelopmentLevelCode\LineMonitorUART\LineMonitorUART\Core\Inc\stm32g4xx_it.h_save
2025-09-07 17:59:04,934 [INFO] CodeEngine:289 - Generated code: E:\projects\DevelopmentLevelCode\LineMonitorUART\LineMonitorUART\Core\Inc\stm32g4xx_it.h
2025-09-07 17:59:04,952 [INFO] CodeEngine:265 - oldGeneratedFile, E:\projects\DevelopmentLevelCode\LineMonitorUART\LineMonitorUART\Core\Src\stm32g4xx_hal_msp.c_save
2025-09-07 17:59:05,155 [INFO] CodeEngine:289 - Generated code: E:\projects\DevelopmentLevelCode\LineMonitorUART\LineMonitorUART\Core\Src\stm32g4xx_hal_msp.c
2025-09-07 17:59:05,159 [INFO] CodeEngine:265 - oldGeneratedFile, E:\projects\DevelopmentLevelCode\LineMonitorUART\LineMonitorUART\MXTmpFiles\system.tmp_save
2025-09-07 17:59:05,234 [INFO] CodeEngine:289 - Generated code: E:\projects\DevelopmentLevelCode\LineMonitorUART\LineMonitorUART\MXTmpFiles\system.tmp
2025-09-07 17:59:05,245 [INFO] CodeEngine:321 - oldGeneratedFile, E:\projects\DevelopmentLevelCode\LineMonitorUART\LineMonitorUART\Core\Inc\stm32g4xx_hal_conf.h_save
2025-09-07 17:59:05,327 [INFO] CodeEngine:345 - Generated code: E:\projects\DevelopmentLevelCode\LineMonitorUART\LineMonitorUART\Core\Inc\stm32g4xx_hal_conf.h
2025-09-07 17:59:05,344 [WARN] IPConfigManager:3238 - Warning: the RefConfig RCC_CommonPeriphClockConfig is not available in your config.xml file
2025-09-07 17:59:05,349 [WARN] IPConfigManager:3811 - IP not found : TIM
2025-09-07 17:59:05,350 [WARN] CodeGenerator:4259 - IP not found : null
2025-09-07 17:59:05,381 [INFO] CodeEngine:265 - oldGeneratedFile, E:\projects\DevelopmentLevelCode\LineMonitorUART\LineMonitorUART\Core\Inc\main.h_save
2025-09-07 17:59:05,471 [INFO] CodeEngine:289 - Generated code: E:\projects\DevelopmentLevelCode\LineMonitorUART\LineMonitorUART\Core\Inc\main.h
2025-09-07 17:59:05,479 [INFO] CodeEngine:265 - oldGeneratedFile, E:\projects\DevelopmentLevelCode\LineMonitorUART\LineMonitorUART\Core\Src\main.c_save
2025-09-07 17:59:05,678 [INFO] CodeEngine:289 - Generated code: E:\projects\DevelopmentLevelCode\LineMonitorUART\LineMonitorUART\Core\Src\main.c
2025-09-07 17:59:06,220 [INFO] ProjectBuilder:3606 - Time for Copy HAL[1] : 200mS.
2025-09-07 17:59:06,226 [INFO] ProjectBuilder:5216 - Project Generator version: 4.7.0-B52
2025-09-07 17:59:06,331 [INFO] ConfigFileManager:1595 - The Die is : DIE468
2025-09-07 17:59:07,461 [INFO] ProjectBuilder:5496 - Time for Generating toolchain IDE Files: 1235mS.
2025-09-07 17:59:07,461 [INFO] ProjectBuilder:3463 - Time for Copy CMSIS : 0mS.
2025-09-07 17:59:07,463 [INFO] ProjectBuilder:3463 - Time for Copy CMSIS : 0mS.
2025-09-07 18:15:22,758 [INFO] WebApp:194 - Connection lost
2025-09-07 18:15:23,704 [INFO] WebApp:191 - Connection restablished
2025-09-07 18:38:10,141 [INFO] NvicIntPanel:101 - NVIC parent = com.st.microxplorer.plugins.ip.nvic.MultiNvicIntPanel[,0,0,0x0,invalid,layout=javax.swing.BoxLayout,alignmentX=0.0,alignmentY=0.0,border=,flags=9,maximumSize=,minimumSize=,preferredSize=]
2025-09-07 18:38:11,097 [INFO] NvicIntPanel:101 - NVIC parent = com.st.microxplorer.plugins.ip.nvic.MultiNvicIntPanel[,0,0,0x0,invalid,layout=javax.swing.BoxLayout,alignmentX=0.0,alignmentY=0.0,border=,flags=9,maximumSize=,minimumSize=,preferredSize=]
2025-09-07 18:38:12,526 [INFO] NvicIntPanel:101 - NVIC parent = com.st.microxplorer.plugins.ip.nvic.MultiNvicIntPanel[,0,0,0x0,invalid,layout=javax.swing.BoxLayout,alignmentX=0.0,alignmentY=0.0,border=,flags=9,maximumSize=,minimumSize=,preferredSize=]
2025-09-07 18:40:32,319 [INFO] NvicIntPanel:101 - NVIC parent = com.st.microxplorer.plugins.ip.nvic.MultiNvicIntPanel[,0,0,450x262,layout=javax.swing.BoxLayout,alignmentX=0.0,alignmentY=0.0,border=,flags=9,maximumSize=,minimumSize=,preferredSize=]
2025-09-07 18:40:36,159 [INFO] NvicIntPanel:101 - NVIC parent = com.st.microxplorer.plugins.ip.nvic.MultiNvicIntPanel[,0,0,0x0,invalid,layout=javax.swing.BoxLayout,alignmentX=0.0,alignmentY=0.0,border=,flags=9,maximumSize=,minimumSize=,preferredSize=]
2025-09-07 18:40:37,246 [INFO] NvicIntPanel:101 - NVIC parent = com.st.microxplorer.plugins.ip.nvic.MultiNvicIntPanel[,0,0,0x0,invalid,layout=javax.swing.BoxLayout,alignmentX=0.0,alignmentY=0.0,border=,flags=9,maximumSize=,minimumSize=,preferredSize=]
2025-09-07 18:40:41,328 [INFO] UtilMem:75 - End SaveConfig() Used Memory: 481872968 Bytes (943718400)
2025-09-07 18:40:42,194 [INFO] UtilMem:75 - End SaveConfig() Used Memory: 500221000 Bytes (943718400)
2025-09-07 18:40:43,968 [INFO] UtilMem:75 - End SaveConfig() Used Memory: 651742280 Bytes (943718400)
2025-09-07 18:40:44,416 [INFO] BlockDiagram:2775 - set Specific Code input for plugin: SPI
2025-09-07 18:40:44,416 [INFO] BlockDiagram:2775 - set Specific Code input for plugin: IWDG
2025-09-07 18:40:44,416 [INFO] BlockDiagram:2775 - set Specific Code input for plugin: DAC
2025-09-07 18:40:44,416 [INFO] BlockDiagram:2775 - set Specific Code input for plugin: TIM1_8G4
2025-09-07 18:40:44,416 [INFO] BlockDiagram:2775 - set Specific Code input for plugin: TIM1_8G4
2025-09-07 18:40:44,416 [INFO] BlockDiagram:2775 - set Specific Code input for plugin: TIM1_8G4
2025-09-07 18:40:44,416 [INFO] BlockDiagram:2775 - set Specific Code input for plugin: TIM1_8G4
2025-09-07 18:40:44,416 [INFO] BlockDiagram:2775 - set Specific Code input for plugin: ADC
2025-09-07 18:40:44,417 [INFO] BlockDiagram:2775 - set Specific Code input for plugin: SYS
2025-09-07 18:40:44,417 [INFO] BlockDiagram:2775 - set Specific Code input for plugin: ADC
2025-09-07 18:40:44,417 [INFO] BlockDiagram:2775 - set Specific Code input for plugin: RCC
2025-09-07 18:40:44,417 [INFO] BlockDiagram:2775 - set Specific Code input for plugin: I2C
2025-09-07 18:40:44,417 [INFO] BlockDiagram:2775 - set Specific Code input for plugin: RTC
2025-09-07 18:40:44,417 [INFO] BlockDiagram:2775 - set Specific Code input for plugin: NVIC
2025-09-07 18:40:44,417 [INFO] BlockDiagram:2775 - set Specific Code input for plugin: USART
2025-09-07 18:40:44,417 [INFO] BlockDiagram:2775 - set Specific Code input for plugin: USART
2025-09-07 18:40:44,418 [INFO] BlockDiagram:2775 - set Specific Code input for plugin: UART
2025-09-07 18:40:44,418 [INFO] BlockDiagram:2775 - set Specific Code input for plugin: GPIO
2025-09-07 18:40:44,419 [INFO] CodeGenerator:892 - code generatio: config db path: C:\ST\STM32CubeIDE_1.19.0\STM32CubeIDE\plugins\com.st.stm32cube.common.mx_6.15.0.202507011659\\db\
2025-09-07 18:40:44,468 [WARN] IP:2250 - OutPut1 not found: check if there is a RefParameter without a condition.
2025-09-07 18:40:44,468 [WARN] IP:2250 - OutPut2 not found: check if there is a RefParameter without a condition.
2025-09-07 18:40:44,468 [WARN] IP:2250 - OutPut3 not found: check if there is a RefParameter without a condition.
2025-09-07 18:40:44,716 [INFO] CodeEngine:265 - oldGeneratedFile, E:\projects\DevelopmentLevelCode\LineMonitorUART\LineMonitorUART\MXTmpFiles\license.tmp_save
2025-09-07 18:40:45,082 [INFO] CodeEngine:289 - Generated code: E:\projects\DevelopmentLevelCode\LineMonitorUART\LineMonitorUART\MXTmpFiles\license.tmp
2025-09-07 18:40:45,199 [INFO] CodeEngine:265 - oldGeneratedFile, E:\projects\DevelopmentLevelCode\LineMonitorUART\LineMonitorUART\MXTmpFiles\gpio.tmp_save
2025-09-07 18:40:45,412 [INFO] CodeEngine:289 - Generated code: E:\projects\DevelopmentLevelCode\LineMonitorUART\LineMonitorUART\MXTmpFiles\gpio.tmp
2025-09-07 18:40:47,082 [INFO] CodeEngine:265 - oldGeneratedFile, E:\projects\DevelopmentLevelCode\LineMonitorUART\LineMonitorUART\Core\Src\stm32g4xx_it.c_save
2025-09-07 18:40:47,521 [INFO] CodeEngine:289 - Generated code: E:\projects\DevelopmentLevelCode\LineMonitorUART\LineMonitorUART\Core\Src\stm32g4xx_it.c
2025-09-07 18:40:47,528 [INFO] CodeEngine:265 - oldGeneratedFile, E:\projects\DevelopmentLevelCode\LineMonitorUART\LineMonitorUART\Core\Inc\stm32g4xx_it.h_save
2025-09-07 18:40:47,662 [INFO] CodeEngine:289 - Generated code: E:\projects\DevelopmentLevelCode\LineMonitorUART\LineMonitorUART\Core\Inc\stm32g4xx_it.h
2025-09-07 18:40:47,682 [INFO] CodeEngine:265 - oldGeneratedFile, E:\projects\DevelopmentLevelCode\LineMonitorUART\LineMonitorUART\Core\Src\stm32g4xx_hal_msp.c_save
2025-09-07 18:40:48,013 [INFO] CodeEngine:289 - Generated code: E:\projects\DevelopmentLevelCode\LineMonitorUART\LineMonitorUART\Core\Src\stm32g4xx_hal_msp.c
2025-09-07 18:40:48,019 [INFO] CodeEngine:265 - oldGeneratedFile, E:\projects\DevelopmentLevelCode\LineMonitorUART\LineMonitorUART\MXTmpFiles\system.tmp_save
2025-09-07 18:40:48,150 [INFO] CodeEngine:289 - Generated code: E:\projects\DevelopmentLevelCode\LineMonitorUART\LineMonitorUART\MXTmpFiles\system.tmp
2025-09-07 18:40:48,163 [INFO] CodeEngine:321 - oldGeneratedFile, E:\projects\DevelopmentLevelCode\LineMonitorUART\LineMonitorUART\Core\Inc\stm32g4xx_hal_conf.h_save
2025-09-07 18:40:48,258 [INFO] CodeEngine:345 - Generated code: E:\projects\DevelopmentLevelCode\LineMonitorUART\LineMonitorUART\Core\Inc\stm32g4xx_hal_conf.h
2025-09-07 18:40:48,278 [WARN] IPConfigManager:3238 - Warning: the RefConfig RCC_CommonPeriphClockConfig is not available in your config.xml file
2025-09-07 18:40:48,283 [WARN] IPConfigManager:3811 - IP not found : TIM
2025-09-07 18:40:48,284 [WARN] CodeGenerator:4259 - IP not found : null
2025-09-07 18:40:48,294 [INFO] CodeEngine:265 - oldGeneratedFile, E:\projects\DevelopmentLevelCode\LineMonitorUART\LineMonitorUART\Core\Inc\main.h_save
2025-09-07 18:40:48,447 [INFO] CodeEngine:289 - Generated code: E:\projects\DevelopmentLevelCode\LineMonitorUART\LineMonitorUART\Core\Inc\main.h
2025-09-07 18:40:48,453 [INFO] CodeEngine:265 - oldGeneratedFile, E:\projects\DevelopmentLevelCode\LineMonitorUART\LineMonitorUART\Core\Src\main.c_save
2025-09-07 18:40:48,676 [INFO] CodeEngine:289 - Generated code: E:\projects\DevelopmentLevelCode\LineMonitorUART\LineMonitorUART\Core\Src\main.c
2025-09-07 18:40:49,192 [INFO] ProjectBuilder:3606 - Time for Copy HAL[1] : 198mS.
2025-09-07 18:40:49,196 [INFO] ProjectBuilder:5216 - Project Generator version: 4.7.0-B52
2025-09-07 18:40:49,310 [INFO] ConfigFileManager:1595 - The Die is : DIE468
2025-09-07 18:40:50,459 [INFO] ProjectBuilder:5496 - Time for Generating toolchain IDE Files: 1262mS.
2025-09-07 18:40:50,459 [INFO] ProjectBuilder:3463 - Time for Copy CMSIS : 0mS.
2025-09-07 18:40:50,461 [INFO] ProjectBuilder:3463 - Time for Copy CMSIS : 0mS.
2025-09-07 18:51:47,618 [WARN] IP:2250 - OutPut1 not found: check if there is a RefParameter without a condition.
2025-09-07 18:51:47,618 [WARN] IP:2250 - OutPut2 not found: check if there is a RefParameter without a condition.
2025-09-07 18:51:47,618 [WARN] IP:2250 - OutPut3 not found: check if there is a RefParameter without a condition.
2025-09-07 18:51:47,619 [WARN] IP:2250 - OutPut1 not found: check if there is a RefParameter without a condition.
2025-09-07 18:51:47,619 [WARN] IP:2250 - OutPut2 not found: check if there is a RefParameter without a condition.
2025-09-07 18:51:47,619 [WARN] IP:2250 - OutPut3 not found: check if there is a RefParameter without a condition.
2025-09-07 18:51:47,852 [INFO] NvicIntPanel:101 - NVIC parent = com.st.microxplorer.plugins.ip.nvic.MultiNvicIntPanel[,0,0,0x0,invalid,layout=javax.swing.BoxLayout,alignmentX=0.0,alignmentY=0.0,border=,flags=9,maximumSize=,minimumSize=,preferredSize=]
2025-09-07 18:51:48,110 [INFO] I2cTimingTraitement:330 - 0x10C18DCC
2025-09-07 18:51:48,363 [WARN] IP:2250 - OutPut1 not found: check if there is a RefParameter without a condition.
2025-09-07 18:51:48,363 [WARN] IP:2250 - OutPut2 not found: check if there is a RefParameter without a condition.
2025-09-07 18:51:48,363 [WARN] IP:2250 - OutPut3 not found: check if there is a RefParameter without a condition.
2025-09-07 18:51:48,366 [WARN] IP:2250 - OutPut1 not found: check if there is a RefParameter without a condition.
2025-09-07 18:51:48,366 [WARN] IP:2250 - OutPut2 not found: check if there is a RefParameter without a condition.
2025-09-07 18:51:48,366 [WARN] IP:2250 - OutPut3 not found: check if there is a RefParameter without a condition.
2025-09-07 18:51:48,492 [INFO] NvicIntPanel:101 - NVIC parent = com.st.microxplorer.plugins.ip.nvic.MultiNvicIntPanel[,0,0,0x0,invalid,layout=javax.swing.BoxLayout,alignmentX=0.0,alignmentY=0.0,border=,flags=9,maximumSize=,minimumSize=,preferredSize=]
2025-09-07 18:51:48,762 [WARN] IP:2250 - OutPut1 not found: check if there is a RefParameter without a condition.
2025-09-07 18:51:48,762 [WARN] IP:2250 - OutPut2 not found: check if there is a RefParameter without a condition.
2025-09-07 18:51:48,762 [WARN] IP:2250 - OutPut3 not found: check if there is a RefParameter without a condition.
2025-09-07 18:51:48,762 [WARN] IP:2250 - OutPut1 not found: check if there is a RefParameter without a condition.
2025-09-07 18:51:48,763 [WARN] IP:2250 - OutPut2 not found: check if there is a RefParameter without a condition.
2025-09-07 18:51:48,763 [WARN] IP:2250 - OutPut3 not found: check if there is a RefParameter without a condition.
2025-09-07 18:51:48,883 [INFO] NvicIntPanel:101 - NVIC parent = com.st.microxplorer.plugins.ip.nvic.MultiNvicIntPanel[,0,0,0x0,invalid,layout=javax.swing.BoxLayout,alignmentX=0.0,alignmentY=0.0,border=,flags=9,maximumSize=,minimumSize=,preferredSize=]
2025-09-07 18:51:53,198 [INFO] NvicIntPanel:101 - NVIC parent = com.st.microxplorer.plugins.ip.nvic.MultiNvicIntPanel[,0,0,0x0,invalid,layout=javax.swing.BoxLayout,alignmentX=0.0,alignmentY=0.0,border=,flags=9,maximumSize=,minimumSize=,preferredSize=]
2025-09-07 19:00:09,996 [WARN] IP:2250 - OutPut1 not found: check if there is a RefParameter without a condition.
2025-09-07 19:00:09,996 [WARN] IP:2250 - OutPut2 not found: check if there is a RefParameter without a condition.
2025-09-07 19:00:09,996 [WARN] IP:2250 - OutPut3 not found: check if there is a RefParameter without a condition.
2025-09-07 19:00:09,996 [WARN] IP:2250 - OutPut1 not found: check if there is a RefParameter without a condition.
2025-09-07 19:00:09,996 [WARN] IP:2250 - OutPut2 not found: check if there is a RefParameter without a condition.
2025-09-07 19:00:09,996 [WARN] IP:2250 - OutPut3 not found: check if there is a RefParameter without a condition.
2025-09-07 19:00:10,147 [INFO] I2cTimingTraitement:330 - 0x10C18DCC
2025-09-07 19:00:10,391 [WARN] IP:2250 - OutPut1 not found: check if there is a RefParameter without a condition.
2025-09-07 19:00:10,391 [WARN] IP:2250 - OutPut2 not found: check if there is a RefParameter without a condition.
2025-09-07 19:00:10,391 [WARN] IP:2250 - OutPut3 not found: check if there is a RefParameter without a condition.
2025-09-07 19:00:10,391 [WARN] IP:2250 - OutPut1 not found: check if there is a RefParameter without a condition.
2025-09-07 19:00:10,391 [WARN] IP:2250 - OutPut2 not found: check if there is a RefParameter without a condition.
2025-09-07 19:00:10,391 [WARN] IP:2250 - OutPut3 not found: check if there is a RefParameter without a condition.
2025-09-07 19:00:10,718 [WARN] IP:2250 - OutPut1 not found: check if there is a RefParameter without a condition.
2025-09-07 19:00:10,718 [WARN] IP:2250 - OutPut2 not found: check if there is a RefParameter without a condition.
2025-09-07 19:00:10,718 [WARN] IP:2250 - OutPut3 not found: check if there is a RefParameter without a condition.
2025-09-07 19:00:10,718 [WARN] IP:2250 - OutPut1 not found: check if there is a RefParameter without a condition.
2025-09-07 19:00:10,718 [WARN] IP:2250 - OutPut2 not found: check if there is a RefParameter without a condition.
2025-09-07 19:00:10,718 [WARN] IP:2250 - OutPut3 not found: check if there is a RefParameter without a condition.
2025-09-07 19:03:28,744 [INFO] WebApp:194 - Connection lost
2025-09-07 19:03:29,021 [INFO] WebApp:191 - Connection restablished
